Factor,FA_VarianceExplained_%,PCA_VarianceExplained_%,ANOVA_F_stat,ANOVA_p_value,Corr_Mitoxyperilysis,Corr_Mitoxy_pval,Corr_Neutrophils,Corr_Monocytes,Mean_Healthy_Control,Mean_Sepsis,Mean_Sepsis_COVID,Sepsis_vs_Healthy_Control_diff,Sepsis_COVID_vs_Healthy_Control_diff,gene_set_version,score_version
Factor_1,0.506,23.65,39.076,3.43e-16,0.6282,2.00e-44,0.1466,-0.1711,0.9182,0.0284,-0.5849,-0.8897,-1.5031,Mitoxy-80_v1.0,NA
Factor_2,0.505,14.778,14.6672,7.23e-07,0.3632,1.15e-13,-0.0766,-0.0201,-0.5388,0.1753,-0.2795,0.7141,0.2592,Mitoxy-80_v1.0,NA
Factor_3,0.502,6.971,31.9659,1.40e-13,-0.1303,9.82e-03,-0.053,0.0989,-1.0478,0.1474,0.0841,1.1952,1.1319,Mitoxy-80_v1.0,NA
Factor_4,0.5,5.764,26.0876,2.34e-11,-0.379,7.74e-15,-0.212,-0.1332,-0.5586,-0.093,0.6014,0.4656,1.1601,Mitoxy-80_v1.0,NA
Factor_5,0.499,4.729,69.684,1.36e-26,0.2673,7.69e-08,-0.1557,0.0984,-0.7979,0.3502,-0.7079,1.1481,0.09,Mitoxy-80_v1.0,NA
Factor_6,0.491,3.773,4.5466,1.12e-02,0.144,4.27e-03,-0.0495,0.1912,-0.0479,-0.0809,0.2883,-0.033,0.3362,Mitoxy-80_v1.0,NA
Factor_7,0.49,3.057,23.9968,1.49e-10,-0.21,2.76e-05,0.0536,-0.0275,0.6964,-0.2126,0.3162,-0.909,-0.3802,Mitoxy-80_v1.0,NA
Factor_8,0.487,2.8,0.3392,7.13e-01,-0.2645,1.06e-07,0.1964,-0.1813,-0.0248,0.0267,-0.0732,0.0515,-0.0484,Mitoxy-80_v1.0,NA
Factor_9,0.483,2.271,24.4274,1.02e-10,0.0209,6.80e-01,-0.145,-0.2485,-0.1551,-0.1697,0.6338,-0.0146,0.7889,Mitoxy-80_v1.0,NA
Factor_10,0.472,1.894,5.5173,4.34e-03,-0.0238,6.39e-01,-0.1513,-0.0668,0.2666,0.0423,-0.2803,-0.2243,-0.547,Mitoxy-80_v1.0,NA
