cell_type,pseudotime_type,score_name,spearman_rho,p_value,n_cells,significant,dataset,gene_set_version,score_version
B_cell,velocity,mitoxy_MAM_integrity,0.0072,4.74e-01,9840,False,Combined_GSE145926_GSE158055,Mitoxy-80_v1.0,score_genes_v1
B_cell,dpt,mitoxy_MAM_integrity,0.011,2.77e-01,9840,False,Combined_GSE145926_GSE158055,Mitoxy-80_v1.0,score_genes_v1
B_cell,velocity,mitoxy_cell_death_markers,-0.0219,3.00e-02,9840,True,Combined_GSE145926_GSE158055,Mitoxy-80_v1.0,score_genes_v1
B_cell,dpt,mitoxy_cell_death_markers,-0.0158,1.18e-01,9840,False,Combined_GSE145926_GSE158055,Mitoxy-80_v1.0,score_genes_v1
B_cell,velocity,mitoxy_mitochondrial_iron_m,-0.0958,1.67e-21,9840,True,Combined_GSE145926_GSE158055,Mitoxy-80_v1.0,score_genes_v1
B_cell,dpt,mitoxy_mitochondrial_iron_m,-0.0801,1.82e-15,9840,True,Combined_GSE145926_GSE158055,Mitoxy-80_v1.0,score_genes_v1
B_cell,velocity,mitoxy_mitochondrial_oxidat,-0.0391,1.06e-04,9840,True,Combined_GSE145926_GSE158055,Mitoxy-80_v1.0,score_genes_v1
B_cell,dpt,mitoxy_mitochondrial_oxidat,-0.0218,3.07e-02,9840,True,Combined_GSE145926_GSE158055,Mitoxy-80_v1.0,score_genes_v1
B_cell,velocity,mitoxy_mitochondrial_respir,0.0049,6.30e-01,9840,False,Combined_GSE145926_GSE158055,Mitoxy-80_v1.0,score_genes_v1
B_cell,dpt,mitoxy_mitochondrial_respir,-0.0028,7.81e-01,9840,False,Combined_GSE145926_GSE158055,Mitoxy-80_v1.0,score_genes_v1
B_cell,velocity,mitoxyperilysis_score,-0.0399,7.42e-05,9840,True,Combined_GSE145926_GSE158055,Mitoxy-80_v1.0,score_genes_v1
B_cell,dpt,mitoxyperilysis_score,-0.0254,1.17e-02,9840,True,Combined_GSE145926_GSE158055,Mitoxy-80_v1.0,score_genes_v1
Club,velocity,mitoxy_MAM_integrity,0.053,7.17e-02,1154,False,Combined_GSE145926_GSE158055,Mitoxy-80_v1.0,score_genes_v1
Club,dpt,mitoxy_MAM_integrity,0.0585,4.70e-02,1154,True,Combined_GSE145926_GSE158055,Mitoxy-80_v1.0,score_genes_v1
Club,velocity,mitoxy_cell_death_markers,0.0454,1.24e-01,1154,False,Combined_GSE145926_GSE158055,Mitoxy-80_v1.0,score_genes_v1
Club,dpt,mitoxy_cell_death_markers,0.0409,1.65e-01,1154,False,Combined_GSE145926_GSE158055,Mitoxy-80_v1.0,score_genes_v1
Club,velocity,mitoxy_mitochondrial_iron_m,-0.0021,9.43e-01,1154,False,Combined_GSE145926_GSE158055,Mitoxy-80_v1.0,score_genes_v1
Club,dpt,mitoxy_mitochondrial_iron_m,-0.0114,6.98e-01,1154,False,Combined_GSE145926_GSE158055,Mitoxy-80_v1.0,score_genes_v1
Club,velocity,mitoxy_mitochondrial_oxidat,0.1546,1.31e-07,1154,True,Combined_GSE145926_GSE158055,Mitoxy-80_v1.0,score_genes_v1
Club,dpt,mitoxy_mitochondrial_oxidat,0.1387,2.25e-06,1154,True,Combined_GSE145926_GSE158055,Mitoxy-80_v1.0,score_genes_v1
Club,velocity,mitoxy_mitochondrial_respir,0.0864,3.32e-03,1154,True,Combined_GSE145926_GSE158055,Mitoxy-80_v1.0,score_genes_v1
Club,dpt,mitoxy_mitochondrial_respir,0.0795,6.89e-03,1154,True,Combined_GSE145926_GSE158055,Mitoxy-80_v1.0,score_genes_v1
Club,velocity,mitoxyperilysis_score,0.1316,7.33e-06,1154,True,Combined_GSE145926_GSE158055,Mitoxy-80_v1.0,score_genes_v1
Club,dpt,mitoxyperilysis_score,0.1204,4.12e-05,1154,True,Combined_GSE145926_GSE158055,Mitoxy-80_v1.0,score_genes_v1
DC,velocity,mitoxy_MAM_integrity,-0.1424,1.54e-13,2664,True,Combined_GSE145926_GSE158055,Mitoxy-80_v1.0,score_genes_v1
DC,dpt,mitoxy_MAM_integrity,-0.1402,3.65e-13,2664,True,Combined_GSE145926_GSE158055,Mitoxy-80_v1.0,score_genes_v1
DC,velocity,mitoxy_cell_death_markers,0.0505,9.07e-03,2664,True,Combined_GSE145926_GSE158055,Mitoxy-80_v1.0,score_genes_v1
DC,dpt,mitoxy_cell_death_markers,0.0522,7.00e-03,2664,True,Combined_GSE145926_GSE158055,Mitoxy-80_v1.0,score_genes_v1
DC,velocity,mitoxy_mitochondrial_iron_m,0.0003,9.90e-01,2664,False,Combined_GSE145926_GSE158055,Mitoxy-80_v1.0,score_genes_v1
DC,dpt,mitoxy_mitochondrial_iron_m,-0.0041,8.34e-01,2664,False,Combined_GSE145926_GSE158055,Mitoxy-80_v1.0,score_genes_v1
DC,velocity,mitoxy_mitochondrial_oxidat,-0.1671,3.87e-18,2664,True,Combined_GSE145926_GSE158055,Mitoxy-80_v1.0,score_genes_v1
DC,dpt,mitoxy_mitochondrial_oxidat,-0.1673,3.60e-18,2664,True,Combined_GSE145926_GSE158055,Mitoxy-80_v1.0,score_genes_v1
DC,velocity,mitoxy_mitochondrial_respir,0.2757,1.12e-47,2664,True,Combined_GSE145926_GSE158055,Mitoxy-80_v1.0,score_genes_v1
DC,dpt,mitoxy_mitochondrial_respir,0.2719,2.31e-46,2664,True,Combined_GSE145926_GSE158055,Mitoxy-80_v1.0,score_genes_v1
DC,velocity,mitoxyperilysis_score,-0.0564,3.58e-03,2664,True,Combined_GSE145926_GSE158055,Mitoxy-80_v1.0,score_genes_v1
DC,dpt,mitoxyperilysis_score,-0.0589,2.36e-03,2664,True,Combined_GSE145926_GSE158055,Mitoxy-80_v1.0,score_genes_v1
Epithelial,velocity,mitoxy_MAM_integrity,0.1386,4.78e-14,2933,True,Combined_GSE145926_GSE158055,Mitoxy-80_v1.0,score_genes_v1
Epithelial,dpt,mitoxy_MAM_integrity,0.1338,3.51e-13,2933,True,Combined_GSE145926_GSE158055,Mitoxy-80_v1.0,score_genes_v1
Epithelial,velocity,mitoxy_cell_death_markers,0.0447,1.55e-02,2933,True,Combined_GSE145926_GSE158055,Mitoxy-80_v1.0,score_genes_v1
Epithelial,dpt,mitoxy_cell_death_markers,0.0387,3.61e-02,2933,True,Combined_GSE145926_GSE158055,Mitoxy-80_v1.0,score_genes_v1
Epithelial,velocity,mitoxy_mitochondrial_iron_m,-0.2715,9.61e-51,2933,True,Combined_GSE145926_GSE158055,Mitoxy-80_v1.0,score_genes_v1
Epithelial,dpt,mitoxy_mitochondrial_iron_m,-0.252,1.05e-43,2933,True,Combined_GSE145926_GSE158055,Mitoxy-80_v1.0,score_genes_v1
Epithelial,velocity,mitoxy_mitochondrial_oxidat,-0.0296,1.09e-01,2933,False,Combined_GSE145926_GSE158055,Mitoxy-80_v1.0,score_genes_v1
Epithelial,dpt,mitoxy_mitochondrial_oxidat,-0.023,2.14e-01,2933,False,Combined_GSE145926_GSE158055,Mitoxy-80_v1.0,score_genes_v1
Epithelial,velocity,mitoxy_mitochondrial_respir,-0.2625,2.08e-47,2933,True,Combined_GSE145926_GSE158055,Mitoxy-80_v1.0,score_genes_v1
Epithelial,dpt,mitoxy_mitochondrial_respir,-0.2527,5.87e-44,2933,True,Combined_GSE145926_GSE158055,Mitoxy-80_v1.0,score_genes_v1
Epithelial,velocity,mitoxyperilysis_score,-0.2141,9.40e-32,2933,True,Combined_GSE145926_GSE158055,Mitoxy-80_v1.0,score_genes_v1
Epithelial,dpt,mitoxyperilysis_score,-0.2048,3.94e-29,2933,True,Combined_GSE145926_GSE158055,Mitoxy-80_v1.0,score_genes_v1
Macrophage,velocity,mitoxy_MAM_integrity,0.0933,7.51e-02,365,False,Combined_GSE145926_GSE158055,Mitoxy-80_v1.0,score_genes_v1
Macrophage,dpt,mitoxy_MAM_integrity,0.1056,4.38e-02,365,True,Combined_GSE145926_GSE158055,Mitoxy-80_v1.0,score_genes_v1
Macrophage,velocity,mitoxy_cell_death_markers,-0.2239,1.58e-05,365,True,Combined_GSE145926_GSE158055,Mitoxy-80_v1.0,score_genes_v1
Macrophage,dpt,mitoxy_cell_death_markers,-0.2046,8.27e-05,365,True,Combined_GSE145926_GSE158055,Mitoxy-80_v1.0,score_genes_v1
Macrophage,velocity,mitoxy_mitochondrial_iron_m,-0.1607,2.08e-03,365,True,Combined_GSE145926_GSE158055,Mitoxy-80_v1.0,score_genes_v1
Macrophage,dpt,mitoxy_mitochondrial_iron_m,-0.1601,2.16e-03,365,True,Combined_GSE145926_GSE158055,Mitoxy-80_v1.0,score_genes_v1
Macrophage,velocity,mitoxy_mitochondrial_oxidat,-0.0791,1.32e-01,365,False,Combined_GSE145926_GSE158055,Mitoxy-80_v1.0,score_genes_v1
Macrophage,dpt,mitoxy_mitochondrial_oxidat,-0.0355,4.99e-01,365,False,Combined_GSE145926_GSE158055,Mitoxy-80_v1.0,score_genes_v1
Macrophage,velocity,mitoxy_mitochondrial_respir,-0.2353,5.52e-06,365,True,Combined_GSE145926_GSE158055,Mitoxy-80_v1.0,score_genes_v1
Macrophage,dpt,mitoxy_mitochondrial_respir,-0.2054,7.72e-05,365,True,Combined_GSE145926_GSE158055,Mitoxy-80_v1.0,score_genes_v1
Macrophage,velocity,mitoxyperilysis_score,-0.1794,5.76e-04,365,True,Combined_GSE145926_GSE158055,Mitoxy-80_v1.0,score_genes_v1
Macrophage,dpt,mitoxyperilysis_score,-0.1414,6.81e-03,365,True,Combined_GSE145926_GSE158055,Mitoxy-80_v1.0,score_genes_v1
Mono_c14,velocity,mitoxy_MAM_integrity,-0.0625,5.44e-70,79963,True,Combined_GSE145926_GSE158055,Mitoxy-80_v1.0,score_genes_v1
Mono_c14,dpt,mitoxy_MAM_integrity,-0.057,1.77e-58,79963,True,Combined_GSE145926_GSE158055,Mitoxy-80_v1.0,score_genes_v1
Mono_c14,velocity,mitoxy_cell_death_markers,0.0238,1.68e-11,79963,True,Combined_GSE145926_GSE158055,Mitoxy-80_v1.0,score_genes_v1
Mono_c14,dpt,mitoxy_cell_death_markers,0.0214,1.34e-09,79963,True,Combined_GSE145926_GSE158055,Mitoxy-80_v1.0,score_genes_v1
Mono_c14,velocity,mitoxy_mitochondrial_iron_m,0.0512,1.59e-47,79963,True,Combined_GSE145926_GSE158055,Mitoxy-80_v1.0,score_genes_v1
Mono_c14,dpt,mitoxy_mitochondrial_iron_m,0.0574,2.49e-59,79963,True,Combined_GSE145926_GSE158055,Mitoxy-80_v1.0,score_genes_v1
Mono_c14,velocity,mitoxy_mitochondrial_oxidat,0.0003,9.25e-01,79963,False,Combined_GSE145926_GSE158055,Mitoxy-80_v1.0,score_genes_v1
Mono_c14,dpt,mitoxy_mitochondrial_oxidat,-0.0106,2.62e-03,79963,True,Combined_GSE145926_GSE158055,Mitoxy-80_v1.0,score_genes_v1
Mono_c14,velocity,mitoxy_mitochondrial_respir,-0.0378,1.14e-26,79963,True,Combined_GSE145926_GSE158055,Mitoxy-80_v1.0,score_genes_v1
Mono_c14,dpt,mitoxy_mitochondrial_respir,-0.0234,3.79e-11,79963,True,Combined_GSE145926_GSE158055,Mitoxy-80_v1.0,score_genes_v1
Mono_c14,velocity,mitoxyperilysis_score,-0.0918,2.52e-149,79963,True,Combined_GSE145926_GSE158055,Mitoxy-80_v1.0,score_genes_v1
Mono_c14,dpt,mitoxyperilysis_score,-0.0735,2.58e-96,79963,True,Combined_GSE145926_GSE158055,Mitoxy-80_v1.0,score_genes_v1
NK,velocity,mitoxy_MAM_integrity,0.0522,7.59e-07,8972,True,Combined_GSE145926_GSE158055,Mitoxy-80_v1.0,score_genes_v1
NK,dpt,mitoxy_MAM_integrity,0.0364,5.58e-04,8972,True,Combined_GSE145926_GSE158055,Mitoxy-80_v1.0,score_genes_v1
NK,velocity,mitoxy_cell_death_markers,-0.0021,8.44e-01,8972,False,Combined_GSE145926_GSE158055,Mitoxy-80_v1.0,score_genes_v1
NK,dpt,mitoxy_cell_death_markers,-0.0003,9.80e-01,8972,False,Combined_GSE145926_GSE158055,Mitoxy-80_v1.0,score_genes_v1
NK,velocity,mitoxy_mitochondrial_iron_m,-0.1399,1.79e-40,8972,True,Combined_GSE145926_GSE158055,Mitoxy-80_v1.0,score_genes_v1
NK,dpt,mitoxy_mitochondrial_iron_m,-0.113,7.19e-27,8972,True,Combined_GSE145926_GSE158055,Mitoxy-80_v1.0,score_genes_v1
NK,velocity,mitoxy_mitochondrial_oxidat,-0.0167,1.15e-01,8972,False,Combined_GSE145926_GSE158055,Mitoxy-80_v1.0,score_genes_v1
NK,dpt,mitoxy_mitochondrial_oxidat,-0.0105,3.21e-01,8972,False,Combined_GSE145926_GSE158055,Mitoxy-80_v1.0,score_genes_v1
NK,velocity,mitoxy_mitochondrial_respir,-0.0278,8.35e-03,8972,True,Combined_GSE145926_GSE158055,Mitoxy-80_v1.0,score_genes_v1
NK,dpt,mitoxy_mitochondrial_respir,-0.0167,1.13e-01,8972,False,Combined_GSE145926_GSE158055,Mitoxy-80_v1.0,score_genes_v1
NK,velocity,mitoxyperilysis_score,-0.046,1.30e-05,8972,True,Combined_GSE145926_GSE158055,Mitoxy-80_v1.0,score_genes_v1
NK,dpt,mitoxyperilysis_score,-0.0383,2.89e-04,8972,True,Combined_GSE145926_GSE158055,Mitoxy-80_v1.0,score_genes_v1
T_cell,velocity,mitoxy_MAM_integrity,0.087,1.63e-56,33050,True,Combined_GSE145926_GSE158055,Mitoxy-80_v1.0,score_genes_v1
T_cell,dpt,mitoxy_MAM_integrity,0.0711,2.48e-38,33050,True,Combined_GSE145926_GSE158055,Mitoxy-80_v1.0,score_genes_v1
T_cell,velocity,mitoxy_cell_death_markers,-0.0303,3.54e-08,33050,True,Combined_GSE145926_GSE158055,Mitoxy-80_v1.0,score_genes_v1
T_cell,dpt,mitoxy_cell_death_markers,-0.026,2.33e-06,33050,True,Combined_GSE145926_GSE158055,Mitoxy-80_v1.0,score_genes_v1
T_cell,velocity,mitoxy_mitochondrial_iron_m,-0.2656,0.00e+00,33050,True,Combined_GSE145926_GSE158055,Mitoxy-80_v1.0,score_genes_v1
T_cell,dpt,mitoxy_mitochondrial_iron_m,-0.2282,0.00e+00,33050,True,Combined_GSE145926_GSE158055,Mitoxy-80_v1.0,score_genes_v1
T_cell,velocity,mitoxy_mitochondrial_oxidat,-0.1274,1.18e-119,33050,True,Combined_GSE145926_GSE158055,Mitoxy-80_v1.0,score_genes_v1
T_cell,dpt,mitoxy_mitochondrial_oxidat,-0.1102,7.07e-90,33050,True,Combined_GSE145926_GSE158055,Mitoxy-80_v1.0,score_genes_v1
T_cell,velocity,mitoxy_mitochondrial_respir,-0.0569,4.23e-25,33050,True,Combined_GSE145926_GSE158055,Mitoxy-80_v1.0,score_genes_v1
T_cell,dpt,mitoxy_mitochondrial_respir,-0.0413,6.06e-14,33050,True,Combined_GSE145926_GSE158055,Mitoxy-80_v1.0,score_genes_v1
T_cell,velocity,mitoxyperilysis_score,-0.1447,3.36e-154,33050,True,Combined_GSE145926_GSE158055,Mitoxy-80_v1.0,score_genes_v1
T_cell,dpt,mitoxyperilysis_score,-0.1233,3.44e-112,33050,True,Combined_GSE145926_GSE158055,Mitoxy-80_v1.0,score_genes_v1
