Mitoxy_Dimension,CellType,Pearson_r,Pearson_P,Spearman_rho,Spearman_P,N_Samples,FDR,Significant,FDR_note,gene_set_version,score_version
Ferroptosis,Mast cells resting,-0.4373870132737039,4.313057321648167e-10,-0.45891877210140747,4.4654051621384217e-11,186,5.43445e-08,Yes,BH over 126 computable tests (132 LM22 pairs minus 6 constant-fraction),Mitoxy-80_v1.0,NA
MAM_Integrity,Dendritic cells act,-0.3657189272906085,2.8507347816467825e-07,-0.3016373618609963,2.8652223232939223e-05,186,1.79596e-05,Yes,BH over 126 computable tests (132 LM22 pairs minus 6 constant-fraction),Mitoxy-80_v1.0,NA
Pyroptosis,Monocytes,0.3573451765847891,5.528477527289589e-07,0.3618786977420753,3.8716062249844015e-07,186,2.32196e-05,Yes,BH over 126 computable tests (132 LM22 pairs minus 6 constant-fraction),Mitoxy-80_v1.0,NA
Mitochondrial_Oxidative,Monocytes,-0.35029273524306304,9.518437720432703e-07,-0.3080931889281035,1.8855071511071626e-05,186,2.99831e-05,Yes,BH over 126 computable tests (132 LM22 pairs minus 6 constant-fraction),Mitoxy-80_v1.0,NA
MAM_Integrity,Neutrophils,-0.34172042810271025,1.810378595522314e-06,-0.339281734727655,2.166182844835185e-06,186,4.56215e-05,Yes,BH over 126 computable tests (132 LM22 pairs minus 6 constant-fraction),Mitoxy-80_v1.0,NA
Mitochondrial_Iron,Monocytes,-0.3300061435159332,4.227632983330001e-06,-0.3063252660975621,2.1165109770758775e-05,186,8.87803e-05,Yes,BH over 126 computable tests (132 LM22 pairs minus 6 constant-fraction),Mitoxy-80_v1.0,NA
Ferroptosis,Macrophages M2,0.3005395125204081,3.07353634570502e-05,0.3111615717515917,1.5400953031038494e-05,186,0.000553237,Yes,BH over 126 computable tests (132 LM22 pairs minus 6 constant-fraction),Mitoxy-80_v1.0,NA
MAM_Integrity,Macrophages M0,0.28909395777730074,6.282895824003733e-05,0.2786635159596614,0.00011743745860153322,186,0.000984982,Yes,BH over 126 computable tests (132 LM22 pairs minus 6 constant-fraction),Mitoxy-80_v1.0,NA
Mitochondrial_Oxidative,Dendritic cells act,-0.28723718939574294,7.03558837295047e-05,-0.20134106784269976,0.00585679381174071,186,0.000984982,Yes,BH over 126 computable tests (132 LM22 pairs minus 6 constant-fraction),Mitoxy-80_v1.0,NA
MAM_Integrity,Macrophages M2,0.2815228245740051,9.917476343568667e-05,0.24582918628741207,0.0007193048321110604,186,0.0012496,Yes,BH over 126 computable tests (132 LM22 pairs minus 6 constant-fraction),Mitoxy-80_v1.0,NA
MAM_Integrity,B cells memory,0.27770503144084674,0.00012423251271279063,0.2655691760597158,0.0002488223428967427,186,0.00142303,Yes,BH over 126 computable tests (132 LM22 pairs minus 6 constant-fraction),Mitoxy-80_v1.0,NA
Ferroptosis,Plasma cells,0.27249857562519186,0.00016802682891506538,0.23314688411253806,0.001362331090771084,186,0.00176428,Yes,BH over 126 computable tests (132 LM22 pairs minus 6 constant-fraction),Mitoxy-80_v1.0,NA
Ferroptosis,Mast cells activated,0.25690243727092904,0.0004006446342532674,0.264071885810968,0.00027047902564538573,186,0.00335344,Yes,BH over 126 computable tests (132 LM22 pairs minus 6 constant-fraction),Mitoxy-80_v1.0,NA
Mitoxyperilysis_Total,Dendritic cells act,-0.25663324290450196,0.0004065109727628737,-0.18228250032845003,0.012769227118144603,186,0.00335344,Yes,BH over 126 computable tests (132 LM22 pairs minus 6 constant-fraction),Mitoxy-80_v1.0,NA
Ferroptosis,NK cells resting,-0.25597959845715673,0.00042108812427132177,-0.27522250558303685,0.00014357964520519354,186,0.00335344,Yes,BH over 126 computable tests (132 LM22 pairs minus 6 constant-fraction),Mitoxy-80_v1.0,NA
Mitoxyperilysis_Total,Macrophages M2,0.2557713481208485,0.00042583312660463067,0.22626863650869908,0.0018997914958671911,186,0.00335344,Yes,BH over 126 computable tests (132 LM22 pairs minus 6 constant-fraction),Mitoxy-80_v1.0,NA
Pyroptosis,Macrophages M2,-0.2507655895236352,0.0005559131844339688,-0.25851146493875155,0.0003671849366789146,186,0.0041203,Yes,BH over 126 computable tests (132 LM22 pairs minus 6 constant-fraction),Mitoxy-80_v1.0,NA
Mitoxyperilysis_Total,Monocytes,-0.23602464988462643,0.0011819845835603522,-0.19943680095482752,0.006350921103293009,186,0.00827389,Yes,BH over 126 computable tests (132 LM22 pairs minus 6 constant-fraction),Mitoxy-80_v1.0,NA
MAM_Integrity,T cells CD8,0.23025750010414867,0.0015684153491926616,0.21147098452601298,0.003761751260351778,186,0.0100333,Yes,BH over 126 computable tests (132 LM22 pairs minus 6 constant-fraction),Mitoxy-80_v1.0,NA
Mitochondrial_Iron,Dendritic cells resting,0.22994169746237655,0.0015925859072936492,0.3071864718764151,2.000832199450461e-05,186,0.0100333,Yes,BH over 126 computable tests (132 LM22 pairs minus 6 constant-fraction),Mitoxy-80_v1.0,NA
Mitochondrial_Oxidative,Macrophages M2,0.22798991430252602,0.0017496699057848392,0.17666227657218045,0.015860360236055734,186,0.010498,Yes,BH over 126 computable tests (132 LM22 pairs minus 6 constant-fraction),Mitoxy-80_v1.0,NA
Ferroptosis,T cells CD4 memory act,-0.21942288319368675,0.002620108966561916,-0.2457254861844113,0.0007231692035896423,186,0.0147787,Yes,BH over 126 computable tests (132 LM22 pairs minus 6 constant-fraction),Mitoxy-80_v1.0,NA
Ferroptosis,T cells CD4 naive,0.21879140766387503,0.002697690651282554,0.21911406033732803,0.002657793888091973,186,0.0147787,Yes,BH over 126 computable tests (132 LM22 pairs minus 6 constant-fraction),Mitoxy-80_v1.0,NA
Mitochondrial_Oxidative,T cells CD4 memory act,0.2147500711988182,0.0032454822882511773,0.15917818917246698,0.029997599629723194,186,0.0167359,Yes,BH over 126 computable tests (132 LM22 pairs minus 6 constant-fraction),Mitoxy-80_v1.0,NA
Mitochondrial_Oxidative,Dendritic cells resting,0.2142447386981445,0.003320621476420385,0.27836884023938585,0.00011948859584198795,186,0.0167359,Yes,BH over 126 computable tests (132 LM22 pairs minus 6 constant-fraction),Mitoxy-80_v1.0,NA
Pyroptosis,Dendritic cells resting,-0.20790910685082664,0.004405427971218777,-0.1968232748234172,0.007089596377028215,186,0.0201353,Yes,BH over 126 computable tests (132 LM22 pairs minus 6 constant-fraction),Mitoxy-80_v1.0,NA
Mitochondrial_Iron,Macrophages M2,0.20779286182992213,0.00442801066983078,0.19877886501143177,0.006530101335510474,186,0.0201353,Yes,BH over 126 computable tests (132 LM22 pairs minus 6 constant-fraction),Mitoxy-80_v1.0,NA
Pyroptosis,NK cells resting,0.2075551940971691,0.00447450605017103,0.21510753465212668,0.0031932616305660653,186,0.0201353,Yes,BH over 126 computable tests (132 LM22 pairs minus 6 constant-fraction),Mitoxy-80_v1.0,NA
Pyroptosis,T cells CD4 naive,-0.20227233308703296,0.005627898097351285,-0.11885042841978348,0.1061573235551937,186,0.0244522,Yes,BH over 126 computable tests (132 LM22 pairs minus 6 constant-fraction),Mitoxy-80_v1.0,NA
Ferroptosis,Neutrophils,0.19564858158845816,0.007445839897026182,0.19145317475488252,0.008851642516612595,186,0.0312725,Yes,BH over 126 computable tests (132 LM22 pairs minus 6 constant-fraction),Mitoxy-80_v1.0,NA
Ferroptosis,Macrophages M1,-0.19446659103626526,0.007820281292626899,-0.19700524822764506,0.007035789415654138,186,0.0317857,Yes,BH over 126 computable tests (132 LM22 pairs minus 6 constant-fraction),Mitoxy-80_v1.0,NA
Pyroptosis,T cells CD4 memory rest,0.18754529700150332,0.010367640479198168,0.13217367790422818,0.07212078273462719,186,0.0408226,Yes,BH over 126 computable tests (132 LM22 pairs minus 6 constant-fraction),Mitoxy-80_v1.0,NA
MAM_Integrity,Mast cells resting,-0.18658194376067988,0.010774872981164793,-0.24164788813699029,0.0008911752269291477,186,0.0411404,Yes,BH over 126 computable tests (132 LM22 pairs minus 6 constant-fraction),Mitoxy-80_v1.0,NA
Pyroptosis,Dendritic cells act,0.18234045667609264,0.01274032281992763,0.23142879109907416,0.0014816649935837538,186,0.0472141,Yes,BH over 126 computable tests (132 LM22 pairs minus 6 constant-fraction),Mitoxy-80_v1.0,NA
Mitoxyperilysis_Total,B cells memory,0.18109164367810965,0.013376013503791482,0.1433490625199661,0.05094603666116664,186,0.0475854,Yes,BH over 126 computable tests (132 LM22 pairs minus 6 constant-fraction),Mitoxy-80_v1.0,NA
Mitoxyperilysis_Total,Mast cells resting,-0.1806719137609804,0.013595827648796072,-0.19674669433388609,0.007112349480734512,186,0.0475854,Yes,BH over 126 computable tests (132 LM22 pairs minus 6 constant-fraction),Mitoxy-80_v1.0,NA
Ferroptosis,T cells CD8,-0.17685323951848436,0.015745479332990815,-0.1364536176680389,0.06329267719883806,186,0.0512152,No,BH over 126 computable tests (132 LM22 pairs minus 6 constant-fraction),Mitoxy-80_v1.0,NA
Mitochondrial_Iron,Dendritic cells act,-0.17678905221834648,0.01578401234639364,-0.1577195482478904,0.03155663086673376,186,0.0512152,No,BH over 126 computable tests (132 LM22 pairs minus 6 constant-fraction),Mitoxy-80_v1.0,NA
Mitochondrial_Oxidative,B cells naive,-0.17622210404104352,0.016127950899838685,-0.1901004453946626,0.009352583667024617,186,0.0512152,No,BH over 126 computable tests (132 LM22 pairs minus 6 constant-fraction),Mitoxy-80_v1.0,NA
MAM_Integrity,Monocytes,-0.17600917343697792,0.016258802661254044,-0.1316869396565791,0.07318520944242585,186,0.0512152,No,BH over 126 computable tests (132 LM22 pairs minus 6 constant-fraction),Mitoxy-80_v1.0,NA
Ferroptosis,Eosinophils,0.17328979714473328,0.018013074058831686,0.08242897337877327,0.2633503366985475,186,0.0553573,No,BH over 126 computable tests (132 LM22 pairs minus 6 constant-fraction),Mitoxy-80_v1.0,NA
Mitoxyperilysis_Total,Neutrophils,-0.17074048764893393,0.019804676372362846,-0.15824121516721137,0.03099132172668399,186,0.059414,No,BH over 126 computable tests (132 LM22 pairs minus 6 constant-fraction),Mitoxy-80_v1.0,NA
MAM_Integrity,Plasma cells,0.16490077046269808,0.02449938614449393,0.13182580633915025,0.07288023642175769,186,0.0717889,No,BH over 126 computable tests (132 LM22 pairs minus 6 constant-fraction),Mitoxy-80_v1.0,NA
Ferroptosis,Monocytes,-0.15982184185929785,0.02933081388836354,-0.13690119306817597,0.06242298177160698,186,0.0839928,No,BH over 126 computable tests (132 LM22 pairs minus 6 constant-fraction),Mitoxy-80_v1.0,NA
MAM_Integrity,T cells foll helper,0.15659494514777142,0.03280521153102496,0.12529080090567096,0.0883922039314334,186,0.0918546,No,BH over 126 computable tests (132 LM22 pairs minus 6 constant-fraction),Mitoxy-80_v1.0,NA
MAM_Integrity,Mast cells activated,0.15543143892786654,0.03414089138908337,0.16491749982513085,0.024484677094253664,186,0.0935164,No,BH over 126 computable tests (132 LM22 pairs minus 6 constant-fraction),Mitoxy-80_v1.0,NA
Pyroptosis,Macrophages M1,0.15039286291041107,0.040469303782933105,0.1526531842065331,0.03751782755904854,186,0.108492,No,BH over 126 computable tests (132 LM22 pairs minus 6 constant-fraction),Mitoxy-80_v1.0,NA
Mitochondrial_Iron,Neutrophils,-0.1482086714003243,0.04350449199341199,-0.14755348759143824,0.044451302513622136,186,0.114199,No,BH over 126 computable tests (132 LM22 pairs minus 6 constant-fraction),Mitoxy-80_v1.0,NA
Pyroptosis,Macrophages M0,-0.14638676928827163,0.04618002831323518,-0.18148685748600915,0.01317189259596798,186,0.118749,No,BH over 126 computable tests (132 LM22 pairs minus 6 constant-fraction),Mitoxy-80_v1.0,NA
Mitochondrial_Oxidative,T cells CD8,0.13700902097531423,0.06221493057559591,0.11137820587535957,0.13016054769940152,186,0.156782,No,BH over 126 computable tests (132 LM22 pairs minus 6 constant-fraction),Mitoxy-80_v1.0,NA
Mitochondrial_Oxidative,T cells regulatory,-0.1348036863223423,0.06658487937676486,-0.19984194534125477,0.006242780890225711,186,0.162909,No,BH over 126 computable tests (132 LM22 pairs minus 6 constant-fraction),Mitoxy-80_v1.0,NA
Mitochondrial_Iron,T cells CD4 memory act,0.1344870535314138,0.06723240039158422,0.13219645917993633,0.07207127304518363,186,0.162909,No,BH over 126 computable tests (132 LM22 pairs minus 6 constant-fraction),Mitoxy-80_v1.0,NA
Mitoxyperilysis_Total,Plasma cells,0.1297515448608085,0.0775444061712772,0.09129289335966609,0.21524727700472432,186,0.184351,No,BH over 126 computable tests (132 LM22 pairs minus 6 constant-fraction),Mitoxy-80_v1.0,NA
Mitoxyperilysis_Total,Dendritic cells resting,0.12715044715127347,0.083730866022356,0.22038879971742661,0.002505346876917664,186,0.195372,No,BH over 126 computable tests (132 LM22 pairs minus 6 constant-fraction),Mitoxy-80_v1.0,NA
MAM_Integrity,T cells gamma delta,0.12594746377600266,0.08672308869309849,0.11707501068234827,0.11151866668184027,186,0.196227,No,BH over 126 computable tests (132 LM22 pairs minus 6 constant-fraction),Mitoxy-80_v1.0,NA
Mitochondrial_Iron,T cells foll helper,0.12575399906849521,0.08721219634510517,0.11433641394124071,0.12020131948941352,186,0.196227,No,BH over 126 computable tests (132 LM22 pairs minus 6 constant-fraction),Mitoxy-80_v1.0,NA
Pyroptosis,Mast cells activated,-0.12069903722422815,0.10079254964929187,-0.10787617986829418,0.14275803624094127,186,0.222805,No,BH over 126 computable tests (132 LM22 pairs minus 6 constant-fraction),Mitoxy-80_v1.0,NA
Mitochondrial_Iron,T cells CD4 naive,0.11930736538804923,0.1048108158936928,0.10705207232889997,0.14585318799090624,186,0.227692,No,BH over 126 computable tests (132 LM22 pairs minus 6 constant-fraction),Mitoxy-80_v1.0,NA
Pyroptosis,T cells foll helper,-0.11714103464220396,0.11131556667113038,-0.11159781720013313,0.12940003119673077,186,0.237725,No,BH over 126 computable tests (132 LM22 pairs minus 6 constant-fraction),Mitoxy-80_v1.0,NA
Pyroptosis,Eosinophils,0.11405810430738707,0.12111229374096441,0.12124855090684132,0.09923983443196512,186,0.254139,No,BH over 126 computable tests (132 LM22 pairs minus 6 constant-fraction),Mitoxy-80_v1.0,NA
MAM_Integrity,Macrophages M1,-0.11347581530275232,0.12303558638528168,-0.09225541027684614,0.21042895868273723,186,0.254139,No,BH over 126 computable tests (132 LM22 pairs minus 6 constant-fraction),Mitoxy-80_v1.0,NA
MAM_Integrity,NK cells resting,-0.11163471034219825,0.12927260630460108,-0.20832117264754835,0.004326208302443528,186,0.262715,No,BH over 126 computable tests (132 LM22 pairs minus 6 constant-fraction),Mitoxy-80_v1.0,NA
Mitoxyperilysis_Total,B cells naive,-0.10818188429715342,0.14162268527083258,-0.10910750506577041,0.13822698128254773,186,0.278829,No,BH over 126 computable tests (132 LM22 pairs minus 6 constant-fraction),Mitoxy-80_v1.0,NA
Mitochondrial_Iron,B cells memory,0.10818063041843579,0.14162732793713462,0.09945874896539332,0.1768096014063376,186,0.278829,No,BH over 126 computable tests (132 LM22 pairs minus 6 constant-fraction),Mitoxy-80_v1.0,NA
MAM_Integrity,Dendritic cells resting,0.10669475795648585,0.1472109024221028,0.17517700994272137,0.01677910481596019,186,0.285363,No,BH over 126 computable tests (132 LM22 pairs minus 6 constant-fraction),Mitoxy-80_v1.0,NA
Mitoxyperilysis_Total,Macrophages M0,0.1032969271100355,0.16060451545430887,0.07201301637623163,0.32868074117910684,186,0.306609,No,BH over 126 computable tests (132 LM22 pairs minus 6 constant-fraction),Mitoxy-80_v1.0,NA
Pyroptosis,Plasma cells,-0.09864271771317437,0.1804055410178904,-0.08889415911768739,0.22759699318676446,186,0.33927,No,BH over 126 computable tests (132 LM22 pairs minus 6 constant-fraction),Mitoxy-80_v1.0,NA
Mitoxyperilysis_Total,Eosinophils,0.09803315815562316,0.18312658854187258,0.084303617259014,0.25260909077760263,186,0.339323,No,BH over 126 computable tests (132 LM22 pairs minus 6 constant-fraction),Mitoxy-80_v1.0,NA
Mitoxyperilysis_Total,T cells CD8,0.09655913544313222,0.189831004759869,0.06768925212947982,0.35862493005539564,186,0.346648,No,BH over 126 computable tests (132 LM22 pairs minus 6 constant-fraction),Mitoxy-80_v1.0,NA
Mitoxyperilysis_Total,Mast cells activated,0.09308477402175142,0.20633969666588353,0.09286789818744293,0.20740345618322575,186,0.371411,No,BH over 126 computable tests (132 LM22 pairs minus 6 constant-fraction),Mitoxy-80_v1.0,NA
Mitochondrial_Oxidative,B cells memory,0.0918080320433602,0.21265879885800618,0.06707192241803846,0.36303491599036464,186,0.377394,No,BH over 126 computable tests (132 LM22 pairs minus 6 constant-fraction),Mitoxy-80_v1.0,NA
Pyroptosis,T cells CD4 memory act,-0.08965698942559024,0.22361647208099314,-0.06755445200606935,0.3595850320957025,186,0.391329,No,BH over 126 computable tests (132 LM22 pairs minus 6 constant-fraction),Mitoxy-80_v1.0,NA
Mitochondrial_Oxidative,NK cells resting,0.08384481994240615,0.2552094674035228,0.020844891812633746,0.7776363166107382,186,0.440499,No,BH over 126 computable tests (132 LM22 pairs minus 6 constant-fraction),Mitoxy-80_v1.0,NA
Mitochondrial_Iron,Macrophages M0,0.08046003354514811,0.27496404712765815,0.04138953763811464,0.5748567381643731,186,0.462346,No,BH over 126 computable tests (132 LM22 pairs minus 6 constant-fraction),Mitoxy-80_v1.0,NA
Mitoxyperilysis_Total,T cells CD4 memory rest,0.08041964979947382,0.27520582278143935,0.08571535137000033,0.24472275238252905,186,0.462346,No,BH over 126 computable tests (132 LM22 pairs minus 6 constant-fraction),Mitoxy-80_v1.0,NA
Mitoxyperilysis_Total,Macrophages M1,-0.07839196561756534,0.2875306954383812,-0.1008274708431755,0.17089754556227554,186,0.4746,No,BH over 126 computable tests (132 LM22 pairs minus 6 constant-fraction),Mitoxy-80_v1.0,NA
Mitochondrial_Oxidative,T cells CD4 memory rest,0.07755294042109166,0.2927369576442572,0.09676673395838481,0.18887606527227774,186,0.4746,No,BH over 126 computable tests (132 LM22 pairs minus 6 constant-fraction),Mitoxy-80_v1.0,NA
Mitochondrial_Iron,T cells CD8,0.0768082635640545,0.2974100422982912,0.07118966473805183,0.3342552885316855,186,0.4746,No,BH over 126 computable tests (132 LM22 pairs minus 6 constant-fraction),Mitoxy-80_v1.0,NA
Mitochondrial_Iron,Macrophages M1,-0.07678340622230632,0.2975668782787648,-0.10331373949228402,0.1605360682296426,186,0.4746,No,BH over 126 computable tests (132 LM22 pairs minus 6 constant-fraction),Mitoxy-80_v1.0,NA
Pyroptosis,T cells CD8,-0.07281229103110401,0.32332673762404657,-0.07244101096093505,0.3258067349131908,186,0.50924,No,BH over 126 computable tests (132 LM22 pairs minus 6 constant-fraction),Mitoxy-80_v1.0,NA
Mitoxyperilysis_Total,T cells gamma delta,0.07041099367980665,0.3395826134780715,0.08695044653016508,0.23796511683538887,186,0.52824,No,BH over 126 computable tests (132 LM22 pairs minus 6 constant-fraction),Mitoxy-80_v1.0,NA
Ferroptosis,T cells CD4 memory rest,-0.06908585949221245,0.34877199747789295,-0.06945531006252068,0.3461943614241335,186,0.535918,No,BH over 126 computable tests (132 LM22 pairs minus 6 constant-fraction),Mitoxy-80_v1.0,NA
Mitochondrial_Iron,T cells gamma delta,0.06781646276800925,0.3577203512317114,0.08147325304794996,0.26894500067525196,186,0.543045,No,BH over 126 computable tests (132 LM22 pairs minus 6 constant-fraction),Mitoxy-80_v1.0,NA
Mitochondrial_Oxidative,Neutrophils,-0.06623257380457007,0.3690846690720164,-0.06868697229228538,0.35156855006271726,186,0.553627,No,BH over 126 computable tests (132 LM22 pairs minus 6 constant-fraction),Mitoxy-80_v1.0,NA
Mitoxyperilysis_Total,T cells foll helper,0.06308810835605949,0.3922968790733655,0.07736535793628863,0.2939094644320292,186,0.581522,No,BH over 126 computable tests (132 LM22 pairs minus 6 constant-fraction),Mitoxy-80_v1.0,NA
Pyroptosis,B cells naive,-0.060962615890261446,0.4084731510567252,-0.11009836005111641,0.13466129835689897,186,0.596626,No,BH over 126 computable tests (132 LM22 pairs minus 6 constant-fraction),Mitoxy-80_v1.0,NA
Mitochondrial_Iron,Eosinophils,0.060511572571575564,0.41195584527502094,0.08747681325649857,0.23512527046783424,186,0.596626,No,BH over 126 computable tests (132 LM22 pairs minus 6 constant-fraction),Mitoxy-80_v1.0,NA
Mitoxyperilysis_Total,T cells CD4 memory act,0.059753145296610966,0.4178511997397681,-0.006250429519561099,0.9325232218849365,186,0.598287,No,BH over 126 computable tests (132 LM22 pairs minus 6 constant-fraction),Mitoxy-80_v1.0,NA
Pyroptosis,Neutrophils,-0.05542749424366056,0.4524046393707353,-0.08550834774743693,0.2458682834150292,186,0.634694,No,BH over 126 computable tests (132 LM22 pairs minus 6 constant-fraction),Mitoxy-80_v1.0,NA
MAM_Integrity,B cells naive,-0.055311525256281004,0.45335251741394367,-0.0766027071713559,0.2987086362312586,186,0.634694,No,BH over 126 computable tests (132 LM22 pairs minus 6 constant-fraction),Mitoxy-80_v1.0,NA
Ferroptosis,Dendritic cells act,-0.054671583818253315,0.45860305467648804,-0.007266370102086354,0.9215882254089942,186,0.634989,No,BH over 126 computable tests (132 LM22 pairs minus 6 constant-fraction),Mitoxy-80_v1.0,NA
Ferroptosis,T cells regulatory,-0.052110207625336975,0.47995332479314384,-0.08218144216809023,0.2647916497143137,186,0.657327,No,BH over 126 computable tests (132 LM22 pairs minus 6 constant-fraction),Mitoxy-80_v1.0,NA
Mitoxyperilysis_Total,T cells regulatory,-0.05113127412990915,0.48825295574653327,-0.14192685458059776,0.053313997059154496,186,0.659202,No,BH over 126 computable tests (132 LM22 pairs minus 6 constant-fraction),Mitoxy-80_v1.0,NA
MAM_Integrity,T cells CD4 memory act,0.05071727484453121,0.49178589774958864,-0.059267689120804226,0.42165044846408806,186,0.659202,No,BH over 126 computable tests (132 LM22 pairs minus 6 constant-fraction),Mitoxy-80_v1.0,NA
Mitochondrial_Iron,Plasma cells,0.04847940722251042,0.5111164089684838,0.025268410298336794,0.732090001956205,186,0.677902,No,BH over 126 computable tests (132 LM22 pairs minus 6 constant-fraction),Mitoxy-80_v1.0,NA
Mitochondrial_Iron,T cells CD4 memory rest,0.04081444112010647,0.5801861223883413,0.05870604086922872,0.42607095960091435,186,0.74617,No,BH over 126 computable tests (132 LM22 pairs minus 6 constant-fraction),Mitoxy-80_v1.0,NA
MAM_Integrity,T cells regulatory,0.040369451381466144,0.5843255097766643,-0.03521114435748458,0.6332719007619938,186,0.74617,No,BH over 126 computable tests (132 LM22 pairs minus 6 constant-fraction),Mitoxy-80_v1.0,NA
Mitochondrial_Oxidative,Plasma cells,0.03998009845618255,0.5879584930135034,0.06956702790915612,0.3454172882182506,186,0.74617,No,BH over 126 computable tests (132 LM22 pairs minus 6 constant-fraction),Mitoxy-80_v1.0,NA
Ferroptosis,Macrophages M0,0.039976338240772874,0.5879936293653417,0.03455821573607379,0.639588738885538,186,0.74617,No,BH over 126 computable tests (132 LM22 pairs minus 6 constant-fraction),Mitoxy-80_v1.0,NA
Mitoxyperilysis_Total,T cells CD4 naive,0.03952705799137913,0.5921987232123186,0.06601163436708102,0.37068740918325926,186,0.74617,No,BH over 126 computable tests (132 LM22 pairs minus 6 constant-fraction),Mitoxy-80_v1.0,NA
Mitochondrial_Iron,B cells naive,-0.035550504544890824,0.6299991248866131,-0.07430223796328435,0.31349761122125314,186,0.78594,No,BH over 126 computable tests (132 LM22 pairs minus 6 constant-fraction),Mitoxy-80_v1.0,NA
Mitochondrial_Iron,Mast cells resting,-0.03370096858021164,0.647921736053629,-0.039852256329226475,0.5891536201246823,186,0.793498,No,BH over 126 computable tests (132 LM22 pairs minus 6 constant-fraction),Mitoxy-80_v1.0,NA
Mitochondrial_Oxidative,Eosinophils,0.033625917315077095,0.6486533895602298,0.058692866831060536,0.4261749680912247,186,0.793498,No,BH over 126 computable tests (132 LM22 pairs minus 6 constant-fraction),Mitoxy-80_v1.0,NA
Ferroptosis,T cells gamma delta,-0.03213276389728713,0.663278875553181,-0.044502197042997876,0.5464179043838497,186,0.803588,No,BH over 126 computable tests (132 LM22 pairs minus 6 constant-fraction),Mitoxy-80_v1.0,NA
Mitochondrial_Oxidative,T cells gamma delta,0.029070739665565927,0.6936677462432999,0.047240793784105437,0.5219822154761258,186,0.832401,No,BH over 126 computable tests (132 LM22 pairs minus 6 constant-fraction),Mitoxy-80_v1.0,NA
Ferroptosis,Dendritic cells resting,-0.026614251403050012,0.7184082136568707,-0.03861648833673902,0.6007630140487055,186,0.853957,No,BH over 126 computable tests (132 LM22 pairs minus 6 constant-fraction),Mitoxy-80_v1.0,NA
Mitoxyperilysis_Total,NK cells resting,-0.025030159913434553,0.7345210193490221,-0.08025493148832806,0.2761934742526358,186,0.86495,No,BH over 126 computable tests (132 LM22 pairs minus 6 constant-fraction),Mitoxy-80_v1.0,NA
Pyroptosis,B cells memory,0.024312715009680606,0.7418574211734206,0.01387459867399225,0.8509097901507955,186,0.8655,No,BH over 126 computable tests (132 LM22 pairs minus 6 constant-fraction),Mitoxy-80_v1.0,NA
Mitochondrial_Iron,T cells regulatory,-0.02356334140968503,0.7495452298983508,-0.12848062203968402,0.08051939802128516,186,0.866447,No,BH over 126 computable tests (132 LM22 pairs minus 6 constant-fraction),Mitoxy-80_v1.0,NA
Mitochondrial_Iron,NK cells resting,-0.019196930711697896,0.7948095861727035,-0.029078414277655264,0.6935909406143087,186,0.905269,No,BH over 126 computable tests (132 LM22 pairs minus 6 constant-fraction),Mitoxy-80_v1.0,NA
MAM_Integrity,T cells CD4 naive,0.01893971580589419,0.7974991534858991,0.035700198171552705,0.6285577668994978,186,0.905269,No,BH over 126 computable tests (132 LM22 pairs minus 6 constant-fraction),Mitoxy-80_v1.0,NA
MAM_Integrity,Eosinophils,-0.016976476317073472,0.8181041705104243,-0.07319086344641579,0.32081063003676075,186,0.915373,No,BH over 126 computable tests (132 LM22 pairs minus 6 constant-fraction),Mitoxy-80_v1.0,NA
Mitochondrial_Oxidative,T cells CD4 naive,-0.016708190982941143,0.8209299832807757,0.004056268105589262,0.9561803557506363,186,0.915373,No,BH over 126 computable tests (132 LM22 pairs minus 6 constant-fraction),Mitoxy-80_v1.0,NA
MAM_Integrity,T cells CD4 memory rest,0.015278340715668434,0.8360284531046352,0.04038342292611742,0.5841953365395876,186,0.918533,No,BH over 126 computable tests (132 LM22 pairs minus 6 constant-fraction),Mitoxy-80_v1.0,NA
Mitochondrial_Oxidative,Mast cells resting,0.014628845399649617,0.842906978736711,-0.023102770931262676,0.7542825435710628,186,0.918533,No,BH over 126 computable tests (132 LM22 pairs minus 6 constant-fraction),Mitoxy-80_v1.0,NA
Mitochondrial_Oxidative,T cells foll helper,-0.013322309263466597,0.8567794896242137,-0.01985482637302982,0.787941368886211,186,0.918533,No,BH over 126 computable tests (132 LM22 pairs minus 6 constant-fraction),Mitoxy-80_v1.0,NA
Ferroptosis,T cells foll helper,-0.012946690251016607,0.8607760602879392,-0.01711622963192226,0.8166330934962589,186,0.918533,No,BH over 126 computable tests (132 LM22 pairs minus 6 constant-fraction),Mitoxy-80_v1.0,NA
Mitochondrial_Oxidative,Mast cells activated,0.012549584566599567,0.8650050950675285,-0.020714876068935385,0.7789874116135249,186,0.918533,No,BH over 126 computable tests (132 LM22 pairs minus 6 constant-fraction),Mitoxy-80_v1.0,NA
Mitochondrial_Oxidative,Macrophages M1,-0.012315181591686358,0.867503212641004,-0.005595959884859175,0.9395743794617142,186,0.918533,No,BH over 126 computable tests (132 LM22 pairs minus 6 constant-fraction),Mitoxy-80_v1.0,NA
Pyroptosis,T cells gamma delta,-0.009183382158733353,0.9009962423031465,-0.022593423114137385,0.7595322610117742,186,0.936717,No,BH over 126 computable tests (132 LM22 pairs minus 6 constant-fraction),Mitoxy-80_v1.0,NA
Mitochondrial_Oxidative,Macrophages M0,-0.008940905126110458,0.9035975015783176,-0.024491955684653805,0.7400223421874266,186,0.936717,No,BH over 126 computable tests (132 LM22 pairs minus 6 constant-fraction),Mitoxy-80_v1.0,NA
Ferroptosis,B cells memory,0.008625749042511722,0.9069799816932541,0.048280465561467686,0.5128537018459514,186,0.936717,No,BH over 126 computable tests (132 LM22 pairs minus 6 constant-fraction),Mitoxy-80_v1.0,NA
Mitochondrial_Iron,Mast cells activated,0.007167776134486866,0.9226488230927375,-0.03018769963353502,0.6825226744413173,186,0.945152,No,BH over 126 computable tests (132 LM22 pairs minus 6 constant-fraction),Mitoxy-80_v1.0,NA
Pyroptosis,T cells regulatory,-0.005366995754942772,0.9420423427591903,-0.03520318643725914,0.6333487324383769,186,0.957237,No,BH over 126 computable tests (132 LM22 pairs minus 6 constant-fraction),Mitoxy-80_v1.0,NA
Ferroptosis,B cells naive,-0.0014451198558962728,0.9843816460977838,-0.06634946512561095,0.36823844706528164,186,0.987121,No,BH over 126 computable tests (132 LM22 pairs minus 6 constant-fraction),Mitoxy-80_v1.0,NA
Pyroptosis,Mast cells resting,0.0011916620967693805,0.9871206685225826,0.03766893201619827,0.6097336329169312,186,0.987121,No,BH over 126 computable tests (132 LM22 pairs minus 6 constant-fraction),Mitoxy-80_v1.0,NA
Mitochondrial_Iron,NK cells activated,,,,,186,NA,Not_tested,NK cells activated fraction = 0 in all 186 samples; correlation undefined,Mitoxy-80_v1.0,NA
Mitochondrial_Oxidative,NK cells activated,,,,,186,NA,Not_tested,NK cells activated fraction = 0 in all 186 samples; correlation undefined,Mitoxy-80_v1.0,NA
MAM_Integrity,NK cells activated,,,,,186,NA,Not_tested,NK cells activated fraction = 0 in all 186 samples; correlation undefined,Mitoxy-80_v1.0,NA
Ferroptosis,NK cells activated,,,,,186,NA,Not_tested,NK cells activated fraction = 0 in all 186 samples; correlation undefined,Mitoxy-80_v1.0,NA
Pyroptosis,NK cells activated,,,,,186,NA,Not_tested,NK cells activated fraction = 0 in all 186 samples; correlation undefined,Mitoxy-80_v1.0,NA
Mitoxyperilysis_Total,NK cells activated,,,,,186,NA,Not_tested,NK cells activated fraction = 0 in all 186 samples; correlation undefined,Mitoxy-80_v1.0,NA
