,Healthy_Control_Mean,Sepsis_Mean,Sepsis_COVID_Mean,gene_set_version,score_version
B cells naive,0.022843500087696776,0.008399769646577826,0.004921959667674359,NA,NA
B cells memory,0.05090383850554565,0.030989790022350836,0.033788958492577396,NA,NA
Plasma cells,0.014067377741032972,0.03279117585030416,0.03440692201280832,NA,NA
T cells CD8,0.13279941149430208,0.1322954985765578,0.11970963702058607,NA,NA
T cells CD4 naive,0.10168062423017718,0.05683981018435559,0.06615179239761233,NA,NA
T cells CD4 memory rest,0.13499285584229168,0.12932733446993674,0.12328102009987318,NA,NA
T cells CD4 memory act,0.0,0.005607807576718913,0.001293174774369301,NA,NA
T cells foll helper,0.0,0.0002317405643246656,0.0004302790626750952,NA,NA
T cells regulatory,0.0,0.0004976549698513139,0.0005357800262103026,NA,NA
T cells gamma delta,0.000742276284771548,7.499086815070206e-05,0.0,NA,NA
NK cells resting,0.14096696986678056,0.15656919163172375,0.1545677481864252,NA,NA
NK cells activated,0.0,3.6549580284690306e-05,0.0,NA,NA
Monocytes,0.16101191479934868,0.17607716260187953,0.17620330942069343,NA,NA
Macrophages M0,0.05391301214417757,0.017233275747904724,0.01714105912431309,NA,NA
Macrophages M1,0.0,0.0003369782655537447,0.0,NA,NA
Macrophages M2,0.029551536103765944,0.03342070240091444,0.049839106150760884,NA,NA
Dendritic cells resting,0.013184799480964694,0.004848737386943384,0.001817407941538609,NA,NA
Dendritic cells act,0.0,0.006280318154242752,0.0036375786454988907,NA,NA
Mast cells resting,0.03428814179687822,0.03510718195106959,0.010308243888314902,NA,NA
Mast cells activated,0.0013231794851029778,0.003265439982157764,0.01023556273623125,NA,NA
Eosinophils,0.02575501444429232,0.0183850840394501,0.014938427361888456,NA,NA
Neutrophils,0.08197554769287117,0.15138380552874697,0.1767920329899489,NA,NA
