dataset,gsm,unit,sample_id,condition,tissue,platform,notes,gene_set_version,score_version
GSE271370,GSM8375640,section,L2P,ProliferativeDAD,lung,Visium_FFPE,"fatal COVID-19, GEO disease state verified 2026-08-17",,
GSE271370,GSM8375641,section,L19P,ProliferativeDAD,lung,Visium_FFPE,"fatal COVID-19, GEO disease state verified 2026-08-17",,
GSE271370,GSM8375642,section,L11P,ProliferativeDAD,lung,Visium_FFPE,"fatal COVID-19, GEO disease state verified 2026-08-17",,
GSE271370,GSM8375643,section,CONTROL2,Control,lung,Visium_FFPE,"fatal COVID-19, GEO disease state verified 2026-08-17",,
GSE271370,GSM8387358,section,HRC5,ProliferativeDAD,lung,Visium_FFPE,"fatal COVID-19, GEO disease state verified 2026-08-17",,
GSE271370,GSM8387359,section,HRC6,ProliferativeDAD,lung,Visium_FFPE,"fatal COVID-19, GEO disease state verified 2026-08-17",,
GSE271370,GSM8387360,section,HRC8,ProliferativeDAD,lung,Visium_FFPE,"fatal COVID-19, GEO disease state verified 2026-08-17",,
GSE271370,GSM8387361,section,HRC10,ProliferativeDAD,lung,Visium_FFPE,"fatal COVID-19, GEO disease state verified 2026-08-17",,
GSE271370,GSM8387362,section,HRC11,ProliferativeDAD,lung,Visium_FFPE,"fatal COVID-19, GEO disease state verified 2026-08-17",,
GSE271370,GSM8387363,section,HRC12,ProliferativeDAD,lung,Visium_FFPE,"fatal COVID-19, GEO disease state verified 2026-08-17",,
GSE271370,GSM8387364,section,HRC13,ProliferativeDAD,lung,Visium_FFPE,"fatal COVID-19, GEO disease state verified 2026-08-17",,
GSE271370,GSM8387365,section,HRC16,ProliferativeDAD,lung,Visium_FFPE,"fatal COVID-19, GEO disease state verified 2026-08-17",,
GSE271370,GSM8387366,section,HRC17,ProliferativeDAD,lung,Visium_FFPE,"fatal COVID-19, GEO disease state verified 2026-08-17",,
GSE271370,GSM8387367,section,L5P,AcuteDAD,lung,Visium_FFPE,"fatal COVID-19, GEO disease state verified 2026-08-17",,
GSE271370,GSM8387368,section,L14P,AcuteDAD,lung,Visium_FFPE,"fatal COVID-19, GEO disease state verified 2026-08-17",,
GSE271370,GSM8387369,section,L24P,AcuteDAD,lung,Visium_FFPE,"fatal COVID-19, GEO disease state verified 2026-08-17",,
GSE271370,GSM8387370,section,L12P,AcuteDAD,lung,Visium_FFPE,"fatal COVID-19, GEO disease state verified 2026-08-17",,
GSE271370,GSM8387371,section,HRC2,AcuteDAD,lung,Visium_FFPE,"fatal COVID-19, GEO disease state verified 2026-08-17",,
GSE271370,GSM8387372,section,HRC4,AcuteDAD,lung,Visium_FFPE,"fatal COVID-19, GEO disease state verified 2026-08-17",,
GSE271370,GSM8387373,section,HRC18,AcuteDAD,lung,Visium_FFPE,"fatal COVID-19, GEO disease state verified 2026-08-17",,
GSE271370,GSM8387374,section,L3C,Control,lung,Visium_FFPE,"fatal COVID-19, GEO disease state verified 2026-08-17",,
GSE271370,GSM8387375,section,L14C,Control,lung,Visium_FFPE,"fatal COVID-19, GEO disease state verified 2026-08-17",,
GSE271370,GSM8387376,section,L2C,Control,lung,Visium_FFPE,"fatal COVID-19, GEO disease state verified 2026-08-17",,
GSE253474,GSM8021264,FOV,TMA_A_8_Case1_FOV27,ARDS,lung,CosMx_SMI,ARDS death cases; slide/case/fov from GSM titles,,
GSE253474,GSM8021265,FOV,TMA_A_8_Case1_FOV28,ARDS,lung,CosMx_SMI,ARDS death cases; slide/case/fov from GSM titles,,
GSE253474,GSM8021248,FOV,TMA_A_8_Case12_FOV11,ARDS,lung,CosMx_SMI,ARDS death cases; slide/case/fov from GSM titles,,
GSE253474,GSM8021249,FOV,TMA_A_8_Case12_FOV12,ARDS,lung,CosMx_SMI,ARDS death cases; slide/case/fov from GSM titles,,
GSE253474,GSM8021240,FOV,TMA_A_8_Case16_FOV3,ARDS,lung,CosMx_SMI,ARDS death cases; slide/case/fov from GSM titles,,
GSE253474,GSM8021241,FOV,TMA_A_8_Case16_FOV4,ARDS,lung,CosMx_SMI,ARDS death cases; slide/case/fov from GSM titles,,
GSE253474,GSM8021266,FOV,TMA_A_8_Case17_FOV29,ARDS,lung,CosMx_SMI,ARDS death cases; slide/case/fov from GSM titles,,
GSE253474,GSM8021267,FOV,TMA_A_8_Case17_FOV30,ARDS,lung,CosMx_SMI,ARDS death cases; slide/case/fov from GSM titles,,
GSE253474,GSM8021269,FOV,TMA_A_8_Case18_FOV32,ARDS,lung,CosMx_SMI,ARDS death cases; slide/case/fov from GSM titles,,
GSE253474,GSM8021258,FOV,TMA_A_8_Case2_FOV21,ARDS,lung,CosMx_SMI,ARDS death cases; slide/case/fov from GSM titles,,
GSE253474,GSM8021259,FOV,TMA_A_8_Case2_FOV22,ARDS,lung,CosMx_SMI,ARDS death cases; slide/case/fov from GSM titles,,
GSE253474,GSM8021254,FOV,TMA_A_8_Case20_FOV17,ARDS,lung,CosMx_SMI,ARDS death cases; slide/case/fov from GSM titles,,
GSE253474,GSM8021255,FOV,TMA_A_8_Case20_FOV18,ARDS,lung,CosMx_SMI,ARDS death cases; slide/case/fov from GSM titles,,
GSE253474,GSM8021246,FOV,TMA_A_8_Case21_FOV9,ARDS,lung,CosMx_SMI,ARDS death cases; slide/case/fov from GSM titles,,
GSE253474,GSM8021247,FOV,TMA_A_8_Case21_FOV10,ARDS,lung,CosMx_SMI,ARDS death cases; slide/case/fov from GSM titles,,
GSE253474,GSM8021242,FOV,TMA_A_8_Case28_FOV5,ARDS,lung,CosMx_SMI,ARDS death cases; slide/case/fov from GSM titles,,
GSE253474,GSM8021243,FOV,TMA_A_8_Case28_FOV6,ARDS,lung,CosMx_SMI,ARDS death cases; slide/case/fov from GSM titles,,
GSE253474,GSM8021250,FOV,TMA_A_8_Case3_FOV13,ARDS,lung,CosMx_SMI,ARDS death cases; slide/case/fov from GSM titles,,
GSE253474,GSM8021251,FOV,TMA_A_8_Case3_FOV14,ARDS,lung,CosMx_SMI,ARDS death cases; slide/case/fov from GSM titles,,
GSE253474,GSM8021262,FOV,TMA_A_8_Case30_FOV25,ARDS,lung,CosMx_SMI,ARDS death cases; slide/case/fov from GSM titles,,
GSE253474,GSM8021263,FOV,TMA_A_8_Case30_FOV26,ARDS,lung,CosMx_SMI,ARDS death cases; slide/case/fov from GSM titles,,
GSE253474,GSM8021256,FOV,TMA_A_8_Case31_FOV19,ARDS,lung,CosMx_SMI,ARDS death cases; slide/case/fov from GSM titles,,
GSE253474,GSM8021257,FOV,TMA_A_8_Case31_FOV20,ARDS,lung,CosMx_SMI,ARDS death cases; slide/case/fov from GSM titles,,
GSE253474,GSM8021244,FOV,TMA_A_8_Case4_FOV7,ARDS,lung,CosMx_SMI,ARDS death cases; slide/case/fov from GSM titles,,
GSE253474,GSM8021245,FOV,TMA_A_8_Case4_FOV8,ARDS,lung,CosMx_SMI,ARDS death cases; slide/case/fov from GSM titles,,
GSE253474,GSM8021238,FOV,TMA_A_8_Case6_FOV1,ARDS,lung,CosMx_SMI,ARDS death cases; slide/case/fov from GSM titles,,
GSE253474,GSM8021239,FOV,TMA_A_8_Case6_FOV2,ARDS,lung,CosMx_SMI,ARDS death cases; slide/case/fov from GSM titles,,
GSE253474,GSM8021268,FOV,TMA_A_8_Case7_FOV31,ARDS,lung,CosMx_SMI,ARDS death cases; slide/case/fov from GSM titles,,
GSE253474,GSM8021260,FOV,TMA_A_8_Case8_FOV23,ARDS,lung,CosMx_SMI,ARDS death cases; slide/case/fov from GSM titles,,
GSE253474,GSM8021261,FOV,TMA_A_8_Case8_FOV24,ARDS,lung,CosMx_SMI,ARDS death cases; slide/case/fov from GSM titles,,
GSE253474,GSM8021252,FOV,TMA_A_8_Case9_FOV15,ARDS,lung,CosMx_SMI,ARDS death cases; slide/case/fov from GSM titles,,
GSE253474,GSM8021253,FOV,TMA_A_8_Case9_FOV16,ARDS,lung,CosMx_SMI,ARDS death cases; slide/case/fov from GSM titles,,
GSE253474,GSM8021296,FOV,TMA_A_9_Case1_FOV27,ARDS,lung,CosMx_SMI,ARDS death cases; slide/case/fov from GSM titles,,
GSE253474,GSM8021297,FOV,TMA_A_9_Case1_FOV28,ARDS,lung,CosMx_SMI,ARDS death cases; slide/case/fov from GSM titles,,
GSE253474,GSM8021280,FOV,TMA_A_9_Case12_FOV11,ARDS,lung,CosMx_SMI,ARDS death cases; slide/case/fov from GSM titles,,
GSE253474,GSM8021281,FOV,TMA_A_9_Case12_FOV12,ARDS,lung,CosMx_SMI,ARDS death cases; slide/case/fov from GSM titles,,
GSE253474,GSM8021272,FOV,TMA_A_9_Case16_FOV3,ARDS,lung,CosMx_SMI,ARDS death cases; slide/case/fov from GSM titles,,
GSE253474,GSM8021273,FOV,TMA_A_9_Case16_FOV4,ARDS,lung,CosMx_SMI,ARDS death cases; slide/case/fov from GSM titles,,
GSE253474,GSM8021298,FOV,TMA_A_9_Case17_FOV29,ARDS,lung,CosMx_SMI,ARDS death cases; slide/case/fov from GSM titles,,
GSE253474,GSM8021299,FOV,TMA_A_9_Case17_FOV30,ARDS,lung,CosMx_SMI,ARDS death cases; slide/case/fov from GSM titles,,
GSE253474,GSM8021301,FOV,TMA_A_9_Case18_FOV32,ARDS,lung,CosMx_SMI,ARDS death cases; slide/case/fov from GSM titles,,
GSE253474,GSM8021290,FOV,TMA_A_9_Case2_FOV21,ARDS,lung,CosMx_SMI,ARDS death cases; slide/case/fov from GSM titles,,
GSE253474,GSM8021291,FOV,TMA_A_9_Case2_FOV22,ARDS,lung,CosMx_SMI,ARDS death cases; slide/case/fov from GSM titles,,
GSE253474,GSM8021286,FOV,TMA_A_9_Case20_FOV17,ARDS,lung,CosMx_SMI,ARDS death cases; slide/case/fov from GSM titles,,
GSE253474,GSM8021287,FOV,TMA_A_9_Case20_FOV18,ARDS,lung,CosMx_SMI,ARDS death cases; slide/case/fov from GSM titles,,
GSE253474,GSM8021278,FOV,TMA_A_9_Case21_FOV9,ARDS,lung,CosMx_SMI,ARDS death cases; slide/case/fov from GSM titles,,
GSE253474,GSM8021279,FOV,TMA_A_9_Case21_FOV10,ARDS,lung,CosMx_SMI,ARDS death cases; slide/case/fov from GSM titles,,
GSE253474,GSM8021274,FOV,TMA_A_9_Case28_FOV5,ARDS,lung,CosMx_SMI,ARDS death cases; slide/case/fov from GSM titles,,
GSE253474,GSM8021275,FOV,TMA_A_9_Case28_FOV6,ARDS,lung,CosMx_SMI,ARDS death cases; slide/case/fov from GSM titles,,
GSE253474,GSM8021282,FOV,TMA_A_9_Case3_FOV13,ARDS,lung,CosMx_SMI,ARDS death cases; slide/case/fov from GSM titles,,
GSE253474,GSM8021283,FOV,TMA_A_9_Case3_FOV14,ARDS,lung,CosMx_SMI,ARDS death cases; slide/case/fov from GSM titles,,
GSE253474,GSM8021294,FOV,TMA_A_9_Case30_FOV25,ARDS,lung,CosMx_SMI,ARDS death cases; slide/case/fov from GSM titles,,
GSE253474,GSM8021295,FOV,TMA_A_9_Case30_FOV26,ARDS,lung,CosMx_SMI,ARDS death cases; slide/case/fov from GSM titles,,
GSE253474,GSM8021288,FOV,TMA_A_9_Case31_FOV19,ARDS,lung,CosMx_SMI,ARDS death cases; slide/case/fov from GSM titles,,
GSE253474,GSM8021289,FOV,TMA_A_9_Case31_FOV20,ARDS,lung,CosMx_SMI,ARDS death cases; slide/case/fov from GSM titles,,
GSE253474,GSM8021276,FOV,TMA_A_9_Case4_FOV7,ARDS,lung,CosMx_SMI,ARDS death cases; slide/case/fov from GSM titles,,
GSE253474,GSM8021277,FOV,TMA_A_9_Case4_FOV8,ARDS,lung,CosMx_SMI,ARDS death cases; slide/case/fov from GSM titles,,
GSE253474,GSM8021270,FOV,TMA_A_9_Case6_FOV1,ARDS,lung,CosMx_SMI,ARDS death cases; slide/case/fov from GSM titles,,
GSE253474,GSM8021271,FOV,TMA_A_9_Case6_FOV2,ARDS,lung,CosMx_SMI,ARDS death cases; slide/case/fov from GSM titles,,
GSE253474,GSM8021300,FOV,TMA_A_9_Case7_FOV31,ARDS,lung,CosMx_SMI,ARDS death cases; slide/case/fov from GSM titles,,
GSE253474,GSM8021292,FOV,TMA_A_9_Case8_FOV23,ARDS,lung,CosMx_SMI,ARDS death cases; slide/case/fov from GSM titles,,
GSE253474,GSM8021293,FOV,TMA_A_9_Case8_FOV24,ARDS,lung,CosMx_SMI,ARDS death cases; slide/case/fov from GSM titles,,
GSE253474,GSM8021284,FOV,TMA_A_9_Case9_FOV15,ARDS,lung,CosMx_SMI,ARDS death cases; slide/case/fov from GSM titles,,
GSE253474,GSM8021285,FOV,TMA_A_9_Case9_FOV16,ARDS,lung,CosMx_SMI,ARDS death cases; slide/case/fov from GSM titles,,
GSE253474,GSM8021302,FOV,TMA_B_10_Case1_FOV1,ARDS,lung,CosMx_SMI,ARDS death cases; slide/case/fov from GSM titles,,
GSE253474,GSM8021303,FOV,TMA_B_10_Case1_FOV2,ARDS,lung,CosMx_SMI,ARDS death cases; slide/case/fov from GSM titles,,
GSE253474,GSM8021323,FOV,TMA_B_10_Case12_FOV22,ARDS,lung,CosMx_SMI,ARDS death cases; slide/case/fov from GSM titles,,
GSE253474,GSM8021324,FOV,TMA_B_10_Case12_FOV23,ARDS,lung,CosMx_SMI,ARDS death cases; slide/case/fov from GSM titles,,
GSE253474,GSM8021306,FOV,TMA_B_10_Case17_FOV5,ARDS,lung,CosMx_SMI,ARDS death cases; slide/case/fov from GSM titles,,
GSE253474,GSM8021307,FOV,TMA_B_10_Case17_FOV6,ARDS,lung,CosMx_SMI,ARDS death cases; slide/case/fov from GSM titles,,
GSE253474,GSM8021310,FOV,TMA_B_10_Case2_FOV9,ARDS,lung,CosMx_SMI,ARDS death cases; slide/case/fov from GSM titles,,
GSE253474,GSM8021317,FOV,TMA_B_10_Case20_FOV16,ARDS,lung,CosMx_SMI,ARDS death cases; slide/case/fov from GSM titles,,
GSE253474,GSM8021318,FOV,TMA_B_10_Case20_FOV17,ARDS,lung,CosMx_SMI,ARDS death cases; slide/case/fov from GSM titles,,
GSE253474,GSM8021321,FOV,TMA_B_10_Case21_FOV20,ARDS,lung,CosMx_SMI,ARDS death cases; slide/case/fov from GSM titles,,
GSE253474,GSM8021322,FOV,TMA_B_10_Case21_FOV21,ARDS,lung,CosMx_SMI,ARDS death cases; slide/case/fov from GSM titles,,
GSE253474,GSM8021327,FOV,TMA_B_10_Case28_FOV26,ARDS,lung,CosMx_SMI,ARDS death cases; slide/case/fov from GSM titles,,
GSE253474,GSM8021308,FOV,TMA_B_10_Case29_FOV7,ARDS,lung,CosMx_SMI,ARDS death cases; slide/case/fov from GSM titles,,
GSE253474,GSM8021309,FOV,TMA_B_10_Case29_FOV8,ARDS,lung,CosMx_SMI,ARDS death cases; slide/case/fov from GSM titles,,
GSE253474,GSM8021315,FOV,TMA_B_10_Case3_FOV14,ARDS,lung,CosMx_SMI,ARDS death cases; slide/case/fov from GSM titles,,
GSE253474,GSM8021316,FOV,TMA_B_10_Case3_FOV15,ARDS,lung,CosMx_SMI,ARDS death cases; slide/case/fov from GSM titles,,
GSE253474,GSM8021313,FOV,TMA_B_10_Case30_FOV12,ARDS,lung,CosMx_SMI,ARDS death cases; slide/case/fov from GSM titles,,
GSE253474,GSM8021314,FOV,TMA_B_10_Case30_FOV13,ARDS,lung,CosMx_SMI,ARDS death cases; slide/case/fov from GSM titles,,
GSE253474,GSM8021319,FOV,TMA_B_10_Case4_FOV18,ARDS,lung,CosMx_SMI,ARDS death cases; slide/case/fov from GSM titles,,
GSE253474,GSM8021320,FOV,TMA_B_10_Case4_FOV19,ARDS,lung,CosMx_SMI,ARDS death cases; slide/case/fov from GSM titles,,
GSE253474,GSM8021325,FOV,TMA_B_10_Case6_FOV24,ARDS,lung,CosMx_SMI,ARDS death cases; slide/case/fov from GSM titles,,
GSE253474,GSM8021326,FOV,TMA_B_10_Case6_FOV25,ARDS,lung,CosMx_SMI,ARDS death cases; slide/case/fov from GSM titles,,
GSE253474,GSM8021304,FOV,TMA_B_10_Case7_FOV3,ARDS,lung,CosMx_SMI,ARDS death cases; slide/case/fov from GSM titles,,
GSE253474,GSM8021305,FOV,TMA_B_10_Case7_FOV4,ARDS,lung,CosMx_SMI,ARDS death cases; slide/case/fov from GSM titles,,
GSE253474,GSM8021311,FOV,TMA_B_10_Case8_FOV10,ARDS,lung,CosMx_SMI,ARDS death cases; slide/case/fov from GSM titles,,
GSE253474,GSM8021312,FOV,TMA_B_10_Case8_FOV11,ARDS,lung,CosMx_SMI,ARDS death cases; slide/case/fov from GSM titles,,
GSE253474,GSM8021328,FOV,TMA_B_9_Case1_FOV1,ARDS,lung,CosMx_SMI,ARDS death cases; slide/case/fov from GSM titles,,
GSE253474,GSM8021329,FOV,TMA_B_9_Case1_FOV2,ARDS,lung,CosMx_SMI,ARDS death cases; slide/case/fov from GSM titles,,
GSE253474,GSM8021349,FOV,TMA_B_9_Case12_FOV22,ARDS,lung,CosMx_SMI,ARDS death cases; slide/case/fov from GSM titles,,
GSE253474,GSM8021350,FOV,TMA_B_9_Case12_FOV23,ARDS,lung,CosMx_SMI,ARDS death cases; slide/case/fov from GSM titles,,
GSE253474,GSM8021332,FOV,TMA_B_9_Case17_FOV5,ARDS,lung,CosMx_SMI,ARDS death cases; slide/case/fov from GSM titles,,
GSE253474,GSM8021333,FOV,TMA_B_9_Case17_FOV6,ARDS,lung,CosMx_SMI,ARDS death cases; slide/case/fov from GSM titles,,
GSE253474,GSM8021336,FOV,TMA_B_9_Case2_FOV9,ARDS,lung,CosMx_SMI,ARDS death cases; slide/case/fov from GSM titles,,
GSE253474,GSM8021343,FOV,TMA_B_9_Case20_FOV16,ARDS,lung,CosMx_SMI,ARDS death cases; slide/case/fov from GSM titles,,
GSE253474,GSM8021344,FOV,TMA_B_9_Case20_FOV17,ARDS,lung,CosMx_SMI,ARDS death cases; slide/case/fov from GSM titles,,
GSE253474,GSM8021347,FOV,TMA_B_9_Case21_FOV20,ARDS,lung,CosMx_SMI,ARDS death cases; slide/case/fov from GSM titles,,
GSE253474,GSM8021348,FOV,TMA_B_9_Case21_FOV21,ARDS,lung,CosMx_SMI,ARDS death cases; slide/case/fov from GSM titles,,
GSE253474,GSM8021353,FOV,TMA_B_9_Case28_FOV26,ARDS,lung,CosMx_SMI,ARDS death cases; slide/case/fov from GSM titles,,
GSE253474,GSM8021334,FOV,TMA_B_9_Case29_FOV7,ARDS,lung,CosMx_SMI,ARDS death cases; slide/case/fov from GSM titles,,
GSE253474,GSM8021335,FOV,TMA_B_9_Case29_FOV8,ARDS,lung,CosMx_SMI,ARDS death cases; slide/case/fov from GSM titles,,
GSE253474,GSM8021341,FOV,TMA_B_9_Case3_FOV14,ARDS,lung,CosMx_SMI,ARDS death cases; slide/case/fov from GSM titles,,
GSE253474,GSM8021342,FOV,TMA_B_9_Case3_FOV15,ARDS,lung,CosMx_SMI,ARDS death cases; slide/case/fov from GSM titles,,
GSE253474,GSM8021339,FOV,TMA_B_9_Case30_FOV12,ARDS,lung,CosMx_SMI,ARDS death cases; slide/case/fov from GSM titles,,
GSE253474,GSM8021340,FOV,TMA_B_9_Case30_FOV13,ARDS,lung,CosMx_SMI,ARDS death cases; slide/case/fov from GSM titles,,
GSE253474,GSM8021345,FOV,TMA_B_9_Case4_FOV18,ARDS,lung,CosMx_SMI,ARDS death cases; slide/case/fov from GSM titles,,
GSE253474,GSM8021346,FOV,TMA_B_9_Case4_FOV19,ARDS,lung,CosMx_SMI,ARDS death cases; slide/case/fov from GSM titles,,
GSE253474,GSM8021351,FOV,TMA_B_9_Case6_FOV24,ARDS,lung,CosMx_SMI,ARDS death cases; slide/case/fov from GSM titles,,
GSE253474,GSM8021352,FOV,TMA_B_9_Case6_FOV25,ARDS,lung,CosMx_SMI,ARDS death cases; slide/case/fov from GSM titles,,
GSE253474,GSM8021330,FOV,TMA_B_9_Case7_FOV3,ARDS,lung,CosMx_SMI,ARDS death cases; slide/case/fov from GSM titles,,
GSE253474,GSM8021331,FOV,TMA_B_9_Case7_FOV4,ARDS,lung,CosMx_SMI,ARDS death cases; slide/case/fov from GSM titles,,
GSE253474,GSM8021337,FOV,TMA_B_9_Case8_FOV10,ARDS,lung,CosMx_SMI,ARDS death cases; slide/case/fov from GSM titles,,
GSE253474,GSM8021338,FOV,TMA_B_9_Case8_FOV11,ARDS,lung,CosMx_SMI,ARDS death cases; slide/case/fov from GSM titles,,
