s_number,filename,location,class,status,gene_universe,gene_set_version,score_version,n_data_rows,size_bytes,sha256,analysis,notes
,_pcd_score_summary.json,04_AUDIT_GOVERNANCE,analysis_output,canonical,none,,,16.0,274,312cdf217934c428a91f3b18de51650f9621923f2d9f54940e9ac225f56fd210,S5 PCD 评分摘要 JSON,
,Bridge_Test_Result.csv,04_AUDIT_GOVERNANCE,bridge,canonical,mitoxy_80,Mitoxy-80_v1.0,bridge_v2,80.0,16913,c527b91e02f5850ea4ffdcc1828ec0f4492a1e95bdffea71fea1bea44391958f,§1 五维收敛打分（bridge_v2=N1 别名修复后）,
,D1b_GSE32707_Metadata_Check_Report.md,04_AUDIT_GOVERNANCE,audit_report,canonical,none,,,42.0,3495,c615e9aff32edcc48e01aec9d9ce04a4eba7f2ea3889b9759a4a0c8a19b50dbd,D1b 第 1 步元数据/平台兼容性核验报告（2026-08-16）,
,GSE185263_groups.csv,04_AUDIT_GOVERNANCE,group_definition,canonical,none,,,392.0,7349,302134145652c1265d656220efe750ede99a2e626f5328fde5a1592d792b9830,GSE185263 分组定义（R1：Sepsis 266/Sepsis_COVID 82/Control 44）,
,GSE67530_beta_for_GrimAge.csv.gz,00_RAW_DATA/GSE67530_beta_for_GrimAge.csv,input_data,canonical,none,,,,246096186,ca6e8e4d9be4ba89f4179bd7edb0c8a3f68fcf87733110805a6bcf2848d7b710,GSE67530 甲基化 β 矩阵（GrimAge 输入，非结果表）,
,Mitoxyperilysis_Gene_Manifest_v1.0.csv,04_AUDIT_GOVERNANCE,gene_set_source,canonical,mitoxy_80,Mitoxy-80_v1.0,NA,80.0,12364,346537be78a4c4cf66e656138fb7e9d06bec058d5f53174f74ea9320043e9965,canonical 基因 manifest v1.0（80 基因+HGNC 别名+模块+双臂）,
,Mitoxyperilysis_Pathway_Gene_List.csv,04_AUDIT_GOVERNANCE,gene_set_source,canonical,mitoxy_80,Mitoxy-80_v1.0,NA,80.0,9336,c796699c9be55dcf4506bf8a07b28898ac87cf5ebc2e749bc2d0bdcccdc1e382,80 基因权威清单（v1.0 源定义；ARDS_vs_Control_* 列=GSE185263 全血 Bulk，N3 溯源）,
,MR_bio_CRP_Sepsis.csv,04_AUDIT_GOVERNANCE,exploratory,canonical,none,,,164.0,14091,f429add55002a82e38d70c45e39471b1c5fcaf654141df32fbd2136eaa6590d8,生物标志物→脓毒症 MR 结局侧（§13 未展开，状态待定）,
,MR_bio_Ferritin_Sepsis.csv,04_AUDIT_GOVERNANCE,exploratory,canonical,none,,,65.0,5618,e4e8b6877aea89216d48169f0081da9a21ff52e2cb4491a7ecf81a7d5380bbaa,生物标志物→脓毒症 MR 结局侧（§13 未展开，状态待定）,
,N1_Bridge_Alias_Reconnection_Report.md,04_AUDIT_GOVERNANCE,audit_report,canonical,none,,,111.0,8539,a9ccec459e3774499aea89ad76cd5be2feea724867b9220ebdf06c95bae492a0,N1 别名重连审计报告（2026-08-15）,
,N3_S2_DEG_label_check.csv,04_AUDIT_GOVERNANCE,audit_output,canonical,none,NA,NA,80.0,13259,f1ea96307c454b6278a312c5944581a4fb2e97fe922360aeaea0d106fedfffd3,N3 S2 标签一致性核对（存储 ARDS_vs_Control 列 vs 82/44 设计重验）,
,N3_Sample_Composition_Report.md,04_AUDIT_GOVERNANCE,audit_report,canonical,none,,,142.0,12058,7eccdd1ce9ec9cf0494c5b217d7bb1259f0de3ebbcb848024dc9d4ea0116b292,N3 样本构成核查 + S2 溯源 + scFOCAL 气道子集（12 BALF + 22 sputum）报告（2026-08-15）,
,N3_Sample_Manifest_Report.md,04_AUDIT_GOVERNANCE,analysis_output,canonical,none,,,58.0,10141,0c5e8f7bd25b6b790227964986b3cea745c3a72c6b6c2d772ae85d87e11413dc,,
,R1_GSE185263_phenotype_provenance_report.md,04_AUDIT_GOVERNANCE,audit_report,canonical,none,,,89.0,7705,c6ac9d22118e0b10da7d230c1832b5c55bef93b593d5cb98e9a55846406e9908,R1 表型 provenance 审计报告（2026-08-15）,
,README_5.1_Scrna_Basic.md,04_AUDIT_GOVERNANCE,report,canonical,none,,,155.0,7231,82fe1a9ed40bde5af8e3a2f0a6b6f8cd36dc0130f6edd56e541c3b9dceb37dd0,5.1 scRNA 基础管线说明,
,RESULTS_MANIFEST.md,04_AUDIT_GOVERNANCE,manifest_doc,canonical,none,,,107.0,14549,f33e225c4ed17ce6a8d585a4ad13fa26a3802a238b6421a7918fe8405727fb10,结果表包冻结说明（决策记录 + 例外登记 + lint 不变量）,2026-08-17 目录重组后再冻结：冻结头补记重组事件（01_RESULTS_TABLES 拆分/archive 上移/location 列/S5_RAW 重建/S18 恢复/缺席留痕）；校验入口与构建脚本路径 04_LOGS→03_LOGS，lint 计数 51→60（重冻结）
,SAMPLE_MANIFEST_v1.0.csv,04_AUDIT_GOVERNANCE,analysis_output,canonical,none,NA,NA,945.0,275413,6cfe02a5f23167b4b1dde961e8978d4bbdf0472b4f1410a60b4bed833efa7cca,,
S11,Table_S11_Mitoxyperilysis_TF_PerCell.csv,,supplementary_table,canonical,none,Mitoxy-80_v1.0,,138941.0,92037795,92d2460e83e029f030b0647e362613f2f83754071914c7381ba78e96e3268e76,步骤12 SCENIC TF 活性（GRNBoost 邻接，未做 cisTarget 修剪；含 85MB/688MB 大表）,数据存放层大矩阵，本地不随包（Zenodo/GEO 存档），见 01_FIGURE_DATA_CSV/README_图数据包说明.md
S11,Table_S11_SCENIC_TF_Activity.csv,02_SUPPLEMENTARY_TABLES/SUPPLEMENTARY_Tables_CSV,supplementary_table,canonical,none,NA,NA,160.0,10808,83a592a6011f869d1453a153629a39568b7b6dba69220afebd6b02a29ee9ddb6,步骤12 SCENIC TF 活性（GRNBoost 邻接，未做 cisTarget 修剪；含 85MB/688MB 大表）,
S11,Table_S11_SCENIC_TF_Activity_Summary.csv,02_SUPPLEMENTARY_TABLES/SUPPLEMENTARY_Tables_CSV,supplementary_table,canonical,none,NA,NA,8.0,139789,2dacad9e900c25738a1146f7ff7fb7329b45b6db54e9ca996268e33b5d25b72f,步骤12 SCENIC TF 活性（GRNBoost 邻接，未做 cisTarget 修剪；含 85MB/688MB 大表）,
S11,Table_S11_TF_Activity_Matrix_AllCells.csv,,supplementary_table,canonical,none,,,138941.0,723019190,6635476d9af789c98179f24b05966541103b1f786191ef33641e9c24a84252cf,步骤12 SCENIC TF 活性（GRNBoost 邻接，未做 cisTarget 修剪；含 85MB/688MB 大表）,数据存放层大矩阵，本地不随包（Zenodo/GEO 存档），见 01_FIGURE_DATA_CSV/README_图数据包说明.md
S12,Table_S12_SCENIC_Regulons.csv,02_SUPPLEMENTARY_TABLES/SUPPLEMENTARY_Tables_CSV,supplementary_table,canonical,none,NA,NA,32286.0,1370786,fc46d2795ce80d2e0801c0849cb8d674363bb8de049c99230a402a730f7b9756,步骤12 SCENIC regulon + b=上游 TF（23 TF）,
S12,Table_S12_SCENIC_Regulons_Summary.csv,02_SUPPLEMENTARY_TABLES/SUPPLEMENTARY_Tables_CSV,supplementary_table,canonical,none,NA,NA,429.0,16705,dff9e9053d186ec9e891802b3e32b49e1cde8f27cf669bd70700c688ac6dda48,步骤12 SCENIC regulon + b=上游 TF（23 TF）,
S12,Table_S12b_Mitoxyperilysis_Upstream_TF.csv,02_SUPPLEMENTARY_TABLES/SUPPLEMENTARY_Tables_CSV,supplementary_table,canonical,genome_wide,Mitoxy-80_v1.0,NA,23.0,3960,90077a09030c223f2d1d4bdaa6cc7df956222773b527f556b577d21afb39088b,步骤12 SCENIC regulon + b=上游 TF（23 TF）,
S13,Table_S13_ScTenifoldKnk_KO_Detailed.csv,02_SUPPLEMENTARY_TABLES/SUPPLEMENTARY_Tables_CSV,supplementary_table,canonical,genome_wide,Mitoxy-80_v1.0,NA,11232.0,1937220,dc1a9900d14068c6330d077ce4f9bec776288f2aba105ec96eede11cbad39b9a,步骤13 ScTenifoldKnk 虚拟敲除（12 KO 基因）,
S13,Table_S13_ScTenifoldKnk_KO_Summary.csv,02_SUPPLEMENTARY_TABLES/SUPPLEMENTARY_Tables_CSV,supplementary_table,canonical,mitoxy_80,Mitoxy-80_v1.0,NA,12.0,1917,93e3820cfbb5cc97ddceaeeb776d3cfa46a2e2440f3e311a5670c9b9c2b61334,步骤13 ScTenifoldKnk 虚拟敲除（12 KO 基因）,
S14,Table_S14_NicheNet_Analysis_Report.txt,02_SUPPLEMENTARY_TABLES/Supplementary_Notes,supplementary_report,canonical,genome_wide,NA,NA,92.0,2475,ce33d37a2826510da227bf3589b64fed7a726d415f834e7bd14ec10c17cd4b56,步骤14 配体-受体-靶标链（CellPhoneDB+SCENIC；b–e 统计）,
S14,Table_S14_NicheNet_Ligand_Receptor_Target_Chains.csv,02_SUPPLEMENTARY_TABLES/SUPPLEMENTARY_Tables_CSV,supplementary_table,canonical,genome_wide,Mitoxy-80_v1.0,NA,18.0,2257,94ca6f208975dc5eac776929a0d0d31e4b002220113d42bdc27215fec9cc9177,步骤14 配体-受体-靶标链（CellPhoneDB+SCENIC；b–e 统计）,
S14,Table_S14b_Ligand_Statistics.csv,02_SUPPLEMENTARY_TABLES/SUPPLEMENTARY_Tables_CSV,supplementary_table,canonical,none,NA,NA,1.0,101,b210fd85fdc5df6ed203565e5817a3d5dbe90460cb866178ddb968f88206fb41,步骤14 配体-受体-靶标链（CellPhoneDB+SCENIC；b–e 统计）,
S14,Table_S14c_Receptor_Statistics.csv,02_SUPPLEMENTARY_TABLES/SUPPLEMENTARY_Tables_CSV,supplementary_table,canonical,none,NA,NA,6.0,193,a091fbdf4ab91f99d5073db46959f7e2788ae036296b95d949036bff3018bcb1,步骤14 配体-受体-靶标链（CellPhoneDB+SCENIC；b–e 统计）,
S14,Table_S14d_TF_Regulation_Statistics.csv,02_SUPPLEMENTARY_TABLES/SUPPLEMENTARY_Tables_CSV,supplementary_table,canonical,none,NA,NA,13.0,1027,8eb08a3d4018ed77050d1fdca7cae77f99e3d750b7ae8bf0fdf7f721e75a1e7a,步骤14 配体-受体-靶标链（CellPhoneDB+SCENIC；b–e 统计）,
S14,Table_S14e_Cell_Communication_Matrix.csv,02_SUPPLEMENTARY_TABLES/SUPPLEMENTARY_Tables_CSV,supplementary_table,canonical,none,NA,NA,2.0,173,5aeb038ad6b31bf98514f5d95eeb78ab924aa07742b70b4424155af803f77213,步骤14 配体-受体-靶标链（CellPhoneDB+SCENIC；b–e 统计）,
S15,Table_S15a_MR_Sepsis_cisonly_Instruments.csv,02_SUPPLEMENTARY_TABLES/SUPPLEMENTARY_Tables_CSV,supplementary_table,canonical,mitoxy_80_via_alias,Mitoxy-80_v1.0,NA,58.0,8745,296f63673f2a0febde523ddbc7451db8296c30879b09ced902ab7fc6bf149446,§13.2 cis-only TWMR + 共定位（a 脓毒症、b FinnGen ARDS、c coloc、d cis/trans 审计）,
S15,Table_S15a_MR_Sepsis_cisonly_Results.csv,02_SUPPLEMENTARY_TABLES/SUPPLEMENTARY_Tables_CSV,supplementary_table,canonical,mitoxy_80_via_alias,Mitoxy-80_v1.0,NA,46.0,11262,583da6816dbaeb1143c6a3a73bc1b1ac3d79206fd92a541ac423c1aac1f2bf20,§13.2 cis-only TWMR + 共定位（a 脓毒症、b FinnGen ARDS、c coloc、d cis/trans 审计）,
S15,Table_S15a_MR_Sepsis_cisonly_Sensitivity.csv,02_SUPPLEMENTARY_TABLES/SUPPLEMENTARY_Tables_CSV,supplementary_table,canonical,mitoxy_80_via_alias,Mitoxy-80_v1.0,NA,30.0,1793,74f4d85a20042c9addd60f655b6274622e5852b72de946f9f45aef8b309d09de,§13.2 cis-only TWMR + 共定位（a 脓毒症、b FinnGen ARDS、c coloc、d cis/trans 审计）,
S15,Table_S15b_MR_FinnGenARDS_Instruments.csv,02_SUPPLEMENTARY_TABLES/SUPPLEMENTARY_Tables_CSV,supplementary_table,canonical,mitoxy_80_via_alias,Mitoxy-80_v1.0,NA,32.0,4528,61d8dcdbb2d09ed6ab5a603333263c977dfdad1f2aa7162e5d084f542beb1aa5,§13.2 cis-only TWMR + 共定位（a 脓毒症、b FinnGen ARDS、c coloc、d cis/trans 审计）,
S15,Table_S15b_MR_FinnGenARDS_Results.csv,02_SUPPLEMENTARY_TABLES/SUPPLEMENTARY_Tables_CSV,supplementary_table,canonical,mitoxy_80_via_alias,Mitoxy-80_v1.0,NA,27.0,7140,97f517bd5f871696a839d451b9cf92a7e33a286efdff4d1fdc04fdba24942235,§13.2 cis-only TWMR + 共定位（a 脓毒症、b FinnGen ARDS、c coloc、d cis/trans 审计）,
S15,Table_S15b_MR_FinnGenARDS_Sensitivity.csv,02_SUPPLEMENTARY_TABLES/SUPPLEMENTARY_Tables_CSV,supplementary_table,canonical,mitoxy_80_via_alias,Mitoxy-80_v1.0,NA,15.0,755,caa930040dae88d91b00d98524c0437c16b1699e843ee4582ae7dee99b631058,§13.2 cis-only TWMR + 共定位（a 脓毒症、b FinnGen ARDS、c coloc、d cis/trans 审计）,
S15,Table_S15c_coloc_CANX_snp_pp.csv,02_SUPPLEMENTARY_TABLES/SUPPLEMENTARY_Tables_CSV,supplementary_table,canonical,mitoxy_80_via_alias,Mitoxy-80_v1.0,NA,513.0,107307,8d10fb50f66e8359d7ae647f0e4bbcf05093ce1b9b3a7428ef85a387e4b920f3,§13.2 cis-only TWMR + 共定位（a 脓毒症、b FinnGen ARDS、c coloc、d cis/trans 审计）,
S15,Table_S15c_coloc_FinnGenARDS_Results.csv,02_SUPPLEMENTARY_TABLES/SUPPLEMENTARY_Tables_CSV,supplementary_table,canonical,mitoxy_80_via_alias,Mitoxy-80_v1.0,NA,2.0,528,b5c3b0063d5ad25b6a50cfeb45f963bfb47bd88a3f3952928449ec933ebeac22,§13.2 cis-only TWMR + 共定位（a 脓毒症、b FinnGen ARDS、c coloc、d cis/trans 审计）,
S15,Table_S15c_coloc_FinnGenARDS_Results_s00088.csv,02_SUPPLEMENTARY_TABLES/SUPPLEMENTARY_Tables_CSV,supplementary_table,canonical,mitoxy_80_via_alias,Mitoxy-80_v1.0,NA,2.0,687,827cdaef8a1b535a53beddc3a5e24145a91cc19305f7a2f58cfd7eee078887c2,§13.2 cis-only TWMR + 共定位（a 脓毒症、b FinnGen ARDS、c coloc、d cis/trans 审计）,
S15,Table_S15c_coloc_IP3R1_snp_pp.csv,02_SUPPLEMENTARY_TABLES/SUPPLEMENTARY_Tables_CSV,supplementary_table,canonical,mitoxy_80_via_alias,Mitoxy-80_v1.0,NA,610.0,127318,6b6a3202b4cdf7540486802e6961bcd620807819038f48816ed1fa0b42d5f75b,§13.2 cis-only TWMR + 共定位（a 脓毒症、b FinnGen ARDS、c coloc、d cis/trans 审计）,
S15,Table_S15d_cis_trans_classification.csv,02_SUPPLEMENTARY_TABLES/SUPPLEMENTARY_Tables_CSV,supplementary_table,canonical,mitoxy_80,Mitoxy-80_v1.0,NA,47.0,3123,11df476075d17e3c08ca45ce79d506544d64479b881c0f813f1b9af36f8cc624,§13.2 cis-only TWMR + 共定位（a 脓毒症、b FinnGen ARDS、c coloc、d cis/trans 审计）,
S16,Table_S16_Immune_Infiltration_Analysis_Report.txt,02_SUPPLEMENTARY_TABLES/Supplementary_Notes,supplementary_report,canonical,none,NA,NA,93.0,4828,0214b633946551bb781aed16b8ab9eb998e1572889e266d459eb1a6ec6aad430,步骤16 CIBERSORTx 免疫浸润（b–g：相关/分组/样本信息/评分）,
S16,Table_S16_Immune_Infiltration_Fractions.csv,02_SUPPLEMENTARY_TABLES/SUPPLEMENTARY_Tables_CSV,supplementary_table,canonical,none,NA,NA,392.0,141590,51d443d9542e3f001c0488a0242871918018dcd0f9bc3e3e109c9d81eda187e4,步骤16 CIBERSORTx 免疫浸润（b–g：相关/分组/样本信息/评分）,
S16,Table_S16b_Immune_Mitoxy_Correlation.csv,02_SUPPLEMENTARY_TABLES/SUPPLEMENTARY_Tables_CSV,supplementary_table,canonical,none,Mitoxy-80_v1.0,NA,22.0,4153,d928c43329c42a21cb5ec831e6a56b010ebe36694a3385028b577a76fcca983d,步骤16 CIBERSORTx 免疫浸润（b–g：相关/分组/样本信息/评分）,
S16,Table_S16c_Immune_Group_Comparison.csv,02_SUPPLEMENTARY_TABLES/SUPPLEMENTARY_Tables_CSV,supplementary_table,canonical,none,NA,NA,22.0,3218,c3036dbb850bad5c47e122f40c8b0cbd95f3c6d16d08614f3d7a0c91929530a8,步骤16 CIBERSORTx 免疫浸润（b–g：相关/分组/样本信息/评分）,
S16,Table_S16d_Immune_Mitoxy_All_Correlations.csv,02_SUPPLEMENTARY_TABLES/SUPPLEMENTARY_Tables_CSV,supplementary_table,canonical,none,Mitoxy-80_v1.0,NA,132.0,12508,55fbff23cec04273a70485cb9c9f8d62d570b50b1d8b89f78a625e03f7a94ada,步骤16 CIBERSORTx 免疫浸润（b–g：相关/分组/样本信息/评分）,
S16,Table_S16e_Sample_Condition_Info.csv,02_SUPPLEMENTARY_TABLES/SUPPLEMENTARY_Tables_CSV,supplementary_table,canonical,none,NA,NA,392.0,13354,ecba47762b68ee8a7c32c6998c39231e3667428c25dba5db70a031fa937b1a91,步骤16 CIBERSORTx 免疫浸润（b–g：相关/分组/样本信息/评分）,
S16,Table_S16f_Mitoxyperilysis_Scores_Bulk.csv,02_SUPPLEMENTARY_TABLES/SUPPLEMENTARY_Tables_CSV,supplementary_table,canonical,none,Mitoxy-80_v1.0,ssGSEA_v1,392.0,61760,a18b1df190df6b65ed096b481ecf2a575ce025aea518cf4b631996d0322453d2,步骤16 CIBERSORTx 免疫浸润（b–g：相关/分组/样本信息/评分）,
S16,Table_S16g_Immune_By_Condition_Summary.csv,02_SUPPLEMENTARY_TABLES/SUPPLEMENTARY_Tables_CSV,supplementary_table,canonical,none,NA,NA,22.0,1825,d15db2349a91d2289e231737088c973afec4994a8a5fbbf96ef7e2a470ba9f9d,步骤16 CIBERSORTx 免疫浸润（b–g：相关/分组/样本信息/评分）,
S17,Table_S17_Cell_Composition_DA.csv,02_SUPPLEMENTARY_TABLES/SUPPLEMENTARY_Tables_CSV,supplementary_table,canonical,none,NA,NA,1422.0,167458,58ef2fb502f4394a0edea2da5fe092033cf1e8401f5e7fdb0421a18e2d9f2f54,步骤17 细胞组成差异（样本级置换检验；b–e）,
S17,Table_S17b_CellType_Composition_DA.csv,02_SUPPLEMENTARY_TABLES/SUPPLEMENTARY_Tables_CSV,supplementary_table,canonical,none,NA,NA,24.0,2692,9e23673eb81372c24d36b3b5b07784c0f7f3ac8cacac1638b8cc74c7640161eb,步骤17 细胞组成差异（样本级置换检验；b–e）,
S17,Table_S17c_Sample_CellType_Proportions.csv,02_SUPPLEMENTARY_TABLES/SUPPLEMENTARY_Tables_CSV,supplementary_table,canonical,none,NA,NA,63.0,5079,bab6a8acb067bb28c83ecb92b890448e4c447cabcf2b49bab7f471dcb38e045b,步骤17 细胞组成差异（样本级置换检验；b–e）,
S17,Table_S17d_Sample_CellType_Counts.csv,02_SUPPLEMENTARY_TABLES/SUPPLEMENTARY_Tables_CSV,supplementary_table,canonical,none,NA,NA,63.0,2535,5aacb476f2535af98f8202fb561ba589ecc23f160813df33ae873a6a3526c978,步骤17 细胞组成差异（样本级置换检验；b–e）,
S17,Table_S17e_GSE158055_Only_CellType_DA.csv,02_SUPPLEMENTARY_TABLES/SUPPLEMENTARY_Tables_CSV,supplementary_table,canonical,none,NA,NA,21.0,2338,dad7a03699eb93a34a6c7af839b822abb61a29b1e7860670358abe2d5f2dd00b,步骤17 细胞组成差异（样本级置换检验；b–e）,
S18,Table_S18_AlphaMissense_Analysis_Report.txt,02_SUPPLEMENTARY_TABLES/Supplementary_Notes,supplementary_report,canonical,custom_panel_AM55,Mitoxy-80_v1.0,,95.0,5848,ff367778a6e6339bf1afe54bf502ff6e37b15bf274ad091d3df859d7cc09f79d,步骤18 AlphaMissense 突变致病性（55 基因；_CORRECTED 已晋升为正式名）,2026-08-16 目录重组核对：冻结后文件有更新（版本戳页脚与 manifest 记录一致），按 §八 重冻结
S18,Table_S18_AlphaMissense_Main.csv,02_SUPPLEMENTARY_TABLES/SUPPLEMENTARY_Tables_CSV,supplementary_table,canonical,custom_panel_AM55,Mitoxy-80_v1.0,NA,55.0,7669,9a59738354e16b61a2d9da249c3d5aef64e8ed9794f505329e7bb6364f10ed81,步骤18 AlphaMissense 突变致病性（55 基因；_CORRECTED 已晋升为正式名）,
S18,Table_S18b_AlphaMissense_Module_Summary.csv,02_SUPPLEMENTARY_TABLES/SUPPLEMENTARY_Tables_CSV,supplementary_table,canonical,custom_panel_AM55,Mitoxy-80_v1.0,NA,6.0,672,9435efbfad0d1fad3d9df4b6a3e2ea55f9899dcc2b050ba3b477a57950e812f9,步骤18 AlphaMissense 突变致病性（55 基因；_CORRECTED 已晋升为正式名）,
S18,Table_S18c_AlphaMissense_HighPriority.csv,02_SUPPLEMENTARY_TABLES/SUPPLEMENTARY_Tables_CSV,supplementary_table,canonical,custom_panel_AM55,Mitoxy-80_v1.0,NA,39.0,5630,b8048fcb78ba3bfd20550b89fe2239d8e782d9d0796d0c7cf22451c92712f92b,步骤18 AlphaMissense 突变致病性（55 基因；_CORRECTED 已晋升为正式名）,
S18,Table_S18d_AlphaMissense_Variants.csv,02_SUPPLEMENTARY_TABLES/SUPPLEMENTARY_Tables_CSV,supplementary_table,canonical,custom_panel_AM55,Mitoxy-80_v1.0,NA,10000.0,1062754,05acde09410cd7ba5c52fcd7c3870ba4f977e436908ed93b3c36031f997926c7,步骤18 AlphaMissense 突变致病性（55 基因；_CORRECTED 已晋升为正式名）,
S19,Table_S19_GWAS_Mitoxy_Integration.csv,02_SUPPLEMENTARY_TABLES/SUPPLEMENTARY_Tables_CSV,supplementary_table,canonical,mitoxy_80,Mitoxy-80_v1.0,NA,19291.0,2015245,251112cb0e664849e1d090f8d6e0d05d3625bd88e05cc2c7c80702402016b1ca,步骤19 GWAS-Mitoxy 整合（c–h；Bonferroni/Simes）,
S19,Table_S19_GWAS_Mitoxy_Integration_Report.txt,02_SUPPLEMENTARY_TABLES/Supplementary_Notes,supplementary_report,canonical,mitoxy_80,Mitoxy-80_v1.0,,107.0,5421,951a23d27783291acb8be01aefcf29b29dd36e7f0fc1c57c1d22c0389214399f,步骤19 GWAS-Mitoxy 整合（c–h；Bonferroni/Simes）,
S19,Table_S19c_Mitoxy_Gene_GWAS_Detail.csv,02_SUPPLEMENTARY_TABLES/SUPPLEMENTARY_Tables_CSV,supplementary_table,canonical,mitoxy_80,Mitoxy-80_v1.0,NA,37.0,3716,f21bf85dc9969c1b0b709051e1e15fb66d162547f23093e3684b7f134faffda7,步骤19 GWAS-Mitoxy 整合（c–h；Bonferroni/Simes）,
S19,Table_S19d_Mitoxy_Pathway_Summary.csv,02_SUPPLEMENTARY_TABLES/SUPPLEMENTARY_Tables_CSV,supplementary_table,canonical,mitoxy_80,Mitoxy-80_v1.0,NA,5.0,361,f72246ba2181cf049c7b51a7a541d4916d501238630d48578d6471f49d571bfe,步骤19 GWAS-Mitoxy 整合（c–h；Bonferroni/Simes）,
S19,Table_S19e_Death_Mode_Comparison.csv,02_SUPPLEMENTARY_TABLES/SUPPLEMENTARY_Tables_CSV,supplementary_table,canonical,mitoxy_80,Mitoxy-80_v1.0,NA,6.0,431,7c0a3303e6d439a09450555078d02d22f9bdb816b77820b15a863019b08c4fd6,步骤19 GWAS-Mitoxy 整合（c–h；Bonferroni/Simes）,
S19,Table_S19f_GWAS_Loci.csv,02_SUPPLEMENTARY_TABLES/SUPPLEMENTARY_Tables_CSV,supplementary_table,canonical,mitoxy_80,Mitoxy-80_v1.0,NA,96.0,19215,8758e29047c895ae7d6e6ee549dadaaafae70b3a3cbe1f3c295c9fa1dd20a026,步骤19 GWAS-Mitoxy 整合（c–h；Bonferroni/Simes）,
S19,Table_S19g_Mitoxy_Loci.csv,02_SUPPLEMENTARY_TABLES/SUPPLEMENTARY_Tables_CSV,supplementary_table,canonical,mitoxy_80,Mitoxy-80_v1.0,NA,2.0,756,2d1849dfe743ad1fed3fd075a098ab0a1b81f7563c1778ecac92aea666268dbc,步骤19 GWAS-Mitoxy 整合（c–h；Bonferroni/Simes）,
S19,Table_S19h_CellType_Mitoxy_Score.csv,02_SUPPLEMENTARY_TABLES/SUPPLEMENTARY_Tables_CSV,supplementary_table,canonical,none,Mitoxy-80_v1.0,legacy_scale_v0_not_for_text,8.0,700,5ac7da2206dbb893687f354c169fa64f3bcd9542719aeb2afeb3849720a54917,步骤19 GWAS-Mitoxy 整合（c–h；Bonferroni/Simes）,
S1,Table_S1_Mitoxyperilysis_Score_by_CellType.csv,02_SUPPLEMENTARY_TABLES/SUPPLEMENTARY_Tables_CSV,supplementary_table,canonical,none,Mitoxy-80_v1.0,score_genes_v1,423.0,48482,27bf3c5e94cd1ddfca884d0be1ca2473e913a1ca222f171f6d935f4446e05924,5.1 各细胞类型 Mitoxyperilysis 评分（score_genes）,
S1,Table_S1_Mitoxyperilysis_Score_by_CellType_prev38.csv,,supplementary_table,archived,none,Mitoxy-80_v1.0,score_genes_v1,423.0,72224,b2421f2366c7b3cd7974d00e9c2574dfea51f26366c042350cd7757e42c017a4,5.1 各细胞类型 Mitoxyperilysis 评分（score_genes）,历史版本，已被 canonical Table_S1 取代；2026-08-16 目录重组确认原始文件未随包迁移（见 01_FIGURE_DATA_CSV/README_图数据包说明.md 治理披露）
S1,Table_S1_Mitoxyperilysis_Score_by_CellType_Summary.csv,02_SUPPLEMENTARY_TABLES/SUPPLEMENTARY_Tables_CSV,supplementary_table,canonical,none,Mitoxy-80_v1.0,score_genes_v1,45.0,5932,12178365d69053f42d870d8a042d30770b2dc8903f494963407d4bcd6567c267,5.1 各细胞类型 Mitoxyperilysis 评分（score_genes）,
S1,Table_S1_Mitoxyperilysis_Score_by_CellType_Summary_prev38.csv,,supplementary_table,archived,none,Mitoxy-80_v1.0,score_genes_v1,45.0,4618,77843584a1a771500e31bf988d041eef63a6e44d8649d0d1677aa7ed5da7466d,5.1 各细胞类型 Mitoxyperilysis 评分（score_genes）,历史版本，已被 canonical Table_S1 取代；2026-08-16 目录重组确认原始文件未随包迁移（见 01_FIGURE_DATA_CSV/README_图数据包说明.md 治理披露）
S1,Table_S1_rescore_report.txt,02_SUPPLEMENTARY_TABLES/Supplementary_Notes,supplementary_report,canonical,none,NA,NA,40.0,1743,114b60f76dd8d71f7c19b3aa4039f0cac4f7eb394a9383f94f26df4c582c4887,5.1 各细胞类型 Mitoxyperilysis 评分（score_genes）,
S20,Table_S20_GRN_Causal_Perturbation_Report.txt,02_SUPPLEMENTARY_TABLES/Supplementary_Notes,supplementary_report,canonical,genome_wide,Mitoxy-80_v1.0,,124.0,8050,3406d85797ed94282487e72b847a2519dfe75128820735aa23a119d763da291a,步骤20 共表达因果 GRN 扰动（a–l，无 k；非 CellOracle）,
S20,Table_S20a_Causal_GRN_Network.csv,02_SUPPLEMENTARY_TABLES/SUPPLEMENTARY_Tables_CSV,supplementary_table,canonical,genome_wide,Mitoxy-80_v1.0,NA,32286.0,2584047,ec18abce494ccd4e40a4d1a8bcfec8d423e2cfcc45a9a28cbf9ce41aab915326,步骤20 共表达因果 GRN 扰动（a–l，无 k；非 CellOracle）,
S20,Table_S20b_GRN_Centrality_Hubs.csv,02_SUPPLEMENTARY_TABLES/SUPPLEMENTARY_Tables_CSV,supplementary_table,canonical,genome_wide,Mitoxy-80_v1.0,NA,9514.0,1486363,347623a86937c42fc8b47635b057336019af7b1a0bb29ed3e6569d1d406280cd,步骤20 共表达因果 GRN 扰动（a–l，无 k；非 CellOracle）,
S20,Table_S20c_TF_Perturbation_Impact.csv,02_SUPPLEMENTARY_TABLES/SUPPLEMENTARY_Tables_CSV,supplementary_table,canonical,genome_wide,Mitoxy-80_v1.0,NA,52.0,12171,0508e9dbbe9734791b6302a86a3eff9f7315fc0907bc4d15197262d877f354c2,步骤20 共表达因果 GRN 扰动（a–l，无 k；非 CellOracle）,
S20,Table_S20d_CellType_Perturbation_Vulnerability.csv,02_SUPPLEMENTARY_TABLES/SUPPLEMENTARY_Tables_CSV,supplementary_table,canonical,genome_wide,Mitoxy-80_v1.0,NA,8.0,2727,af01e7ebe93ddd5c28d714e2e131bddf1ad00ce168fdc18192b6c27015de282e,步骤20 共表达因果 GRN 扰动（a–l，无 k；非 CellOracle）,
S20,Table_S20e_GRN_Causal_Chains.csv,02_SUPPLEMENTARY_TABLES/SUPPLEMENTARY_Tables_CSV,supplementary_table,canonical,genome_wide,Mitoxy-80_v1.0,NA,1096.0,131203,f2d08cb0139adc75460065a88110357122671357c7b867d936c047f2ae057391,步骤20 共表达因果 GRN 扰动（a–l，无 k；非 CellOracle）,
S20,Table_S20f_TopTF_Perturbation_Details.csv,02_SUPPLEMENTARY_TABLES/SUPPLEMENTARY_Tables_CSV,supplementary_table,canonical,genome_wide,Mitoxy-80_v1.0,NA,338.0,38664,4012367a19706a62f230a4cf5a1cc1da115631208251cfe864e11ca4f58f6d40,步骤20 共表达因果 GRN 扰动（a–l，无 k；非 CellOracle）,
S20,Table_S20g_GRN_scTenifoldKnk_Validation.csv,02_SUPPLEMENTARY_TABLES/SUPPLEMENTARY_Tables_CSV,supplementary_table,canonical,genome_wide,Mitoxy-80_v1.0,NA,12.0,2327,dc2bc4505f4fa155491a299bf3baaeee687c5bab7b0a23c3c37ce79980627a5f,步骤20 共表达因果 GRN 扰动（a–l，无 k；非 CellOracle）,
S20,Table_S20h_CellType_Top_Regulators.csv,02_SUPPLEMENTARY_TABLES/SUPPLEMENTARY_Tables_CSV,supplementary_table,canonical,genome_wide,Mitoxy-80_v1.0,NA,18.0,1905,88edfab60a461bd519026913f138fc4410a2a3e6e9dfea87e978062c438afcb1,步骤20 共表达因果 GRN 扰动（a–l，无 k；非 CellOracle）,
S20,Table_S20i_Module_Perturbation_Sensitivity.csv,02_SUPPLEMENTARY_TABLES/SUPPLEMENTARY_Tables_CSV,supplementary_table,canonical,genome_wide,Mitoxy-80_v1.0,NA,5.0,1075,a431d0f5de168b1c33fb33c1bf3b54311bee29acb32c3a53f44ea82a13a35371,步骤20 共表达因果 GRN 扰动（a–l，无 k；非 CellOracle）,
S20,Table_S20j_GRN_Communities.csv,02_SUPPLEMENTARY_TABLES/SUPPLEMENTARY_Tables_CSV,supplementary_table,canonical,genome_wide,Mitoxy-80_v1.0,NA,7.0,761,ffa7a2f81badcfca221355be71213499b0fdecc53758954d3740015e392c7b41,步骤20 共表达因果 GRN 扰动（a–l，无 k；非 CellOracle）,
S20,Table_S20l_Causal_TF_MitoGene_Matrix.csv,02_SUPPLEMENTARY_TABLES/SUPPLEMENTARY_Tables_CSV,supplementary_table,canonical,genome_wide,Mitoxy-80_v1.0,NA,52.0,7462,7f4278a33dbbe798839b8deba57f650a209aac6aea49cc9281b5421417908e7f,步骤20 共表达因果 GRN 扰动（a–l，无 k；非 CellOracle）,
S21,Table_S21_Combinatorial_Perturbation_Report.txt,02_SUPPLEMENTARY_TABLES/Supplementary_Notes,supplementary_report,canonical,genome_wide,Mitoxy-80_v1.0,,137.0,8497,42663389e2642744acab6ecc3274eee03354a57f239c6320e0c2d5bfe587691a,步骤21 组合扰动协同（共表达 disruption；非 GEARS）,
S21,Table_S21_Combinatorial_Perturbation_Synergy.csv,02_SUPPLEMENTARY_TABLES/SUPPLEMENTARY_Tables_CSV,supplementary_table,canonical,genome_wide,Mitoxy-80_v1.0,NA,105.0,29227,6205026af06c0e5d344a5ec802ef510faed0c2479d26cfc26796b22f48c11713,步骤21 组合扰动协同（共表达 disruption；非 GEARS）,
S21,Table_S21b_Combinatorial_Perturbation_SingleKO.csv,02_SUPPLEMENTARY_TABLES/SUPPLEMENTARY_Tables_CSV,supplementary_table,canonical,genome_wide,Mitoxy-80_v1.0,NA,15.0,3041,937dc549947c5d4baecdaa7388fbfc144eac24d50dab8c35f65f5a8c0d9b18c4,步骤21 组合扰动协同（共表达 disruption；非 GEARS）,
S21,Table_S21c_Combinatorial_Perturbation_ComboKO_Detail.csv,02_SUPPLEMENTARY_TABLES/SUPPLEMENTARY_Tables_CSV,supplementary_table,canonical,genome_wide,Mitoxy-80_v1.0,NA,41292.0,4081702,144cf99c5cb52565c0a60944c3c1a430b239887db3cbcb233c8d16cd954c0896,步骤21 组合扰动协同（共表达 disruption；非 GEARS）,
S21,Table_S21d_Combinatorial_Perturbation_Network_Properties.csv,02_SUPPLEMENTARY_TABLES/SUPPLEMENTARY_Tables_CSV,supplementary_table,canonical,genome_wide,Mitoxy-80_v1.0,NA,15.0,1965,ecd5dbc6284ea80ef028b593ba243a21350f03fbadb68276f79e2ccf654cdcfb,步骤21 组合扰动协同（共表达 disruption；非 GEARS）,
S22/S23,Table_S22_S23_Drug_Database.csv,02_SUPPLEMENTARY_TABLES/SUPPLEMENTARY_Tables_CSV,supplementary_table,canonical,none,Mitoxy-80_v1.0,NA,23.0,5040,32e00e15d86d8221286078218bfe66403a4c3097757d254f8d1dd6cbfdd57e3a,,
S22/S23,Table_S22_S23_Integrated_Drug_Ranking.csv,02_SUPPLEMENTARY_TABLES/SUPPLEMENTARY_Tables_CSV,supplementary_table,canonical,none,Mitoxy-80_v1.0,NA,19.0,1139,2115f1582b7eec35a7f8f67250c756e0defd9974390e82648444016bbe0b00a5,,
S22/S23,Table_S22_S23_Virtual_Drug_Screening_Report.txt,02_SUPPLEMENTARY_TABLES/Supplementary_Notes,supplementary_report,canonical,none,Mitoxy-80_v1.0,,174.0,10822,675938e9c67c531cf30f09f7ebbbeccbe69e94b27695c82c1851b93e6605651f,,
S22,Table_S22_scFOCAL_Analysis_Report.txt,02_SUPPLEMENTARY_TABLES/Supplementary_Notes,supplementary_report,canonical,none,Mitoxy-80_v1.0,,60.0,3554,75dbf736c4b2eeea082810ddcfa9a58a106d52b8886ec5b9296e7db2750a2e54,步骤22 scFOCAL 单细胞药物敏感性 + S22/S23 整合药物表,
S22,Table_S22_scFOCAL_IC50.csv,02_SUPPLEMENTARY_TABLES/SUPPLEMENTARY_Tables_CSV,supplementary_table,canonical,none,Mitoxy-80_v1.0,NA,23.0,5040,32e00e15d86d8221286078218bfe66403a4c3097757d254f8d1dd6cbfdd57e3a,步骤22 scFOCAL 单细胞药物敏感性 + S22/S23 整合药物表,
S22,Table_S22b_scFOCAL_CellType_IC50.csv,02_SUPPLEMENTARY_TABLES/SUPPLEMENTARY_Tables_CSV,supplementary_table,canonical,none,Mitoxy-80_v1.0,legacy_scale_v0_not_for_text,11.0,1353,9ac36ddea2e09abc98e42f7f48ad2364e2c25dc89368ee18df919a51fe48bde5,步骤22 scFOCAL 单细胞药物敏感性 + S22/S23 整合药物表,
S23,Table_S23_CMap_Drugs.csv,02_SUPPLEMENTARY_TABLES/SUPPLEMENTARY_Tables_CSV,supplementary_table,canonical,none,Mitoxy-80_v1.0,NA,19.0,4934,41683b3efa0bf7677f1972e9f8f51a64875f4c39698e62fd217b59be54ebe2a4,步骤23 CMap 靶向药物（19 种，并入 S22_S23 整合表）,
S24,Table_S24_Pathway_Factor_Analysis_Report.txt,02_SUPPLEMENTARY_TABLES/Supplementary_Notes,supplementary_report,canonical,none,Mitoxy-80_v1.0,,108.0,5212,4c4b977eb0ceee583d92977acfee6b3919607847e6be2e23816a161b634524fd,步骤24 通路因子分析（FA+PCA，非 MOFA+；b–f）,
S24,Table_S24_Pathway_Factor_Scores.csv,02_SUPPLEMENTARY_TABLES/SUPPLEMENTARY_Tables_CSV,supplementary_table,canonical,none,Mitoxy-80_v1.0,NA,392.0,88803,d058a079bf24c614c71864f89a0c956f45bb80454ff16f154c36881a8478c108,步骤24 通路因子分析（FA+PCA，非 MOFA+；b–f）,
S24,Table_S24b_Pathway_Factor_TopFeatures.csv,02_SUPPLEMENTARY_TABLES/SUPPLEMENTARY_Tables_CSV,supplementary_table,canonical,none,Mitoxy-80_v1.0,NA,300.0,23867,18670f55572396651161681f2ede6e47b61d36a485755a6ddd2150017f0f1342,步骤24 通路因子分析（FA+PCA，非 MOFA+；b–f）,
S24,Table_S24c_Pathway_Factor_VarianceExplained.csv,02_SUPPLEMENTARY_TABLES/SUPPLEMENTARY_Tables_CSV,supplementary_table,canonical,none,Mitoxy-80_v1.0,NA,50.0,3813,3b08b5aa2c2c1c7cb5a9a3f7a993c5a63c862c938ce4a17ad31c369695f4b047,步骤24 通路因子分析（FA+PCA，非 MOFA+；b–f）,
S24,Table_S24d_Pathway_Factor_FactorPhenotype.csv,02_SUPPLEMENTARY_TABLES/SUPPLEMENTARY_Tables_CSV,supplementary_table,canonical,none,Mitoxy-80_v1.0,NA,10.0,1545,1b1a74299065b2208eb1be547b76d4ad1a41f04c7b2326074ea5ac9693dbaa8d,步骤24 通路因子分析（FA+PCA，非 MOFA+；b–f）,
S24,Table_S24f_Pathway_Factor_FactorScores.csv,02_SUPPLEMENTARY_TABLES/SUPPLEMENTARY_Tables_CSV,supplementary_table,canonical,none,Mitoxy-80_v1.0,NA,392.0,42320,70a98d371c91ac22c7d9e12285a34492f56236c71603443fa0f531914ff24465,步骤24 通路因子分析（FA+PCA，非 MOFA+；b–f）,
S26,Table_S26_Analysis_Report.txt,02_SUPPLEMENTARY_TABLES/Supplementary_Notes,supplementary_report,canonical,none,NA,NA,210.0,11394,a1e04e64821794c1e7dccf060701aa45037c564fb6fc659663e122fd03d0490a,步骤26 scATAC EpiAgent + Mitoxyperilysis 染色质可及性（a=HLCA 注释、b–k）,
S26,Table_S26_EpiAgent_Annotations.csv,02_SUPPLEMENTARY_TABLES/SUPPLEMENTARY_Tables_CSV,supplementary_table,canonical,none,NA,NA,21790.0,4058207,4df4efb42b1f58fc23aab6655d461ab9f8f9aabc85fa6fd8d2e0e76225291826,步骤26 scATAC EpiAgent + Mitoxyperilysis 染色质可及性（a=HLCA 注释、b–k）,
S26,Table_S26_Mitoxyperilysis_ATAC_Report.txt,02_SUPPLEMENTARY_TABLES/Supplementary_Notes,supplementary_report,canonical,none,Mitoxy-80_v1.0,,136.0,8527,8deda7f3f00f6ace8c84904090ee281cb1a8103286e839d6dc045e4f0eca4ff5,步骤26 scATAC EpiAgent + Mitoxyperilysis 染色质可及性（a=HLCA 注释、b–k）,2026-08-16 目录重组核对：冻结后文件有更新（版本戳页脚与 manifest 记录一致），按 §八 重冻结
S26,Table_S26a_HLCA_CellType_Annotations.csv,02_SUPPLEMENTARY_TABLES/SUPPLEMENTARY_Tables_CSV,supplementary_table,canonical,none,NA,NA,23274.0,1474557,255bbaeae374fc5c595bb1354ec3f061848dfce1d3637c7e1beb6a8ac8059d95,步骤26 scATAC EpiAgent + Mitoxyperilysis 染色质可及性（a=HLCA 注释、b–k）,
S26,Table_S26b_Cluster_Statistics.csv,02_SUPPLEMENTARY_TABLES/SUPPLEMENTARY_Tables_CSV,supplementary_table,canonical,none,NA,NA,16.0,2176,055d4998f6596fecaad9ae9016a3bf09c35ceb61be287ccb70b9165e9bb4fea6,步骤26 scATAC EpiAgent + Mitoxyperilysis 染色质可及性（a=HLCA 注释、b–k）,
S26,Table_S26c_Sample_Statistics.csv,02_SUPPLEMENTARY_TABLES/SUPPLEMENTARY_Tables_CSV,supplementary_table,canonical,none,NA,NA,4.0,122,2645a68b31c55c0c6273bb1faffbb978c3ee4ea6ce5f5be103d12dd829ceea13,步骤26 scATAC EpiAgent + Mitoxyperilysis 染色质可及性（a=HLCA 注释、b–k）,
S26,Table_S26d_Mitoxyperilysis_ATAC_PerCell.csv,02_SUPPLEMENTARY_TABLES/SUPPLEMENTARY_Tables_CSV,supplementary_table,canonical,none,Mitoxy-80_v1.0,NA,23274.0,5095471,f280d5f6011ab3868e3efc8f6ae3d8259352756fbdf5de1b7102a36f408c8a29,步骤26 scATAC EpiAgent + Mitoxyperilysis 染色质可及性（a=HLCA 注释、b–k）,
S26,Table_S26e_Mitoxyperilysis_ATAC_ModuleStats.csv,02_SUPPLEMENTARY_TABLES/SUPPLEMENTARY_Tables_CSV,supplementary_table,canonical,none,Mitoxy-80_v1.0,NA,5.0,796,162df285d8f49a892524ace9a94119eae8e2b5bc567c626c792bfcfdc27efa46,步骤26 scATAC EpiAgent + Mitoxyperilysis 染色质可及性（a=HLCA 注释、b–k）,
S26,Table_S26f_Mitoxyperilysis_Gene_Bin_Map.csv,02_SUPPLEMENTARY_TABLES/SUPPLEMENTARY_Tables_CSV,supplementary_table,canonical,mitoxy_80,Mitoxy-80_v1.0,NA,36.0,2650,71e959960aaf9e2269842d5c83b6a8c6a3516b05cad4a078efcec74d97597ab2,步骤26 scATAC EpiAgent + Mitoxyperilysis 染色质可及性（a=HLCA 注释、b–k）,
S26,Table_S26g_Mitoxyperilysis_ATAC_ByCluster.csv,02_SUPPLEMENTARY_TABLES/SUPPLEMENTARY_Tables_CSV,supplementary_table,canonical,none,Mitoxy-80_v1.0,NA,16.0,7681,ec77c0d81938f3f6d0f688cfbc8e22130cfd9883f121bbe374ed2184b6f269e5,步骤26 scATAC EpiAgent + Mitoxyperilysis 染色质可及性（a=HLCA 注释、b–k）,
S26,Table_S26h_Mitoxyperilysis_ATAC_ByCellType.csv,02_SUPPLEMENTARY_TABLES/SUPPLEMENTARY_Tables_CSV,supplementary_table,canonical,none,Mitoxy-80_v1.0,NA,3.0,709,aabe05658e09d727fd8ce0f91ba8f17441140de8cf4229c2d08e97de461c18c2,步骤26 scATAC EpiAgent + Mitoxyperilysis 染色质可及性（a=HLCA 注释、b–k）,
S26,Table_S26i_Mitoxyperilysis_ATAC_Merged.csv,02_SUPPLEMENTARY_TABLES/SUPPLEMENTARY_Tables_CSV,supplementary_table,canonical,none,Mitoxy-80_v1.0,NA,23274.0,4956305,5ee8a8780b17772f1f042af0f34970780ad9aa57a25b48d02e83ead3ddd0364c,步骤26 scATAC EpiAgent + Mitoxyperilysis 染色质可及性（a=HLCA 注释、b–k）,
S26,Table_S26j_Mitoxyperilysis_PerGene_Accessibility.csv,02_SUPPLEMENTARY_TABLES/SUPPLEMENTARY_Tables_CSV,supplementary_table,canonical,mitoxy_80,Mitoxy-80_v1.0,NA,30.0,4334,8bcfa6931b1b70ccf7f010124dee78e94bf1b4ad4546ad119b4c9ab40ee54965,步骤26 scATAC EpiAgent + Mitoxyperilysis 染色质可及性（a=HLCA 注释、b–k）,
S26,Table_S26k_CellType_Scores.csv,02_SUPPLEMENTARY_TABLES/SUPPLEMENTARY_Tables_CSV,supplementary_table,canonical,none,Mitoxy-80_v1.0,NA,23274.0,6308758,1d10691f0bb4704da3317e2096ecdc4890a4802932346a3ed471828ead2b712a,步骤26 scATAC EpiAgent + Mitoxyperilysis 染色质可及性（a=HLCA 注释、b–k）,
S27,Table_S27_Epigenetic_Clocks.csv,02_SUPPLEMENTARY_TABLES/SUPPLEMENTARY_Tables_CSV,supplementary_table,canonical,none,NA,NA,144.0,25721,e5d6ed72bd2a5631243b3acd5ae0c8d33c5919e704f55546eb3002a644c5aac9,步骤27 表观遗传时钟（b 组间比较、c GrimAge）,
S27,Table_S27b_Group_Comparison.csv,02_SUPPLEMENTARY_TABLES/SUPPLEMENTARY_Tables_CSV,supplementary_table,canonical,none,NA,NA,10.0,836,5fbc9ad3027ae852972df1acfae0c3afc4b27b69902218d8b1156c576c0138f6,步骤27 表观遗传时钟（b 组间比较、c GrimAge）,
S27,Table_S27c_GrimAge_Results.csv,02_SUPPLEMENTARY_TABLES/SUPPLEMENTARY_Tables_CSV,supplementary_table,canonical,none,NA,NA,144.0,7117,b5e389cafccd64e46a81b6e97145f15a1b503b9aed54c77905ff6d90d3b3a311,步骤27 表观遗传时钟（b 组间比较、c GrimAge）,
S28,Table_S28_Epigenetic_Aging_Corr.csv,02_SUPPLEMENTARY_TABLES/SUPPLEMENTARY_Tables_CSV,supplementary_table,canonical,none,NA,NA,52.0,3177,9ea903e292f9721834fef8b80b99263b51a9d21b0fcade59b2f330f394244389,步骤28 表观衰老-临床相关,
S29/S31,Table_S29_S31_scATAC_SCENIC_Analysis_Report.txt,02_SUPPLEMENTARY_TABLES/Supplementary_Notes,supplementary_report,canonical,none,NA,NA,88.0,4650,964372b534358345b81686822f611c118b07db4041ab044399b540eb0455ba9b,,
S29,Table_S29_scATAC_Peaks.csv,02_SUPPLEMENTARY_TABLES/SUPPLEMENTARY_Tables_CSV,supplementary_table,canonical,none,NA,NA,4148.0,621651,f7b19819a20cdf71453bcb1e57d9424ba03f7250663900aef9379f4b31a35e35,步骤29 scATAC peaks（S29–S31 共享报告）,
S2,Table_S2_DEGs_Analysis.csv,02_SUPPLEMENTARY_TABLES/SUPPLEMENTARY_Tables_CSV,supplementary_table,canonical,genome_wide,Mitoxy-80_v1.0,NA,17823.0,3326493,7db31419b2870497f3fc31a2ee0a8fac158083396f0c2bd8b0d008c05a67c834,步骤1 GSE185263 全血 Bulk DEG（N3 溯源：DESeq2 输出；ARDS_vs_Control=82 sepcv vs 44 ctrl、Sepsis_vs_Control=348 vs 44；附 QC）,
S2,Table_S2_QC_Metrics.csv,02_SUPPLEMENTARY_TABLES/SUPPLEMENTARY_Tables_CSV,supplementary_table,canonical,none,Mitoxy-80_v1.0,NA,63.0,9072,ffbd8a393725494ef416a5ae3029806f7cd2f84511e4094de9546dab428af88b,步骤1 GSE185263 全血 Bulk DEG（N3 溯源：DESeq2 输出；ARDS_vs_Control=82 sepcv vs 44 ctrl、Sepsis_vs_Control=348 vs 44；附 QC）,
S2,Table_S2b_scRNA_DEG_80genes.csv,02_SUPPLEMENTARY_TABLES/SUPPLEMENTARY_Tables_CSV,supplementary_table,canonical,mitoxy_80,Mitoxy-80_v1.0,NA,80.0,36993,a4060b8fd50073120b1461efdf6b83ad93636a96aa94ee9e0b513c23c80d7667,N3 真·单细胞 DEG（80 通路基因；GSE145926 BALF / GSE158055 PBMC / 合并，Mann-Whitney+BH）,
S30,Table_S30_Motif_Enrichment.csv,02_SUPPLEMENTARY_TABLES/SUPPLEMENTARY_Tables_CSV,supplementary_table,canonical,none,NA,NA,928.0,134255,9c8e782b4c04bae6757e7fde962d7ebfcc5c8513e5d28a7471153dc5d26ef280,步骤30 motif 富集,
S31,Table_S31_SCENICplus_GRN.csv,02_SUPPLEMENTARY_TABLES/SUPPLEMENTARY_Tables_CSV,supplementary_table,canonical,none,NA,NA,32286.0,3573997,52c55c571fe8971a7a324a96a85b570827bed30fa83bdf915246af4cd1890f75,步骤31 SCENIC+ GRN（b=TF 排名）,
S31,Table_S31b_TF_Ranking_Mitoxyperilysis.csv,02_SUPPLEMENTARY_TABLES/SUPPLEMENTARY_Tables_CSV,supplementary_table,canonical,genome_wide,Mitoxy-80_v1.0,NA,52.0,5817,0d087d2a41bfcc55032ef112bcd50aa6c06714ac86b53f8f44cefc26b820cd51,步骤31 SCENIC+ GRN（b=TF 排名）,
S32/S33,Table_S32_S33_Methodology_Note.txt,02_SUPPLEMENTARY_TABLES/Supplementary_Notes,supplementary_report,canonical,mitoxy_80,NA,NA,64.0,3531,daaee9ef761a303bf28b08a6682d76255a96db98ea822e87ed253c5ac89a675d,,
S32,Table_S32_TF_Binding_Predictions.csv,02_SUPPLEMENTARY_TABLES/SUPPLEMENTARY_Tables_CSV,supplementary_table,canonical,mitoxy_80,Mitoxy-80_v1.0,NA,1008.0,240519,bb7a5bbaa5bf439512c878bfc3de22be5a9a06b94067f95b2b5cc858877ad695,步骤32 TF 结合预测（S32–S33 共享方法注）,
S33,Table_S33_Diff_TF_Binding.csv,02_SUPPLEMENTARY_TABLES/SUPPLEMENTARY_Tables_CSV,supplementary_table,canonical,mitoxy_80,Mitoxy-80_v1.0,NA,56.0,8011,e44623eeace0795c9f8b0e40020c880ad6d9adc6283d9afd313dd177d91b54a9,步骤33 差异 TF 结合,
S36,Table_S36_Docking_Results.csv,02_SUPPLEMENTARY_TABLES/SUPPLEMENTARY_Tables_CSV,supplementary_table,canonical,mitoxy_80,Mitoxy-80_v1.0,NA,35.0,7266,ac1d9d35acb05d23b79187da76aa78cdc607dff824c112675f8db81db24d4df6,步骤36 分子对接（b 配体性质、c 靶蛋白）,
S36,Table_S36b_Ligand_Properties.csv,02_SUPPLEMENTARY_TABLES/SUPPLEMENTARY_Tables_CSV,supplementary_table,canonical,mitoxy_80,Mitoxy-80_v1.0,NA,5.0,815,6c05680aba0f1fd0f58d99a71548fa3ade2791e882ed7aed9315e518e5a0cb8c,步骤36 分子对接（b 配体性质、c 靶蛋白）,
S36,Table_S36c_Target_Protein_Info.csv,02_SUPPLEMENTARY_TABLES/SUPPLEMENTARY_Tables_CSV,supplementary_table,canonical,mitoxy_80,Mitoxy-80_v1.0,NA,7.0,1932,5ac151d76e1d6a60d472aa23cf33a1de736cf5807610783622d82cf820e91dba,步骤36 分子对接（b 配体性质、c 靶蛋白）,
S37,Table_S37_MD_Trajectories.csv,02_SUPPLEMENTARY_TABLES/SUPPLEMENTARY_Tables_CSV,supplementary_table,canonical,mitoxy_80,Mitoxy-80_v1.0,NA,35.0,5426,2180e01a9011b9599abdcc5d75f71e976b9d547f5a72e0f641515bc9b6489b17,步骤37 分子动力学轨迹,
S38,Table_S38_Geneformer_Perturbations.csv,02_SUPPLEMENTARY_TABLES/SUPPLEMENTARY_Tables_CSV,supplementary_table,canonical,mitoxy_80,Mitoxy-80_v1.0,NA,5.0,1902,45466b5d0fcc1bc07d077b521a6a79a235b33baa6f9c5b9f117da8d357e0315d,步骤38 Geneformer 扰动（b 详情、c 零样本分类；S38–S39 共享报告）,
S38/S39,Table_S38_S39_Geneformer_Report.txt,02_SUPPLEMENTARY_TABLES/Supplementary_Notes,supplementary_report,canonical,mitoxy_80,Mitoxy-80_v1.0,,48.0,4697,8f84fe030c698ca3d4e4feffe22cf5182161858432e146461d14bed1963137e7,,
S38,Table_S38b_Geneformer_Perturbations_Detail.csv,02_SUPPLEMENTARY_TABLES/SUPPLEMENTARY_Tables_CSV,supplementary_table,canonical,mitoxy_80,Mitoxy-80_v1.0,NA,9.0,2050,05e1d92b5cb4d082685b1aa1943a47379eef6213efd7ddefd8cd31b4ad122099,步骤38 Geneformer 扰动（b 详情、c 零样本分类；S38–S39 共享报告）,
S38,Table_S38c_ZeroShot_CellClassification.csv,02_SUPPLEMENTARY_TABLES/SUPPLEMENTARY_Tables_CSV,supplementary_table,canonical,none,NA,NA,7.0,283,c347c0ec654bfe5a026ddfe4cf734c8720c7e4448349fce1e0911aef5bd5282b,步骤38 Geneformer 扰动（b 详情、c 零样本分类；S38–S39 共享报告）,
S39,Table_S39_CrossSpecies_Validation.csv,02_SUPPLEMENTARY_TABLES/SUPPLEMENTARY_Tables_CSV,supplementary_table,canonical,none,Mitoxy-80_v1.0,NA,7.0,742,170622bbf5f5252c698b729e48d7a8da8c2e7e2ba147c11424f3758929396696,步骤39 跨物种验证（小鼠直系同源）,
S3,Table_S3_Cell_Type_Composition.csv,02_SUPPLEMENTARY_TABLES/SUPPLEMENTARY_Tables_CSV,supplementary_table,canonical,none,NA,NA,3024.0,133472,0222805f933c839775ba3d7ee9cfbf304a10cdedce66b9a145906bfdd1c1dc8e,5.1 单细胞细胞类型组成（GSE158055 12 类型/64 亚群；GSE171668 仅 metadata）,
S3,Table_S3_Cell_Type_Composition_GSE158055_metadata.csv,02_SUPPLEMENTARY_TABLES/SUPPLEMENTARY_Tables_CSV,supplementary_table,canonical,none,NA,NA,64.0,2754,3328ab4c3d0c59900874a0ba521a69f888765f9fd290fb34cc8225017ece41de,5.1 单细胞细胞类型组成（GSE158055 12 类型/64 亚群；GSE171668 仅 metadata）,
S3,Table_S3_Cell_Type_Composition_GSE171668_metadata.csv,02_SUPPLEMENTARY_TABLES/SUPPLEMENTARY_Tables_CSV,supplementary_table,canonical,none,NA,NA,134.0,6636,51bbe05447d2f358555ae76a4f29e45df7bd5ad7482a9c60f4934e4981443f8f,5.1 单细胞细胞类型组成（GSE158055 12 类型/64 亚群；GSE171668 仅 metadata）,
S40,Table_S40_gnomAD_Analysis_Report.txt,02_SUPPLEMENTARY_TABLES/Supplementary_Notes,supplementary_report,canonical,mitoxy_80_via_alias,Mitoxy-80_v1.0,,195.0,10318,0f38e7e9dc0b8f3a7fd6911b2033c37d28db2335a9f5910a11636a9e33167f56,步骤40 gnomAD 纯化选择约束（Publication=发表用精简版）,
S40,Table_S40_gnomAD_Constraint.csv,02_SUPPLEMENTARY_TABLES/SUPPLEMENTARY_Tables_CSV,supplementary_table,canonical,mitoxy_80_via_alias,Mitoxy-80_v1.0,NA,16.0,6216,55f9c334cb3bf26cccf946abcc9e2f9d5f7036e00f11d404894d874e1f23cb81,步骤40 gnomAD 纯化选择约束（Publication=发表用精简版）,
S40,Table_S40_gnomAD_Constraint_Publication.csv,02_SUPPLEMENTARY_TABLES/SUPPLEMENTARY_Tables_CSV,supplementary_table,canonical,mitoxy_80_via_alias,Mitoxy-80_v1.0,NA,16.0,1948,6bd40ceaa6744abf47c9b23cfe265e18ef6df9a23682e91420581562949f0d7c,步骤40 gnomAD 纯化选择约束（Publication=发表用精简版）,
S40,Table_S40_gnomAD_Constraint_Summary.csv,02_SUPPLEMENTARY_TABLES/SUPPLEMENTARY_Tables_CSV,supplementary_table,canonical,mitoxy_80_via_alias,Mitoxy-80_v1.0,NA,4.0,2043,89d1920b1d6e90a6d54464363303069ccf6a9c7a2e3e3b181b12b09083498602,步骤40 gnomAD 纯化选择约束（Publication=发表用精简版）,
S41,Table_S41_Transcript_Analysis_Report.txt,02_SUPPLEMENTARY_TABLES/Supplementary_Notes,supplementary_report,canonical,none,Mitoxy-80_v1.0,,61.0,3104,c5143a1bfc5f5bfdf6e3bda27dde2b373ae5844197244927706a24593a3d259a,步骤41 转录本分析（a–g：DTU/剪接/外显子/多样性指数）,
S41,Table_S41a_Differential_Transcript_Usage.csv,02_SUPPLEMENTARY_TABLES/SUPPLEMENTARY_Tables_CSV,supplementary_table,canonical,mitoxy_80_via_alias,Mitoxy-80_v1.0,NA,1255.0,182275,c2890a49efc957164586dc565680fe36352f8afd12dc3ceded0c179f45dcdcf4,步骤41 转录本分析（a–g：DTU/剪接/外显子/多样性指数）,
S41,Table_S41b_DTU_Gene_Summary.csv,02_SUPPLEMENTARY_TABLES/SUPPLEMENTARY_Tables_CSV,supplementary_table,canonical,mitoxy_80_via_alias,Mitoxy-80_v1.0,NA,31.0,3453,845296cc50579079be8603c22e7fc741716097bf66594b1424663a0430fa5081,步骤41 转录本分析（a–g：DTU/剪接/外显子/多样性指数）,
S41,Table_S41c_Alternative_Splicing_Events.csv,02_SUPPLEMENTARY_TABLES/SUPPLEMENTARY_Tables_CSV,supplementary_table,canonical,mitoxy_80_via_alias,Mitoxy-80_v1.0,NA,6846.0,447232,40dc61c1d931bc73b88e81c83b890776db20c5fdf69632d4f8be5795174a322b,步骤41 转录本分析（a–g：DTU/剪接/外显子/多样性指数）,
S41,Table_S41d_Differential_Exon_Usage.csv,02_SUPPLEMENTARY_TABLES/SUPPLEMENTARY_Tables_CSV,supplementary_table,canonical,mitoxy_80_via_alias,Mitoxy-80_v1.0,NA,1978.0,258154,692bbb0cd3ce456d14bd74913068c4ff9b71770b7ee4e8c7438c1cce0207ab6c,步骤41 转录本分析（a–g：DTU/剪接/外显子/多样性指数）,
S41,Table_S41e_Differential_Exon_Usage_Gene_Summary.csv,02_SUPPLEMENTARY_TABLES/SUPPLEMENTARY_Tables_CSV,supplementary_table,canonical,mitoxy_80_via_alias,Mitoxy-80_v1.0,NA,31.0,1208,efe3596f0ce0eff61a94a2d9e97f3760e605f908844e97adaf9ba6469990fde6,步骤41 转录本分析（a–g：DTU/剪接/外显子/多样性指数）,
S41,Table_S41f_Transcript_Diversity_Index.csv,02_SUPPLEMENTARY_TABLES/SUPPLEMENTARY_Tables_CSV,supplementary_table,canonical,mitoxy_80_via_alias,Mitoxy-80_v1.0,NA,38.0,2694,b49e223b438a10e9b748da48d7737d7d4cbe1b0c0f0e1598b1ec085b2a3d8f49,步骤41 转录本分析（a–g：DTU/剪接/外显子/多样性指数）,
S41,Table_S41g_Sample_Groups.csv,02_SUPPLEMENTARY_TABLES/SUPPLEMENTARY_Tables_CSV,supplementary_table,canonical,none,NA,NA,4.0,175,b7d0ccaa31380c80cd33ea9feac3b16ffcddd8433e9b8dda75f10eea49ec0b56,步骤41 转录本分析（a–g：DTU/剪接/外显子/多样性指数）,
S44,Table_S44_hdWGCNA_Modules.csv,02_SUPPLEMENTARY_TABLES/SUPPLEMENTARY_Tables_CSV,supplementary_table,canonical,none,NA,NA,8515.0,2139167,b30b050e719ac59b7ebf6fddaf38c0c28f3817e174a4b25fe5517ee4d8efb7e5,步骤44 hdWGCNA 模块（b 模块-表型相关）,
S44,Table_S44b_hdWGCNA_ModuleTraitCorr.csv,02_SUPPLEMENTARY_TABLES/SUPPLEMENTARY_Tables_CSV,supplementary_table,canonical,none,Mitoxy-80_v1.0,NA,72.0,4205,485816c30cdd9fe8fe3178a87ddaa4852c585723cca6ce9a48df34e796733d27,步骤44 hdWGCNA 模块（b 模块-表型相关）,
S45,Table_S45_hdWGCNA_Hubs.csv,02_SUPPLEMENTARY_TABLES/SUPPLEMENTARY_Tables_CSV,supplementary_table,canonical,none,NA,NA,360.0,90621,b62fa068b48ba0248d4ea059bcd45198b3f3da4b3d91877c10fe641b8914ae66,步骤45 hdWGCNA Hub 基因,
S46,Table_S46_Circulating_Transcriptome_Analysis_Report.txt,02_SUPPLEMENTARY_TABLES/Supplementary_Notes,supplementary_report,canonical,none,Mitoxy-80_v1.0,,79.0,4174,d904716d9721a67686ae486ee15d615214e96e273b5045838ece92d9d778a0c7,步骤46 循环转录组（a GSE185263 / b GSE212865 / c–e 矩阵与汇总）,
S46,Table_S46a_Circulating_Mitoxy_Genes_GSE185263.csv,02_SUPPLEMENTARY_TABLES/SUPPLEMENTARY_Tables_CSV,supplementary_table,canonical,legacy_38,Mitoxy-80_v1.0,NA,30.0,10642,1a51c135c399a24b7c34b103dd83e03b6ecc0c07641cc4155525a004e9abe8f3,步骤46 循环转录组（a GSE185263 / b GSE212865 / c–e 矩阵与汇总）,
S46,Table_S46b_Circulating_Mitoxy_Genes_GSE212865.csv,02_SUPPLEMENTARY_TABLES/SUPPLEMENTARY_Tables_CSV,supplementary_table,canonical,legacy_38,Mitoxy-80_v1.0,NA,18.0,6768,06756c1dd5e59f972ace40950845084d17a95604fb9b3ebd653770d2a5b36003,步骤46 循环转录组（a GSE185263 / b GSE212865 / c–e 矩阵与汇总）,
S46,Table_S46c_Blood_Mitoxy_Expression_Matrix.csv,02_SUPPLEMENTARY_TABLES/SUPPLEMENTARY_Tables_CSV,supplementary_table,canonical,legacy_38,Mitoxy-80_v1.0,NA,186.0,110872,2436824033bf051b6cbe1c729e6271e4a43c6b3794e2e427551c5841c5508dc8,步骤46 循环转录组（a GSE185263 / b GSE212865 / c–e 矩阵与汇总）,
S46,Table_S46d_GSE212865_Mitoxy_Expression_Matrix.csv,02_SUPPLEMENTARY_TABLES/SUPPLEMENTARY_Tables_CSV,supplementary_table,canonical,legacy_38,Mitoxy-80_v1.0,NA,137.0,46030,439bd81f3c4cf773075b761c910a7cf69e72d34f526ba7b12512b5f5676caec1,步骤46 循环转录组（a GSE185263 / b GSE212865 / c–e 矩阵与汇总）,
S46,Table_S46e_Mitoxy_Gene_Blood_Summary.csv,02_SUPPLEMENTARY_TABLES/SUPPLEMENTARY_Tables_CSV,supplementary_table,canonical,legacy_38,Mitoxy-80_v1.0,NA,38.0,2878,7e1be81b4e46c8f1ed1d29c771addb74112c8e312285af4d0a519b71c2f334b1,步骤46 循环转录组（a GSE185263 / b GSE212865 / c–e 矩阵与汇总）,
S47,Table_S47a_Circulating_Immune_Fractions_Blood.csv,02_SUPPLEMENTARY_TABLES/SUPPLEMENTARY_Tables_CSV,supplementary_table,canonical,none,NA,NA,25.0,2786,e74e77deb0c157ddf858b227f0e6fae7d933255f37ddfbecfd195510f8f273cf,步骤47 循环免疫浸润（a fractions、b 与 Mitoxy 相关）,
S47,Table_S47b_Circulating_Mitoxy_Immune_Correlations.csv,02_SUPPLEMENTARY_TABLES/SUPPLEMENTARY_Tables_CSV,supplementary_table,canonical,none,Mitoxy-80_v1.0,NA,132.0,29144,d6f8c91087e16e5a5a3bcb7fb848b0d12b25a5fd362c7ee00c5f13237534b440,步骤47 循环免疫浸润（a fractions、b 与 Mitoxy 相关）,
S48,Table_S48_Dissociation_Method_Note.txt,02_SUPPLEMENTARY_TABLES/Supplementary_Notes,supplementary_report,canonical,none,Mitoxy-80_v1.0,score_genes_v1,31.0,1989,b471eddf03742068da536b7a83e9e0987ffef694671e2b0d58b579a0ec8bac5d,单细胞解离检验（N22 编号去重：原 Table_S6_Dissociation_*；score_genes 双臂相关）,
S48,Table_S48_Dissociation_singlecell_correlation.csv,02_SUPPLEMENTARY_TABLES/SUPPLEMENTARY_Tables_CSV,supplementary_table,canonical,none,Mitoxy-80_v1.0,score_genes_v1,93.0,21083,30164eb8af24a24aea8a8680588b740e42013db00250432617812f7b0dfe37b6,单细胞解离检验（N22 编号去重：原 Table_S6_Dissociation_*；score_genes 双臂相关）,
S49,Table_S49_WGCNA_Modules.csv,02_SUPPLEMENTARY_TABLES/SUPPLEMENTARY_Tables_CSV,supplementary_table,canonical,genome_wide,Mitoxy-80_v1.0,NA,3000.0,292578,95059871b7847385a5ac5f38b5cb61ce3a7692117cc88d528f09fe03b3a26991,WGCNA 模块（N22 编号去重：原 Table_S3_WGCNA_Modules；6 色）,
S4,Table_S4_Hub_Genes.csv,02_SUPPLEMENTARY_TABLES/SUPPLEMENTARY_Tables_CSV,supplementary_table,canonical,none,NA,NA,1238.0,94197,d92b02fca50be4cdbab1fc408d0aac3445506fa21484ad64994fa14609d064ca,步骤2 WGCNA Hub 基因 + 富集（b/c ORA、d Mitoxy/铁聚焦）,
S4,Table_S4b_Enrichment_ORA.csv,02_SUPPLEMENTARY_TABLES/SUPPLEMENTARY_Tables_CSV,supplementary_table,canonical,none,NA,NA,7573.0,1598365,77ab0c688659079854368e48c64358f7c754793f3e5b5e033f51f24fe63094c6,步骤2 WGCNA Hub 基因 + 富集（b/c ORA、d Mitoxy/铁聚焦）,
S4,Table_S4c_Enrichment_ORA_sig.csv,02_SUPPLEMENTARY_TABLES/SUPPLEMENTARY_Tables_CSV,supplementary_table,canonical,none,NA,NA,320.0,111066,37a217a3951f0138fcafcbad4c7ea65f788d96cbced20f25882b6de67e9873c7,步骤2 WGCNA Hub 基因 + 富集（b/c ORA、d Mitoxy/铁聚焦）,
S4,Table_S4d_HubGene_Focused_Mitoxy_Iron.csv,02_SUPPLEMENTARY_TABLES/SUPPLEMENTARY_Tables_CSV,supplementary_table,canonical,genome_wide,Mitoxy-80_v1.0,NA,942.0,162821,e59ae790d09ab0ecdacf16c8e5bceba73670012f992017f260066801f8f588a2,步骤2 WGCNA Hub 基因 + 富集（b/c ORA、d Mitoxy/铁聚焦）,
S50,Table_S50_D1b_Analysis_Report.txt,02_SUPPLEMENTARY_TABLES/Supplementary_Notes,supplementary_report,canonical,none,Mitoxy-80_v1.0,ssGSEA_v1,97.0,7107,8fd8146cc6fc0098deaf046d3022984aa6aefa6806e04e66378c4fe6e83f92ab,D1b GSE32707 全血 ARDS 队列外部验证（Groups=144 样本分组、Analysis_Report=方法+预注册判定；一致性矩阵=S53）,
S50,Table_S50_D1b_GSE32707_Groups.csv,02_SUPPLEMENTARY_TABLES/SUPPLEMENTARY_Tables_CSV,group_definition,canonical,none,,,144.0,10636,87303ad1d8e0c4d712f7d658319fef5e171a8e91bf1dbb3fa9d69f339f3dbcdd,GSE32707 分组定义（D1b：Control 34/SIRS_d0 21/Sepsis_d0 30/Sepsis_d7 28/ARDS_d0 18/ARDS_d7 13，共 144）,
S51,Table_S51_D1b_GSE32707_Module_ssGSEA.csv,02_SUPPLEMENTARY_TABLES/SUPPLEMENTARY_Tables_CSV,supplementary_table,canonical,mitoxy_80,Mitoxy-80_v1.0,ssGSEA_v1,54.0,14850,626fd073a860a69545bea4e4e61164bc9ae341e6ffbdd3d526c351c7dd9c7d51,,
S52,Table_S52_D1b_GSE32707_Gene_log2FC.csv,02_SUPPLEMENTARY_TABLES/SUPPLEMENTARY_Tables_CSV,supplementary_table,canonical,mitoxy_80,Mitoxy-80_v1.0,NA,228.0,56794,90306da2784eecf995473aa0a1b34a16857d65eaa3a5ba6468592cc0f06f3790,,
S53,Table_S53_D1b_Three_Anchor_Consistency.csv,02_SUPPLEMENTARY_TABLES/SUPPLEMENTARY_Tables_CSV,supplementary_table,canonical,mitoxy_80,Mitoxy-80_v1.0,ssGSEA_v1,102.0,13098,18494007d7a432a4670d2ffff2d7a15fd47bd255584801525ce5113a6fd92e4f,,
S54,Table_S54_D1b_GSE32707_Sensitivity.csv,02_SUPPLEMENTARY_TABLES/SUPPLEMENTARY_Tables_CSV,supplementary_table,canonical,mitoxy_80,Mitoxy-80_v1.0,ssGSEA_v1,27.0,7058,489838156eb94eb5bcba71398aaeff5db23635290a644a630c99ddfb03ccf0ea,,
S5,Table_S5_Method_Note.txt,02_SUPPLEMENTARY_TABLES/Supplementary_Notes,supplementary_report,canonical,none,PCD-6panel_v1.0,ssGSEA_v1,69.0,5586,b9c6f60e43adb2589a2d4289021d5b20057f301451302c39f45db6cd15e130d9,步骤3 6 种 PCD 评分（running-sum ssGSEA；b=80 基因模块 ssGSEA、c=β 敏感性）,
S5,Table_S5_PCD_Scores.csv,02_SUPPLEMENTARY_TABLES/SUPPLEMENTARY_Tables_CSV,supplementary_table,canonical,none,PCD-6panel_v1.0,ssGSEA_v1,392.0,63838,ec4e2dc71d1b8852146983e4e2446a6b7735bde26b3d4fd4c3fa6083728e82c7,步骤3 6 种 PCD 评分（running-sum ssGSEA；b=80 基因模块 ssGSEA、c=β 敏感性）,
S5,Table_S5_PCD_Scores_RAW.csv,02_SUPPLEMENTARY_TABLES/SUPPLEMENTARY_Tables_CSV,supplementary_table,canonical,none,PCD-6panel_v1.0,ssGSEA_v1,392.0,61169,d5b3e03507a3520bf369cdb685ffcde6f23e55321c1e6d9ab5b92d02b3834c45,步骤3 6 种 PCD 评分（running-sum ssGSEA；b=80 基因模块 ssGSEA、c=β 敏感性）,2026-08-16 目录重组后原文件缺失；由 canonical 脚本 build_Table_S5.py 重生成（与主表 S5 同次运行，z 值逐样本一致 392/392）+D4 版本戳重建；v1.0 冻结字节不可复现，按 §八 登记重冻结
S5,Table_S5b_Mitoxy_80gene_Module_ssGSEA.csv,02_SUPPLEMENTARY_TABLES/SUPPLEMENTARY_Tables_CSV,supplementary_table,canonical,none,Mitoxy-80_v1.0,ssGSEA_v1,8.0,1288,eb745d1fd377036ff37b679ef361c8ae05e2b9bc5902265731d7e4b79ec3dcc7,步骤3 6 种 PCD 评分（running-sum ssGSEA；b=80 基因模块 ssGSEA、c=β 敏感性）,
S5,Table_S5c_Mitoxyperilysis_sensitivity.csv,02_SUPPLEMENTARY_TABLES/SUPPLEMENTARY_Tables_CSV,supplementary_table,canonical,none,Mitoxy-80_v1.0,ssGSEA_v1,7.0,1891,c4a3e6fddcfb0d749de06ffbe30818d11161f2f03f9dddfb5b21153c124b861a,步骤3 6 种 PCD 评分（running-sum ssGSEA；b=80 基因模块 ssGSEA、c=β 敏感性）,
S6,Table_S6_Scissor_CellType_Composition.csv,02_SUPPLEMENTARY_TABLES/SUPPLEMENTARY_Tables_CSV,supplementary_table,canonical,none,NA,NA,72.0,3891,fae058780183ba02b8ae3e47d21f1d09a0a277d3da44212681d2a6374b3ba5a6,步骤6 Scissor+/- 标记基因与细胞比例（5 子表）,
S6,Table_S6_Scissor_CellType_Enrichment.csv,02_SUPPLEMENTARY_TABLES/SUPPLEMENTARY_Tables_CSV,supplementary_table,canonical,none,NA,NA,8.0,831,95d7197642d73fade39c1ef136d94d696de2d44cd0ddc6edb6fccbc3a55b59cd,步骤6 Scissor+/- 标记基因与细胞比例（5 子表）,
S6,Table_S6_Scissor_Feature_Genes.csv,02_SUPPLEMENTARY_TABLES/SUPPLEMENTARY_Tables_CSV,supplementary_table,canonical,none,NA,NA,1629.0,43275,bff014866ef7be22bc5415f559565e4304e4c7e75934a5722a1f2b4a7f595ca1,步骤6 Scissor+/- 标记基因与细胞比例（5 子表）,
S6,Table_S6_Scissor_Marker_Genes.csv,02_SUPPLEMENTARY_TABLES/SUPPLEMENTARY_Tables_CSV,supplementary_table,canonical,none,NA,NA,27926.0,3147177,c0eb587f563e72ae30da7fdb650e7ea57e533b6a936b7ea02f0e976538df1a6d,步骤6 Scissor+/- 标记基因与细胞比例（5 子表）,
S6,Table_S6_Scissor_Score_Summary.csv,02_SUPPLEMENTARY_TABLES/SUPPLEMENTARY_Tables_CSV,supplementary_table,canonical,none,Mitoxy-80_v1.0,score_genes_v1,72.0,6623,24f399937e11be36af224bbea9033fc32f4f4f34a5d244eff69c474ce3802974,步骤6 Scissor+/- 标记基因与细胞比例（5 子表）,
S7,Table_S7_All_LR_Interactions.csv,02_SUPPLEMENTARY_TABLES/SUPPLEMENTARY_Tables_CSV,supplementary_table,canonical,none,NA,NA,2669.0,378713,0fdd81d32695c97333f41eb747b09b5672a67ca1f364131ccfee100e040c8dba,步骤8/5.3 CellPhoneDB 细胞通讯 + RNA velocity 轨迹（a–r 子表）,
S7,Table_S7_cellphonedb_Raw.csv,02_SUPPLEMENTARY_TABLES/SUPPLEMENTARY_Tables_CSV,supplementary_table,canonical,none,NA,NA,2669.0,304998,f50e54a5de59b054b1e6266ba11e9ff9e7c3dd32c862730e4dbb87e6e3edca4e,步骤8/5.3 CellPhoneDB 细胞通讯 + RNA velocity 轨迹（a–r 子表）,
S7,Table_S7a_Top50_LR_Interactions.csv,02_SUPPLEMENTARY_TABLES/SUPPLEMENTARY_Tables_CSV,supplementary_table,canonical,none,NA,NA,50.0,4480,c656dcbfc03de6fd5394c764f990b811f0c58b5d12d168393d222b11eaf4a134,步骤8/5.3 CellPhoneDB 细胞通讯 + RNA velocity 轨迹（a–r 子表）,
S7,Table_S7b_Significant_LR_Interactions.csv,02_SUPPLEMENTARY_TABLES/SUPPLEMENTARY_Tables_CSV,supplementary_table,canonical,none,NA,NA,1714.0,163737,c9465f4d07efc8b9a108d42b229e195b91790f063f90e407d7d9de4d573782e8,步骤8/5.3 CellPhoneDB 细胞通讯 + RNA velocity 轨迹（a–r 子表）,
S7,Table_S7c_CellPair_Communication_Strength.csv,02_SUPPLEMENTARY_TABLES/SUPPLEMENTARY_Tables_CSV,supplementary_table,canonical,none,NA,NA,20.0,1279,9e969d599e3e3bf0fddeca2b11c8f71bf1a3581d92f10291366b3fffa7a9e2a1,步骤8/5.3 CellPhoneDB 细胞通讯 + RNA velocity 轨迹（a–r 子表）,
S7,Table_S7d_Sender_Role.csv,02_SUPPLEMENTARY_TABLES/SUPPLEMENTARY_Tables_CSV,supplementary_table,canonical,none,NA,NA,8.0,360,2292c6512ad13081b4cb0e1b0bd1152cddd13bb9e048582359350f4911291d09,步骤8/5.3 CellPhoneDB 细胞通讯 + RNA velocity 轨迹（a–r 子表）,
S7,Table_S7e_Receiver_Role.csv,02_SUPPLEMENTARY_TABLES/SUPPLEMENTARY_Tables_CSV,supplementary_table,canonical,none,NA,NA,8.0,350,295171f3ffeee1482d734ae47b22cd3f758cb1149bd7adfa5344003636cc4687,步骤8/5.3 CellPhoneDB 细胞通讯 + RNA velocity 轨迹（a–r 子表）,
S7,Table_S7f_Ligand_Contribution.csv,02_SUPPLEMENTARY_TABLES/SUPPLEMENTARY_Tables_CSV,supplementary_table,canonical,none,NA,NA,30.0,1030,cdc9af65a2a4b298a1a96af1ab49a9a45ea520c8912e158aedcf7b71fdcd8aa6,步骤8/5.3 CellPhoneDB 细胞通讯 + RNA velocity 轨迹（a–r 子表）,
S7,Table_S7g_Receptor_Contribution.csv,02_SUPPLEMENTARY_TABLES/SUPPLEMENTARY_Tables_CSV,supplementary_table,canonical,none,NA,NA,30.0,1018,366b9e3f04ca4d40ebe0539e87431a23e6394f241cfbc6636e604ec3132f06b4,步骤8/5.3 CellPhoneDB 细胞通讯 + RNA velocity 轨迹（a–r 子表）,
S7,Table_S7h_Mitoxyperilysis_Specific_LR.csv,02_SUPPLEMENTARY_TABLES/SUPPLEMENTARY_Tables_CSV,supplementary_table,canonical,genome_wide,Mitoxy-80_v1.0,NA,52.0,7140,a8fb15a370fe848a09fad584d8ddc23166c5b42ea6304f29d5c610e2833c73f5,步骤8/5.3 CellPhoneDB 细胞通讯 + RNA velocity 轨迹（a–r 子表）,
S7,Table_S7i_Mitoxy_Pathway_Communication.csv,02_SUPPLEMENTARY_TABLES/SUPPLEMENTARY_Tables_CSV,supplementary_table,canonical,none,Mitoxy-80_v1.0,NA,2.0,244,8c2e76fe9b3a114d3eb52e9ef9cf142f97925714ef7cb310ba908e5e6f552b61,步骤8/5.3 CellPhoneDB 细胞通讯 + RNA velocity 轨迹（a–r 子表）,
S7,Table_S7j_Database_Strength_Summary.csv,02_SUPPLEMENTARY_TABLES/SUPPLEMENTARY_Tables_CSV,supplementary_table,canonical,none,NA,NA,64.0,2799,1462931000d56719b3d4be648758d272c259e93e66b5f9bd2f44b99c3f3ef322,步骤8/5.3 CellPhoneDB 细胞通讯 + RNA velocity 轨迹（a–r 子表）,
S7,Table_S7k_Velocity_Pseudotime.csv,02_SUPPLEMENTARY_TABLES/SUPPLEMENTARY_Tables_CSV,supplementary_table,canonical,none,NA,NA,138941.0,19675396,45e6d5aa68dcc931e78c6931e39fb574dd4c4f64f36ea727f17fa0e80100bbbe,步骤8/5.3 CellPhoneDB 细胞通讯 + RNA velocity 轨迹（a–r 子表）,
S7,Table_S7l_Pseudotime_By_CellType.csv,02_SUPPLEMENTARY_TABLES/SUPPLEMENTARY_Tables_CSV,supplementary_table,canonical,none,NA,NA,8.0,1179,c4a4d4f37563cda82a9975b5b68767600b6daa2a0e83585639303d0bb05dd721,步骤8/5.3 CellPhoneDB 细胞通讯 + RNA velocity 轨迹（a–r 子表）,
S7,Table_S7m_Pseudotime_By_Condition.csv,02_SUPPLEMENTARY_TABLES/SUPPLEMENTARY_Tables_CSV,supplementary_table,canonical,none,NA,NA,3.0,369,7167dd5e9ddeb0db0288affc391fbb67f5d9b40d9bd25b69abae4468db7d31e6,步骤8/5.3 CellPhoneDB 细胞通讯 + RNA velocity 轨迹（a–r 子表）,
S7,Table_S7n_Pseudotime_By_CellType_Condition.csv,02_SUPPLEMENTARY_TABLES/SUPPLEMENTARY_Tables_CSV,supplementary_table,canonical,none,NA,NA,24.0,2438,77add6a85dea053d5a827e59d7e31ddf6d91340cc1d2acbbe14b5785bb73dbed,步骤8/5.3 CellPhoneDB 细胞通讯 + RNA velocity 轨迹（a–r 子表）,
S7,Table_S7o_Pseudotime_By_TrajectoryPhase.csv,02_SUPPLEMENTARY_TABLES/SUPPLEMENTARY_Tables_CSV,supplementary_table,canonical,none,NA,NA,5.0,447,5b4b82f03d76c62f25cfd45fbbbd62e15add17c23d5f0c2766aeb5e96b0a718e,步骤8/5.3 CellPhoneDB 细胞通讯 + RNA velocity 轨迹（a–r 子表）,
S7,Table_S7p_Trajectory_Cell_Transitions.csv,02_SUPPLEMENTARY_TABLES/SUPPLEMENTARY_Tables_CSV,supplementary_table,canonical,none,NA,NA,64.0,3667,d1de6355db8669d692896961f41be1d1bcf44d70b1bd3d5e2b86542ff949b32c,步骤8/5.3 CellPhoneDB 细胞通讯 + RNA velocity 轨迹（a–r 子表）,
S7,Table_S7q_Mitoxyperilysis_Trajectory_Correlation.csv,02_SUPPLEMENTARY_TABLES/SUPPLEMENTARY_Tables_CSV,supplementary_table,canonical,none,Mitoxy-80_v1.0,score_genes_v1,96.0,12211,6e60601949523e5fdf287f1160b79200ae6bfd090fedfe51d264dfa8e65b03ad,步骤8/5.3 CellPhoneDB 细胞通讯 + RNA velocity 轨迹（a–r 子表）,
S7,Table_S7r_Mitoxy_By_TrajectoryPhase.csv,02_SUPPLEMENTARY_TABLES/SUPPLEMENTARY_Tables_CSV,supplementary_table,canonical,none,Mitoxy-80_v1.0,NA,5.0,967,b0f0c6ba4a981be33a457041cb78c51c01304ca9b4689c890cb9525b6ef45cd8,步骤8/5.3 CellPhoneDB 细胞通讯 + RNA velocity 轨迹（a–r 子表）,
S8,Table_S8_Consensus_Genes.csv,02_SUPPLEMENTARY_TABLES/SUPPLEMENTARY_Tables_CSV,supplementary_table,canonical,none,NA,NA,4536.0,840715,6894371625f53a3eed14302c37bc61543e3ccfcc8c3aa4511425d161259eea50,步骤9 跨数据集共识基因 / meta 分析（4 子表）,
S8,Table_S8_Dataset_DEG_Summary.csv,02_SUPPLEMENTARY_TABLES/SUPPLEMENTARY_Tables_CSV,supplementary_table,canonical,none,NA,NA,3.0,396,d609fc48021c0abd0ee550198aef28d515ea3cf46fd355fb4f20d4a0f63019d0,步骤9 跨数据集共识基因 / meta 分析（4 子表）,
S8,Table_S8_GSE212865_DEGs.csv,02_SUPPLEMENTARY_TABLES/SUPPLEMENTARY_Tables_CSV,supplementary_table,canonical,none,NA,NA,27189.0,2333831,287093f7abe26cc1fb3f8a1d805d9e8ebf29d4ee29d819221bbd4823d01b9318,步骤9 跨数据集共识基因 / meta 分析（4 子表）,
S8,Table_S8_Meta_Analysis.csv,02_SUPPLEMENTARY_TABLES/SUPPLEMENTARY_Tables_CSV,supplementary_table,canonical,none,NA,NA,17823.0,3857189,5a5481ebd511dc067d6a0c022f0de2f190b00a3968e6af95b5810229cd1db949,步骤9 跨数据集共识基因 / meta 分析（4 子表）,
S8,Table_S8b_80gene_ThreePlatform_Meta.csv,02_SUPPLEMENTARY_TABLES/SUPPLEMENTARY_Tables_CSV,supplementary_table,canonical,mitoxy_80,Mitoxy-80_v1.0,NA,80.0,13053,b2c753532b2cbdf433621565c7398f49313b9ae04a342231345d2935ec6c3183,N3 诚实三平台 Fisher Meta（scRNA 合并 + GSE185263 Bulk + GSE212865 微阵列；33/80 共识）,
S9,Table_S9_Diagnostic_Report.txt,02_SUPPLEMENTARY_TABLES/Supplementary_Notes,supplementary_report,canonical,mitoxy_80,Mitoxy-80_v1.0,,30.0,1793,1975f31038b65ef559c2991b2f97e0acf7d5fa0ce736abb8ba0aa76f380cb534,步骤10 ML 风险模型（双任务：Sepsis_COVID_vs_Sepsis 主任务；LASSO/EN/RF/Stacking）,
S9,Table_S9_Model_Performance.csv,02_SUPPLEMENTARY_TABLES/SUPPLEMENTARY_Tables_CSV,supplementary_table,canonical,mitoxy_80,Mitoxy-80_v1.0,NA,8.0,1744,3f7090f84dd1e797cf57458803a0911a23dbdfde9ff514250cf11c02f1de2800,步骤10 ML 风险模型（双任务：Sepsis_COVID_vs_Sepsis 主任务；LASSO/EN/RF/Stacking）,
S9,Table_S9_Risk_Model_Features.csv,02_SUPPLEMENTARY_TABLES/SUPPLEMENTARY_Tables_CSV,supplementary_table,canonical,mitoxy_80,Mitoxy-80_v1.0,NA,65.0,4566,a2f8d07ac95bfd0d8c9d7568ad54af479ec6da9be65dd4ea91030b1d55f3691f,步骤10 ML 风险模型（双任务：Sepsis_COVID_vs_Sepsis 主任务；LASSO/EN/RF/Stacking）,
,Bridge_Test_Result_pre_N1_backup.csv,archive,analysis_output,archived,none,,,80.0,11790,14a84a78330989ee7579457d3efecaa693406196dc185442993f36267df5866b,,历史备份/被取代版本，不用于正文（archive/）
,GSE185263_groups_pre_R1_backup.csv,archive,analysis_output,archived,none,,,392.0,6693,8c5cb0b84df29c45225b993ad06a0886db8957ef7bbff734e4134e68b7a5f096,,历史备份/被取代版本，不用于正文（archive/）
S17,Table_S17_Cell_Composition_DA_pre_N3res_backup.csv,archive,supplementary_table,archived,none,,,1422.0,168371,3866d010e7d3d6c070cc2de5d681611b4ce3bd27eb64125114e4c00f9cbc69b1,步骤17 细胞组成差异（样本级置换检验；b–e）,历史备份/被取代版本，不用于正文（archive/）
S17,Table_S17b_CellType_Composition_DA_pre_N3res_backup.csv,archive,supplementary_table,archived,none,,,24.0,2707,beb4d777a1a3c491d3b3813bdb93ce7de80938c96b5ba1f6e52f17f311c78972,步骤17 细胞组成差异（样本级置换检验；b–e）,历史备份/被取代版本，不用于正文（archive/）
S17,Table_S17c_Sample_CellType_Proportions_pre_N3res_backup.csv,archive,supplementary_table,archived,none,,,63.0,5079,bab6a8acb067bb28c83ecb92b890448e4c447cabcf2b49bab7f471dcb38e045b,步骤17 细胞组成差异（样本级置换检验；b–e）,历史备份/被取代版本，不用于正文（archive/）
S17,Table_S17d_Sample_CellType_Counts_pre_N3res_backup.csv,archive,supplementary_table,archived,none,,,63.0,2535,5aacb476f2535af98f8202fb561ba589ecc23f160813df33ae873a6a3526c978,步骤17 细胞组成差异（样本级置换检验；b–e）,历史备份/被取代版本，不用于正文（archive/）
S18,Table_S18_AlphaMissense_Main_superseded.csv,archive,supplementary_table,archived,none,,,55.0,7669,9a59738354e16b61a2d9da249c3d5aef64e8ed9794f505329e7bb6364f10ed81,步骤18 AlphaMissense 突变致病性（55 基因；_CORRECTED 已晋升为正式名）,历史备份/被取代版本，不用于正文（archive/）
S18,Table_S18b_AlphaMissense_Module_Summary_superseded.csv,archive,supplementary_table,archived,none,,,6.0,672,9435efbfad0d1fad3d9df4b6a3e2ea55f9899dcc2b050ba3b477a57950e812f9,步骤18 AlphaMissense 突变致病性（55 基因；_CORRECTED 已晋升为正式名）,历史备份/被取代版本，不用于正文（archive/）
S18,Table_S18c_AlphaMissense_HighPriority_superseded.csv,archive,supplementary_table,archived,none,,,39.0,5630,b8048fcb78ba3bfd20550b89fe2239d8e782d9d0796d0c7cf22451c92712f92b,步骤18 AlphaMissense 突变致病性（55 基因；_CORRECTED 已晋升为正式名）,历史备份/被取代版本，不用于正文（archive/）
S2,Table_S2_DEGs_Analysis_pre_fix_backup.csv,archive,supplementary_table,archived,none,,,17823.0,2992418,30cbf3bbbbac0120bb3cf2f988039ac1b11ee1bd16b23b476d5721f554149204,步骤1 GSE185263 全血 Bulk DEG（N3 溯源：DESeq2 输出；ARDS_vs_Control=82 sepcv vs 44 ctrl、Sepsis_vs_Control=348 vs 44；附 QC）,历史备份/被取代版本，不用于正文（archive/）
S36,Table_S36c_pre_R7_backup.csv,archive,supplementary_table,archived,none,,,7.0,1607,f1f0545dde1e822c2da9068b5a1c9961a3e4fc840e0af5f37b4301beccf91ef0,步骤36 分子对接（b 配体性质、c 靶蛋白）,历史备份/被取代版本，不用于正文（archive/）
S3,Table_S3_Cell_Type_Composition_pre_N3res_backup.csv,archive,supplementary_table,archived,none,,,3024.0,133472,0222805f933c839775ba3d7ee9cfbf304a10cdedce66b9a145906bfdd1c1dc8e,5.1 单细胞细胞类型组成（GSE158055 12 类型/64 亚群；GSE171668 仅 metadata）,历史备份/被取代版本，不用于正文（archive/）
S47,Table_S47b_Circulating_Mitoxy_Immune_Correlations_pre_R2_backup.csv,archive,supplementary_table,archived,none,,,150.0,18124,7ec226b7baa3e60ed57893205b86ff364a3d9ddfeb8f518264c25705410c7700,步骤47 循环免疫浸润（a fractions、b 与 Mitoxy 相关）,历史备份/被取代版本，不用于正文（archive/）
S5,Table_S5_Method_Note_pre_N2_backup.txt,archive,supplementary_report,archived,none,,,63.0,5066,d134b564a3745ca4b82628c2ab6aba2206a2942dd2636451ddfdbd72c8b8f6e3,步骤3 6 种 PCD 评分（running-sum ssGSEA；b=80 基因模块 ssGSEA、c=β 敏感性）,历史备份/被取代版本，不用于正文（archive/）
S5,Table_S5_PCD_Scores_pre_R1_backup.csv,archive,supplementary_table,archived,none,,,392.0,52959,bee67874f80323a1df9b08cb29295766d5a66ac7edeb1241f4d3d004372bf985,步骤3 6 种 PCD 评分（running-sum ssGSEA；b=80 基因模块 ssGSEA、c=β 敏感性）,历史备份/被取代版本，不用于正文（archive/）
S5,Table_S5_PCD_Scores_RAW_pre_R1_backup.csv,archive,supplementary_table,archived,none,,,392.0,50291,d3efb2b6896ddfedc82fc88e66217ca845c9b6c9af9fd40bea17573ff384a3c2,步骤3 6 种 PCD 评分（running-sum ssGSEA；b=80 基因模块 ssGSEA、c=β 敏感性）,历史备份/被取代版本，不用于正文（archive/）
S5,Table_S5b_pre_N2_backup.csv,archive,supplementary_table,archived,none,,,8.0,1120,bb78942d03055ce9f3b8111ea7c23af488fdf4a9c8a3c3d20801970181a9c030,步骤3 6 种 PCD 评分（running-sum ssGSEA；b=80 基因模块 ssGSEA、c=β 敏感性）,历史备份/被取代版本，不用于正文（archive/）
S6,Table_S6_Scissor_CellType_Composition_pre_N3res_backup.csv,archive,supplementary_table,archived,none,,,72.0,3978,6c2e8b27fd53aafe7bee52b73ed9fc2ad5e7ce6aeb4d70da2c0641505553efb8,步骤6 Scissor+/- 标记基因与细胞比例（5 子表）,历史备份/被取代版本，不用于正文（archive/）
S6,Table_S6_Scissor_Score_Summary_pre_N3res_backup.csv,archive,supplementary_table,archived,none,,,72.0,6671,27ba9955c4613c66db59de50c8010d162b0fdd203a77dbd8dde08b9bacdfbf52,步骤6 Scissor+/- 标记基因与细胞比例（5 子表）,历史备份/被取代版本，不用于正文（archive/）
S7,Table_S7k_Velocity_Pseudotime_pre_N3res_backup.csv,archive,supplementary_table,archived,none,,,138941.0,19762742,6820801e59161f0d62f55299ffeedc95f7182b96086f558174f22e2d1783af9b,步骤8/5.3 CellPhoneDB 细胞通讯 + RNA velocity 轨迹（a–r 子表）,历史备份/被取代版本，不用于正文（archive/）
S7,Table_S7m_Pseudotime_By_Condition_pre_N3res_backup.csv,archive,supplementary_table,archived,none,,,3.0,372,b55ca1e5a8104e9ba9acb385de0ac31a750406da1ee6eb30602b29a1db3659fa,步骤8/5.3 CellPhoneDB 细胞通讯 + RNA velocity 轨迹（a–r 子表）,历史备份/被取代版本，不用于正文（archive/）
S7,Table_S7n_Pseudotime_By_CellType_Condition_pre_N3res_backup.csv,archive,supplementary_table,archived,none,,,24.0,2464,967f388872e0178aabb3d5145e1764c49a98e2114a733e3053495cae6bad1c96,步骤8/5.3 CellPhoneDB 细胞通讯 + RNA velocity 轨迹（a–r 子表）,历史备份/被取代版本，不用于正文（archive/）
,Figure_S6_Dissociation_hexbin.png,archive,analysis_output,archived,none,,,,647063,0bbe0617fe143096365ce5be7827cceba459f3406dcd2e5e56d99d547b9ab6bb,,历史备份/被取代版本，不用于正文（archive/）；旧 S6 编号遗物，解离检验图现编号 S48
S55,Table_S55a_M1_Visium_Section_Spatial_Stats.csv,02_SUPPLEMENTARY_TABLES/SUPPLEMENTARY_Tables_CSV,analysis_output,canonical,mitoxy_80,Mitoxy-80_v1.0,score_genes_v1_spatial,23.0,9650,74b804e955b642a8e7b22e4205a57a9b912db2e545344bb59e0486d8cef610be,"M1 空间地理学验证（GSE271370 Visium 23切片 + GSE253474 CosMx 98,850细胞；判定 R3）",gene_set_version 对 SVG 全基因表为 all_detected
S55,Table_S55b_M1_Visium_Condition_Summary.csv,02_SUPPLEMENTARY_TABLES/SUPPLEMENTARY_Tables_CSV,analysis_output,canonical,mitoxy_80,Mitoxy-80_v1.0,score_genes_v1_spatial,3.0,955,fbf0aa5d5d22fcd798e1aef3cf45f4bf2a0e9e9a5e76e8da4f27ca0e2dd9979a,"M1 空间地理学验证（GSE271370 Visium 23切片 + GSE253474 CosMx 98,850细胞；判定 R3）",gene_set_version 对 SVG 全基因表为 all_detected
S55,Table_S55c_M1_Visium_Domain_Stats.csv,02_SUPPLEMENTARY_TABLES/SUPPLEMENTARY_Tables_CSV,analysis_output,canonical,mitoxy_80,Mitoxy-80_v1.0,score_genes_v1_spatial,115.0,11965,2e7d6daca93d0cc12c7c072cedd8301adf8bb3eeb85ab188983870c464818d32,"M1 空间地理学验证（GSE271370 Visium 23切片 + GSE253474 CosMx 98,850细胞；判定 R3）",gene_set_version 对 SVG 全基因表为 all_detected
S55,Table_S55d_M1_Visium_SVG_Detail.csv,02_SUPPLEMENTARY_TABLES/SUPPLEMENTARY_Tables_CSV,analysis_output,canonical,all_detected,all_detected,score_genes_v1_spatial,188125.0,21469346,d0f038ec075782d1575baa8556aff2d02720b2599fdbb20918de3c267e24e23c,"M1 空间地理学验证（GSE271370 Visium 23切片 + GSE253474 CosMx 98,850细胞；判定 R3）",gene_set_version 对 SVG 全基因表为 all_detected
S55,Table_S55e_M1_Visium_SVG_Meta.csv,02_SUPPLEMENTARY_TABLES/SUPPLEMENTARY_Tables_CSV,analysis_output,canonical,mitoxy_80,Mitoxy-80_v1.0,score_genes_v1_spatial,12887.0,1537197,3020f14aa68dd2af3d88b8dea7496f1d3684b35729e5603b9f5e2602731bf301,"M1 空间地理学验证（GSE271370 Visium 23切片 + GSE253474 CosMx 98,850细胞；判定 R3）",gene_set_version 对 SVG 全基因表为 all_detected
S55,Table_S55f_M1_Visium_SVG_Enrichment.csv,02_SUPPLEMENTARY_TABLES/SUPPLEMENTARY_Tables_CSV,analysis_output,canonical,mitoxy_80,Mitoxy-80_v1.0,score_genes_v1_spatial,3.0,402,50ee7f337ef8b14a175218c704b569ab59f77562259700eae24e6c49326b10ca,"M1 空间地理学验证（GSE271370 Visium 23切片 + GSE253474 CosMx 98,850细胞；判定 R3）",gene_set_version 对 SVG 全基因表为 all_detected
S55,Table_S55g_M1_Visium_SVG_Top10_Hypergeom.csv,02_SUPPLEMENTARY_TABLES/SUPPLEMENTARY_Tables_CSV,analysis_output,canonical,mitoxy_80,Mitoxy-80_v1.0,score_genes_v1_spatial,69.0,6528,e049035996ed072bca4b18be93b7103e12a68f173e2b4846a59b8c8040ee8c6d,"M1 空间地理学验证（GSE271370 Visium 23切片 + GSE253474 CosMx 98,850细胞；判定 R3）",gene_set_version 对 SVG 全基因表为 all_detected
S55,Table_S55h_M1_Visium_KeyGene_Moran_Perm.csv,02_SUPPLEMENTARY_TABLES/SUPPLEMENTARY_Tables_CSV,analysis_output,canonical,mitoxy_80,Mitoxy-80_v1.0,score_genes_v1_spatial,1280.0,149010,01ce832ffcc35819d5fdf7bee7f427738c924f3f1e885dff7db65ad41bd3ec84,"M1 空间地理学验证（GSE271370 Visium 23切片 + GSE253474 CosMx 98,850细胞；判定 R3）",gene_set_version 对 SVG 全基因表为 all_detected
S55,Table_S55i_M1_CosMx_Gene_Detection.csv,02_SUPPLEMENTARY_TABLES/SUPPLEMENTARY_Tables_CSV,analysis_output,canonical,mitoxy_80,Mitoxy-80_v1.0,score_genes_v1_spatial,40.0,2192,2fc37df0bbb276eea6deb9d6c266a2c2d0469ba23d23aa504e446565eea5e2f7,"M1 空间地理学验证（GSE271370 Visium 23切片 + GSE253474 CosMx 98,850细胞；判定 R3）",gene_set_version 对 SVG 全基因表为 all_detected
S55,Table_S55j_M1_CosMx_Moran.csv,02_SUPPLEMENTARY_TABLES/SUPPLEMENTARY_Tables_CSV,analysis_output,canonical,mitoxy_80,Mitoxy-80_v1.0,score_genes_v1_spatial,28.0,3101,eba5a3ea958b01844c1847e20c8c8939a9e9137a271aaa829094fbe1070d6fc7,"M1 空间地理学验证（GSE271370 Visium 23切片 + GSE253474 CosMx 98,850细胞；判定 R3）",gene_set_version 对 SVG 全基因表为 all_detected
S55,Table_S55k_M1_CosMx_Myeloid_Coloc.csv,02_SUPPLEMENTARY_TABLES/SUPPLEMENTARY_Tables_CSV,analysis_output,canonical,mitoxy_80,Mitoxy-80_v1.0,score_genes_v1_spatial,4.0,538,fa792333625759af962e91af7c6ba98bf3c4e560073b42967bb6c1620bdd2ace,"M1 空间地理学验证（GSE271370 Visium 23切片 + GSE253474 CosMx 98,850细胞；判定 R3）",gene_set_version 对 SVG 全基因表为 all_detected
S55,Table_S55l_M1_CosMx_Module_by_CellType.csv,02_SUPPLEMENTARY_TABLES/SUPPLEMENTARY_Tables_CSV,analysis_output,canonical,mitoxy_80,Mitoxy-80_v1.0,score_genes_v1_spatial,27.0,2712,10a5b5a485b359dbbd6693100092dc163c2972359e7cbf7224cc227aeb85e9d9,"M1 空间地理学验证（GSE271370 Visium 23切片 + GSE253474 CosMx 98,850细胞；判定 R3）",gene_set_version 对 SVG 全基因表为 all_detected
S55,Table_S55m_M1_CosMx_ViralRegion_Niche.csv,02_SUPPLEMENTARY_TABLES/SUPPLEMENTARY_Tables_CSV,analysis_output,canonical,mitoxy_80,Mitoxy-80_v1.0,score_genes_v1_spatial,104.0,11064,7fb4247856e7a5e01ba3676beb8f3d4ecc9e891bee929c4b9072b23e381c1a02,"M1 空间地理学验证（GSE271370 Visium 23切片 + GSE253474 CosMx 98,850细胞；判定 R3）",gene_set_version 对 SVG 全基因表为 all_detected
S55,Table_S55n_M1_CosMx_TNFSF13B_Source.csv,02_SUPPLEMENTARY_TABLES/SUPPLEMENTARY_Tables_CSV,analysis_output,canonical,mitoxy_80,Mitoxy-80_v1.0,score_genes_v1_spatial,27.0,2020,0fb16cf10da53050eb3a3708d36e8652c14a69afed6452d470e4689cb30d20dc,"M1 空间地理学验证（GSE271370 Visium 23切片 + GSE253474 CosMx 98,850细胞；判定 R3）",gene_set_version 对 SVG 全基因表为 all_detected
S55,Table_S55o_M1_CosMx_TNFSF13B_Neighborhood.csv,02_SUPPLEMENTARY_TABLES/SUPPLEMENTARY_Tables_CSV,analysis_output,canonical,mitoxy_80,Mitoxy-80_v1.0,score_genes_v1_spatial,32.0,4178,4a35601ece38edc7e4672d57d0ebf327a25a6bb3b5ec476c979546ad6fa688c2,"M1 空间地理学验证（GSE271370 Visium 23切片 + GSE253474 CosMx 98,850细胞；判定 R3）",gene_set_version 对 SVG 全基因表为 all_detected
S55,Table_S55p_M1_Visium_NNLS_CellType_by_Condition.csv,02_SUPPLEMENTARY_TABLES/SUPPLEMENTARY_Tables_CSV,analysis_output,canonical,mitoxy_80,Mitoxy-80_v1.0,score_genes_v1_spatial,8.0,917,364c3d3432395423cdc3418e667c68829ebc1a48eb2194392ea20c34edbb66ab,"M1 空间地理学验证（GSE271370 Visium 23切片 + GSE253474 CosMx 98,850细胞；判定 R3）",gene_set_version 对 SVG 全基因表为 all_detected
S55,Table_S55q_M1_Visium_NNLS_MarkerScore_Correlation.csv,02_SUPPLEMENTARY_TABLES/SUPPLEMENTARY_Tables_CSV,analysis_output,canonical,mitoxy_80,Mitoxy-80_v1.0,score_genes_v1_spatial,8.0,755,caae53f441e83373ac2543435b154a45b7306fa26e684b27a22d8e2940b7468e,"M1 空间地理学验证（GSE271370 Visium 23切片 + GSE253474 CosMx 98,850细胞；判定 R3）",gene_set_version 对 SVG 全基因表为 all_detected
S55,Table_S55s_M1_Visium_TNFSF13B_TFRC_Neighborhood.csv,02_SUPPLEMENTARY_TABLES/SUPPLEMENTARY_Tables_CSV,analysis_output,canonical,TNFSF13B/TFRC,TNFSF13B/TFRC,score_genes_v1_spatial,69.0,7608,7de4c02447b61fa6215e86fecdf5d829cdbf0dfeb8559e8f5970d2ca8858e7a5,"M1 空间地理学验证（GSE271370 Visium 23切片 + GSE253474 CosMx 98,850细胞；判定 R3）",gene_set_version 对 SVG 全基因表为 all_detected
S55,Table_S55t_M1_Visium_TNFSF13B_TFRC_CellType_Attribution.csv,02_SUPPLEMENTARY_TABLES/SUPPLEMENTARY_Tables_CSV,analysis_output,canonical,mitoxy_80,Mitoxy-80_v1.0,score_genes_v1_spatial,8.0,757,60d57e0d1b80fae44ad6b69cb1a7917b3ca8cad84db3875c8e233ebad02dd8b8,"M1 空间地理学验证（GSE271370 Visium 23切片 + GSE253474 CosMx 98,850细胞；判定 R3）",gene_set_version 对 SVG 全基因表为 all_detected
S55,Table_S55u_M1_Visium_NNLS_CosMx_by_Condition.csv,02_SUPPLEMENTARY_TABLES/SUPPLEMENTARY_Tables_CSV,analysis_output,canonical,mitoxy_80,Mitoxy-80_v1.0,score_genes_v1_spatial,27.0,2535,7775c4e6cdc914d1e35e20dfe87dfeadab1180f39c27c745ae304bcd6d75b979,"M1 空间地理学验证（GSE271370 Visium 23切片 + GSE253474 CosMx 98,850细胞；判定 R3）",gene_set_version 对 SVG 全基因表为 all_detected
S55,Table_S55v_M1_Visium_Bivariate_Residualized.csv,02_SUPPLEMENTARY_TABLES/SUPPLEMENTARY_Tables_CSV,analysis_output,canonical,mitoxy_80,Mitoxy-80_v1.0,score_genes_v1_spatial,23.0,1932,553a9d5ab6ea4a51c745c3b2294036b4a3c00a96fa650a3e3edf145527f1173f,"M1 空间地理学验证（GSE271370 Visium 23切片 + GSE253474 CosMx 98,850细胞；判定 R3）",gene_set_version 对 SVG 全基因表为 all_detected
,M1_spatial_sample_manifest.csv,04_AUDIT_GOVERNANCE,analysis_output,canonical,none,,,139,16549,d6d8ac43ce8bb631b84e3180c17a3af5bc2348a50ad19a3a3cbeb4a43c96650f,M1 空间数据样本清单（GSE271370 23 切片 + GSE253474 116 FOV）,
,rawdata_cleanup_20260817.py,04_AUDIT_GOVERNANCE,audit_output,canonical,none,,,164,6709,3dfa873f59dabb8410a7cc2851fed9fd77a845f9153d4d1aa0f5f2a9aaed3da9,2026-08-17 原始数据清理脚本,
,rawdata_cleanup_20260817.log,04_AUDIT_GOVERNANCE,audit_report,canonical,none,,,94,6144,720216046c51343fcd22d2760b5de600b471ffb3b523822dadc28d12295138a3,2026-08-17 原始数据清理记录,
,M1__check_combined_h5ad.py,archive,analysis_output,archived,none,,,15,564,479fe2913aae7fdf0e26e3c87aae12e008e8fe4a21ca905d96fb9a7b7034f624,,M1 管线辅助/检查脚本，2026-08-17 归档（见 M1_README_分析流程.md）
,M1__check_cosmx_tables.py,archive,analysis_output,archived,none,,,12,714,944526b303f149acc9334de4fb30e7e264c89fe9fb60c175ee9648f1ca044d7b,,M1 管线辅助/检查脚本，2026-08-17 归档（见 M1_README_分析流程.md）
,M1__check_fig4g.py,archive,analysis_output,archived,none,,,6,318,7f659f23c06f9b5099eae1c3b8445da61a790ab1484e2e74d8c0f50905b80fac,,M1 管线辅助/检查脚本，2026-08-17 归档（见 M1_README_分析流程.md）
,M1__check_gene_overlap.py,archive,analysis_output,archived,none,,,61,2754,b823601cd31b406084f5503ea1f467b3d71db4fb10afcb5c27e4b16653657cf2,,M1 管线辅助/检查脚本，2026-08-17 归档（见 M1_README_分析流程.md）
,M1__check_h5ad.py,archive,analysis_output,archived,none,,,20,744,46cf2357b3613663e78ef07acaa05ebe1d03083b828184e6c0ec942b552cbd17,,M1 管线辅助/检查脚本，2026-08-17 归档（见 M1_README_分析流程.md）
,M1__check_manifest_registration.py,archive,analysis_output,archived,none,,,15,748,197a53de14bae463b2fc95c04728ab0bac63483dfc62816233fc939aa0916ce4,,M1 管线辅助/检查脚本，2026-08-17 归档（见 M1_README_分析流程.md）
,M1__check_mtx_dims.py,archive,analysis_output,archived,none,,,41,1519,95a7035cd992d4b0ff62c55252eb90f70ec5c3f9cb4224c36d5cad86b5233b80,,M1 管线辅助/检查脚本，2026-08-17 归档（见 M1_README_分析流程.md）
,M1__check_niche_direction.py,archive,analysis_output,archived,none,,,8,510,1cce9482080c73facf1438374a803ed2dae6798629d0fffe96d4c668285b3be1,,M1 管线辅助/检查脚本，2026-08-17 归档（见 M1_README_分析流程.md）
,M1__check_visium_genes.py,archive,analysis_output,archived,none,,,13,689,177f22de613136c3be328ba3134971584e509cd3b0201bf4b572494eb32b8379,,M1 管线辅助/检查脚本，2026-08-17 归档（见 M1_README_分析流程.md）
,M1__fix_manifest_planA.py,archive,analysis_output,archived,none,,,26,1216,5403036537995a8c80dca839af748a54fa424c48cc0cfbc0e14a218d45ec4ebd,,M1 管线辅助/检查脚本，2026-08-17 归档（见 M1_README_分析流程.md）
,M1__inspect_spatial_data.py,archive,analysis_output,archived,none,,,83,3481,272d190973ebf617516b6682a48b133926e5d9c66e169749692dbd3caeb37395,,M1 管线辅助/检查脚本，2026-08-17 归档（见 M1_README_分析流程.md）
,M1__make_thumb.py,archive,analysis_output,archived,none,,,6,302,2ff2d5c88b70b8f7afee0b9e8c5e855b2921f85db40d1a6dd2baaf75cf5a55d0,,M1 管线辅助/检查脚本，2026-08-17 归档（见 M1_README_分析流程.md）
,M1_step8_figures_optional.py,archive,analysis_output,archived,none,,,168,7470,4d2f5f0e44fae8333a577014f12d3fdc8c02b78672ec63ed8060fba791fbff0a,,M1 管线辅助/检查脚本，2026-08-17 归档（见 M1_README_分析流程.md）
