样本编号,分组,臂,基因,复孔均值Cq,内参均值Cq,ΔCq,G1校准ΔCq,ΔΔCq,2^-ΔΔCq
G1-01,G1,上游,MT-CO1,15.4200,19.9625,-4.5425,-3.9209,-0.6216,1.5385
G1-01,G1,上游,MT-ATP6,15.6700,19.9625,-4.2925,-4.1234,-0.1691,1.1243
G1-01,G1,上游,MT-ND1,15.4400,19.9625,-4.5225,-4.2566,-0.2659,1.2024
G1-01,G1,上游,HSPA9,22.8650,19.9625,2.9025,2.3616,0.5409,0.6873
G1-01,G1,上游,ITPR1,25.4650,19.9625,5.5025,5.5759,-0.0734,1.0522
G1-01,G1,上游,VDAC1,24.0400,19.9625,4.0775,3.2934,0.7841,0.5807
G1-01,G1,上游,TOMM20,21.0650,19.9625,1.1025,0.9684,0.1341,0.9113
G1-01,G1,上游,CANX,20.2200,19.9625,0.2575,0.3672,-0.1097,1.0790
G1-01,G1,执行,IL1B,28.2850,19.9625,8.3225,8.0997,0.2228,0.8569
G1-01,G1,执行,NLRP3,26.2150,19.9625,6.2525,6.1459,0.1066,0.9288
G1-01,G1,执行,GSDMD,23.9350,19.9625,3.9725,3.6216,0.3509,0.7841
G1-01,G1,执行,CASP4,24.7500,19.9625,4.7875,5.0109,-0.2234,1.1675
G1-01,G1,执行,PYCARD,23.1600,19.9625,3.1975,3.5284,-0.3309,1.2578
G1-01,G1,执行,CASP1,22.1400,19.9625,2.1775,2.3759,-0.1984,1.1475
G1-01,G1,铁轴,HMOX1,25.0550,19.9625,5.0925,5.2441,-0.1516,1.1108
G1-01,G1,铁轴,FTH1,18.6250,19.9625,-1.3375,-0.9266,-0.4109,1.3295
G1-01,G1,铁轴,FTL,18.9650,19.9625,-0.9975,-0.9628,-0.0347,1.0243
G1-01,G1,铁轴,TFRC,23.3900,19.9625,3.4275,3.4478,-0.0203,1.0142
G1-01,G1,铁轴,SLC40A1,25.9400,19.9625,5.9775,5.9184,0.0591,0.9599
G1-01,G1,铁轴,NQO1,21.6000,19.9625,1.6375,2.1772,-0.5397,1.4537
G1-02,G1,上游,MT-CO1,16.2750,19.9475,-3.6725,-3.9209,0.2484,0.8418
G1-02,G1,上游,MT-ATP6,16.0150,19.9475,-3.9325,-4.1234,0.1909,0.8760
G1-02,G1,上游,MT-ND1,16.0700,19.9475,-3.8775,-4.2566,0.3791,0.7689
G1-02,G1,上游,HSPA9,22.9650,19.9475,3.0175,2.3616,0.6559,0.6347
G1-02,G1,上游,ITPR1,25.8400,19.9475,5.8925,5.5759,0.3166,0.8030
G1-02,G1,上游,VDAC1,23.2650,19.9475,3.3175,3.2934,0.0241,0.9835
G1-02,G1,上游,TOMM20,21.1050,19.9475,1.1575,0.9684,0.1891,0.8772
G1-02,G1,上游,CANX,20.6200,19.9475,0.6725,0.3672,0.3053,0.8093
G1-02,G1,执行,IL1B,29.0350,19.9475,9.0875,8.0997,0.9878,0.5042
G1-02,G1,执行,NLRP3,25.8800,19.9475,5.9325,6.1459,-0.2134,1.1594
G1-02,G1,执行,GSDMD,24.5500,19.9475,4.6025,3.6216,0.9809,0.5067
G1-02,G1,执行,CASP4,25.1750,19.9475,5.2275,5.0109,0.2166,0.8606
G1-02,G1,执行,PYCARD,23.9350,19.9475,3.9875,3.5284,0.4591,0.7275
G1-02,G1,执行,CASP1,22.5150,19.9475,2.5675,2.3759,0.1916,0.8757
G1-02,G1,铁轴,HMOX1,24.4350,19.9475,4.4875,5.2441,-0.7566,1.6895
G1-02,G1,铁轴,FTH1,18.5650,19.9475,-1.3825,-0.9266,-0.4559,1.3717
G1-02,G1,铁轴,FTL,18.9300,19.9475,-1.0175,-0.9628,-0.0547,1.0386
G1-02,G1,铁轴,TFRC,23.3600,19.9475,3.4125,3.4478,-0.0353,1.0248
G1-02,G1,铁轴,SLC40A1,26.4100,19.9475,6.4625,5.9184,0.5441,0.6858
G1-02,G1,铁轴,NQO1,22.4350,19.9475,2.4875,2.1772,0.3103,0.8065
G1-03,G1,上游,MT-CO1,17.3900,20.9175,-3.5275,-3.9209,0.3934,0.7613
G1-03,G1,上游,MT-ATP6,16.2500,20.9175,-4.6675,-4.1234,-0.5441,1.4581
G1-03,G1,上游,MT-ND1,16.9500,20.9175,-3.9675,-4.2566,0.2891,0.8184
G1-03,G1,上游,HSPA9,23.1900,20.9175,2.2725,2.3616,-0.0891,1.0637
G1-03,G1,上游,ITPR1,25.9350,20.9175,5.0175,5.5759,-0.5584,1.4727
G1-03,G1,上游,VDAC1,24.0750,20.9175,3.1575,3.2934,-0.1359,1.0988
G1-03,G1,上游,TOMM20,21.6150,20.9175,0.6975,0.9684,-0.2709,1.2066
G1-03,G1,上游,CANX,21.5600,20.9175,0.6425,0.3672,0.2753,0.8263
G1-03,G1,执行,IL1B,27.6400,20.9175,6.7225,8.0997,-1.3772,2.5976
G1-03,G1,执行,NLRP3,27.5850,20.9175,6.6675,6.1459,0.5216,0.6966
G1-03,G1,执行,GSDMD,25.2300,20.9175,4.3125,3.6216,0.6909,0.6195
G1-03,G1,执行,CASP4,26.2650,20.9175,5.3475,5.0109,0.3366,0.7919
G1-03,G1,执行,PYCARD,24.8100,20.9175,3.8925,3.5284,0.3641,0.7770
G1-03,G1,执行,CASP1,23.2800,20.9175,2.3625,2.3759,-0.0134,1.0094
G1-03,G1,铁轴,HMOX1,26.2700,20.9175,5.3525,5.2441,0.1084,0.9276
G1-03,G1,铁轴,FTH1,19.9450,20.9175,-0.9725,-0.9266,-0.0459,1.0324
G1-03,G1,铁轴,FTL,19.1850,20.9175,-1.7325,-0.9628,-0.7697,1.7049
G1-03,G1,铁轴,TFRC,24.7950,20.9175,3.8775,3.4478,0.4297,0.7424
G1-03,G1,铁轴,SLC40A1,26.1450,20.9175,5.2275,5.9184,-0.6909,1.6143
G1-03,G1,铁轴,NQO1,22.7850,20.9175,1.8675,2.1772,-0.3097,1.2394
G1-04,G1,上游,MT-CO1,16.4400,20.2975,-3.8575,-3.9209,0.0634,0.9570
G1-04,G1,上游,MT-ATP6,16.4900,20.2975,-3.8075,-4.1234,0.3159,0.8033
G1-04,G1,上游,MT-ND1,16.3450,20.2975,-3.9525,-4.2566,0.3041,0.8100
G1-04,G1,上游,HSPA9,23.1900,20.2975,2.8925,2.3616,0.5309,0.6921
G1-04,G1,上游,ITPR1,26.6750,20.2975,6.3775,5.5759,0.8016,0.5737
G1-04,G1,上游,VDAC1,24.2900,20.2975,3.9925,3.2934,0.6991,0.6160
G1-04,G1,上游,TOMM20,21.7050,20.2975,1.4075,0.9684,0.4391,0.7376
G1-04,G1,上游,CANX,21.0900,20.2975,0.7925,0.3672,0.4253,0.7447
G1-04,G1,执行,IL1B,28.9000,20.2975,8.6025,8.0997,0.5028,0.7057
G1-04,G1,执行,NLRP3,26.4600,20.2975,6.1625,6.1459,0.0166,0.9886
G1-04,G1,执行,GSDMD,24.1400,20.2975,3.8425,3.6216,0.2209,0.8580
G1-04,G1,执行,CASP4,24.7950,20.2975,4.4975,5.0109,-0.5134,1.4274
G1-04,G1,执行,PYCARD,24.0500,20.2975,3.7525,3.5284,0.2241,0.8562
G1-04,G1,执行,CASP1,22.6850,20.2975,2.3875,2.3759,0.0116,0.9920
G1-04,G1,铁轴,HMOX1,25.9100,20.2975,5.6125,5.2441,0.3684,0.7746
G1-04,G1,铁轴,FTH1,19.1450,20.2975,-1.1525,-0.9266,-0.2259,1.1695
G1-04,G1,铁轴,FTL,18.8200,20.2975,-1.4775,-0.9628,-0.5147,1.4287
G1-04,G1,铁轴,TFRC,23.5550,20.2975,3.2575,3.4478,-0.1903,1.1410
G1-04,G1,铁轴,SLC40A1,25.7700,20.2975,5.4725,5.9184,-0.4459,1.3622
G1-04,G1,铁轴,NQO1,22.9100,20.2975,2.6125,2.1772,0.4353,0.7395
G1-05,G1,上游,MT-CO1,16.3100,20.4825,-4.1725,-3.9209,-0.2516,1.1905
G1-05,G1,上游,MT-ATP6,16.6400,20.4825,-3.8425,-4.1234,0.2809,0.8231
G1-05,G1,上游,MT-ND1,15.9900,20.4825,-4.4925,-4.2566,-0.2359,1.1777
G1-05,G1,上游,HSPA9,22.8250,20.4825,2.3425,2.3616,-0.0191,1.0133
G1-05,G1,上游,ITPR1,25.9850,20.4825,5.5025,5.5759,-0.0734,1.0522
G1-05,G1,上游,VDAC1,23.0400,20.4825,2.5575,3.2934,-0.7359,1.6655
G1-05,G1,上游,TOMM20,21.0550,20.4825,0.5725,0.9684,-0.3959,1.3158
G1-05,G1,上游,CANX,20.8750,20.4825,0.3925,0.3672,0.0253,0.9826
G1-05,G1,执行,IL1B,29.9300,20.4825,9.4475,8.0997,1.3478,0.3929
G1-05,G1,执行,NLRP3,26.4150,20.4825,5.9325,6.1459,-0.2134,1.1594
G1-05,G1,执行,GSDMD,23.0600,20.4825,2.5775,3.6216,-1.0441,2.0620
G1-05,G1,执行,CASP4,26.0900,20.4825,5.6075,5.0109,0.5966,0.6613
G1-05,G1,执行,PYCARD,23.9750,20.4825,3.4925,3.5284,-0.0359,1.0252
G1-05,G1,执行,CASP1,23.1000,20.4825,2.6175,2.3759,0.2416,0.8458
G1-05,G1,铁轴,HMOX1,27.0050,20.4825,6.5225,5.2441,1.2784,0.4122
G1-05,G1,铁轴,FTH1,19.6800,20.4825,-0.8025,-0.9266,0.1241,0.9176
G1-05,G1,铁轴,FTL,20.4150,20.4825,-0.0675,-0.9628,0.8953,0.5376
G1-05,G1,铁轴,TFRC,23.1700,20.4825,2.6875,3.4478,-0.7603,1.6939
G1-05,G1,铁轴,SLC40A1,27.6050,20.4825,7.1225,5.9184,1.2041,0.4341
G1-05,G1,铁轴,NQO1,22.8850,20.4825,2.4025,2.1772,0.2253,0.8554
G1-06,G1,上游,MT-CO1,16.3900,20.3425,-3.9525,-3.9209,-0.0316,1.0221
G1-06,G1,上游,MT-ATP6,16.4950,20.3425,-3.8475,-4.1234,0.2759,0.8259
G1-06,G1,上游,MT-ND1,15.5150,20.3425,-4.8275,-4.2566,-0.5709,1.4855
G1-06,G1,上游,HSPA9,22.3150,20.3425,1.9725,2.3616,-0.3891,1.3095
G1-06,G1,上游,ITPR1,25.7650,20.3425,5.4225,5.5759,-0.1534,1.1122
G1-06,G1,上游,VDAC1,23.4350,20.3425,3.0925,3.2934,-0.2009,1.1494
G1-06,G1,上游,TOMM20,20.8700,20.3425,0.5275,0.9684,-0.4409,1.3575
G1-06,G1,上游,CANX,19.9050,20.3425,-0.4375,0.3672,-0.8047,1.7468
G1-06,G1,执行,IL1B,29.1050,20.3425,8.7625,8.0997,0.6628,0.6316
G1-06,G1,执行,NLRP3,26.2900,20.3425,5.9475,6.1459,-0.1984,1.1475
G1-06,G1,执行,GSDMD,22.7500,20.3425,2.4075,3.6216,-1.2141,2.3199
G1-06,G1,执行,CASP4,25.1250,20.3425,4.7825,5.0109,-0.2284,1.1716
G1-06,G1,执行,PYCARD,23.8350,20.3425,3.4925,3.5284,-0.0359,1.0252
G1-06,G1,执行,CASP1,22.8950,20.3425,2.5525,2.3759,0.1766,0.8848
G1-06,G1,铁轴,HMOX1,24.8450,20.3425,4.5025,5.2441,-0.7416,1.6720
G1-06,G1,铁轴,FTH1,19.8000,20.3425,-0.5425,-0.9266,0.3841,0.7663
G1-06,G1,铁轴,FTL,19.0000,20.3425,-1.3425,-0.9628,-0.3797,1.3011
G1-06,G1,铁轴,TFRC,24.0350,20.3425,3.6925,3.4478,0.2447,0.8440
G1-06,G1,铁轴,SLC40A1,26.1550,20.3425,5.8125,5.9184,-0.1059,1.0762
G1-06,G1,铁轴,NQO1,22.3050,20.3425,1.9625,2.1772,-0.2147,1.1605
G1-07,G1,上游,MT-CO1,16.3400,20.1100,-3.7700,-3.9209,0.1509,0.9007
G1-07,G1,上游,MT-ATP6,15.7300,20.1100,-4.3800,-4.1234,-0.2566,1.1946
G1-07,G1,上游,MT-ND1,15.9950,20.1100,-4.1150,-4.2566,0.1416,0.9065
G1-07,G1,上游,HSPA9,22.1050,20.1100,1.9950,2.3616,-0.3666,1.2893
G1-07,G1,上游,ITPR1,25.3250,20.1100,5.2150,5.5759,-0.3609,1.2843
G1-07,G1,上游,VDAC1,23.1650,20.1100,3.0550,3.2934,-0.2384,1.1797
G1-07,G1,上游,TOMM20,21.0100,20.1100,0.9000,0.9684,-0.0684,1.0486
G1-07,G1,上游,CANX,20.4100,20.1100,0.3000,0.3672,-0.0672,1.0477
G1-07,G1,执行,IL1B,27.1700,20.1100,7.0600,8.0997,-1.0397,2.0558
G1-07,G1,执行,NLRP3,26.4800,20.1100,6.3700,6.1459,0.2241,0.8562
G1-07,G1,执行,GSDMD,23.3900,20.1100,3.2800,3.6216,-0.3416,1.2671
G1-07,G1,执行,CASP4,24.4300,20.1100,4.3200,5.0109,-0.6909,1.6143
G1-07,G1,执行,PYCARD,23.1300,20.1100,3.0200,3.5284,-0.5084,1.4225
G1-07,G1,执行,CASP1,22.7700,20.1100,2.6600,2.3759,0.2841,0.8213
G1-07,G1,铁轴,HMOX1,26.4500,20.1100,6.3400,5.2441,1.0959,0.4678
G1-07,G1,铁轴,FTH1,19.3450,20.1100,-0.7650,-0.9266,0.1616,0.8941
G1-07,G1,铁轴,FTL,19.4950,20.1100,-0.6150,-0.9628,0.3478,0.7858
G1-07,G1,铁轴,TFRC,24.2350,20.1100,4.1250,3.4478,0.6772,0.6254
G1-07,G1,铁轴,SLC40A1,26.2850,20.1100,6.1750,5.9184,0.2566,0.8371
G1-07,G1,铁轴,NQO1,22.5400,20.1100,2.4300,2.1772,0.2528,0.8393
G1-08,G1,上游,MT-CO1,16.1000,19.9725,-3.8725,-3.9209,0.0484,0.9670
G1-08,G1,上游,MT-ATP6,15.7550,19.9725,-4.2175,-4.1234,-0.0941,1.0674
G1-08,G1,上游,MT-ND1,15.6750,19.9725,-4.2975,-4.2566,-0.0409,1.0288
G1-08,G1,上游,HSPA9,21.4700,19.9725,1.4975,2.3616,-0.8641,1.8202
G1-08,G1,上游,ITPR1,25.6500,19.9725,5.6775,5.5759,0.1016,0.9320
G1-08,G1,上游,VDAC1,23.0700,19.9725,3.0975,3.2934,-0.1959,1.1455
G1-08,G1,上游,TOMM20,21.3550,19.9725,1.3825,0.9684,0.4141,0.7505
G1-08,G1,上游,CANX,20.2900,19.9725,0.3175,0.3672,-0.0497,1.0350
G1-08,G1,执行,IL1B,26.7650,19.9725,6.7925,8.0997,-1.3072,2.4746
G1-08,G1,执行,NLRP3,25.8750,19.9725,5.9025,6.1459,-0.2434,1.1838
G1-08,G1,执行,GSDMD,23.9500,19.9725,3.9775,3.6216,0.3559,0.7814
G1-08,G1,执行,CASP4,25.4900,19.9725,5.5175,5.0109,0.5066,0.7039
G1-08,G1,执行,PYCARD,23.3650,19.9725,3.3925,3.5284,-0.1359,1.0988
G1-08,G1,执行,CASP1,21.6550,19.9725,1.6825,2.3759,-0.6934,1.6171
G1-08,G1,铁轴,HMOX1,24.0150,19.9725,4.0425,5.2441,-1.2016,2.2999
G1-08,G1,铁轴,FTH1,19.5150,19.9725,-0.4575,-0.9266,0.4691,0.7224
G1-08,G1,铁轴,FTL,19.5200,19.9725,-0.4525,-0.9628,0.5103,0.7021
G1-08,G1,铁轴,TFRC,23.0750,19.9725,3.1025,3.4478,-0.3453,1.2704
G1-08,G1,铁轴,SLC40A1,25.0700,19.9725,5.0975,5.9184,-0.8209,1.7666
G1-08,G1,铁轴,NQO1,21.9900,19.9725,2.0175,2.1772,-0.1597,1.1170
G2-01,G2,上游,MT-CO1,17.6650,20.3875,-2.7225,-3.9209,1.1984,0.4357
G2-01,G2,上游,MT-ATP6,17.5600,20.3875,-2.8275,-4.1234,1.2959,0.4073
G2-01,G2,上游,MT-ND1,17.3300,20.3875,-3.0575,-4.2566,1.1991,0.4356
G2-01,G2,上游,HSPA9,23.8900,20.3875,3.5025,2.3616,1.1409,0.4535
G2-01,G2,上游,ITPR1,26.9750,20.3875,6.5875,5.5759,1.0116,0.4960
G2-01,G2,上游,VDAC1,24.5600,20.3875,4.1725,3.2934,0.8791,0.5437
G2-01,G2,上游,TOMM20,21.8950,20.3875,1.5075,0.9684,0.5391,0.6882
G2-01,G2,上游,CANX,21.3950,20.3875,1.0075,0.3672,0.6403,0.6416
G2-01,G2,执行,IL1B,25.9050,20.3875,5.5175,8.0997,-2.5822,5.9885
G2-01,G2,执行,NLRP3,24.6700,20.3875,4.2825,6.1459,-1.8634,3.6387
G2-01,G2,执行,GSDMD,22.5950,20.3875,2.2075,3.6216,-1.4141,2.6649
G2-01,G2,执行,CASP4,23.7800,20.3875,3.3925,5.0109,-1.6184,3.0704
G2-01,G2,执行,PYCARD,22.7350,20.3875,2.3475,3.5284,-1.1809,2.2672
G2-01,G2,执行,CASP1,22.0400,20.3875,1.6525,2.3759,-0.7234,1.6511
G2-01,G2,铁轴,HMOX1,23.8650,20.3875,3.4775,5.2441,-1.7666,3.4024
G2-01,G2,铁轴,FTH1,18.4800,20.3875,-1.9075,-0.9266,-0.9809,1.9737
G2-01,G2,铁轴,FTL,18.3400,20.3875,-2.0475,-0.9628,-1.0847,2.1209
G2-01,G2,铁轴,TFRC,23.1100,20.3875,2.7225,3.4478,-0.7253,1.6533
G2-01,G2,铁轴,SLC40A1,25.4650,20.3875,5.0775,5.9184,-0.8409,1.7912
G2-01,G2,铁轴,NQO1,23.5650,20.3875,3.1775,2.1772,1.0003,0.4999
G2-02,G2,上游,MT-CO1,17.9750,20.2675,-2.2925,-3.9209,1.6284,0.3234
G2-02,G2,上游,MT-ATP6,16.9600,20.2675,-3.3075,-4.1234,0.8159,0.5680
G2-02,G2,上游,MT-ND1,17.4300,20.2675,-2.8375,-4.2566,1.4191,0.3740
G2-02,G2,上游,HSPA9,23.9450,20.2675,3.6775,2.3616,1.3159,0.4017
G2-02,G2,上游,ITPR1,26.6400,20.2675,6.3725,5.5759,0.7966,0.5757
G2-02,G2,上游,VDAC1,24.0200,20.2675,3.7525,3.2934,0.4591,0.7275
G2-02,G2,上游,TOMM20,22.1500,20.2675,1.8825,0.9684,0.9141,0.5307
G2-02,G2,上游,CANX,20.9250,20.2675,0.6575,0.3672,0.2903,0.8177
G2-02,G2,执行,IL1B,24.8100,20.2675,4.5425,8.0997,-3.5572,11.7712
G2-02,G2,执行,NLRP3,25.3050,20.2675,5.0375,6.1459,-1.1084,2.1561
G2-02,G2,执行,GSDMD,21.5350,20.2675,1.2675,3.6216,-2.3541,5.1126
G2-02,G2,执行,CASP4,23.9050,20.2675,3.6375,5.0109,-1.3734,2.5909
G2-02,G2,执行,PYCARD,22.3850,20.2675,2.1175,3.5284,-1.4109,2.6591
G2-02,G2,执行,CASP1,20.8700,20.2675,0.6025,2.3759,-1.7734,3.4187
G2-02,G2,铁轴,HMOX1,23.6000,20.2675,3.3325,5.2441,-1.9116,3.7622
G2-02,G2,铁轴,FTH1,18.7200,20.2675,-1.5475,-0.9266,-0.6209,1.5379
G2-02,G2,铁轴,FTL,18.6550,20.2675,-1.6125,-0.9628,-0.6497,1.5688
G2-02,G2,铁轴,TFRC,23.7050,20.2675,3.4375,3.4478,-0.0103,1.0072
G2-02,G2,铁轴,SLC40A1,25.3150,20.2675,5.0475,5.9184,-0.8709,1.8289
G2-02,G2,铁轴,NQO1,23.6500,20.2675,3.3825,2.1772,1.2053,0.4337
G2-03,G2,上游,MT-CO1,17.0050,19.9350,-2.9300,-3.9209,0.9909,0.5032
G2-03,G2,上游,MT-ATP6,17.0200,19.9350,-2.9150,-4.1234,1.2084,0.4327
G2-03,G2,上游,MT-ND1,16.9700,19.9350,-2.9650,-4.2566,1.2916,0.4085
G2-03,G2,上游,HSPA9,23.2000,19.9350,3.2650,2.3616,0.9034,0.5346
G2-03,G2,上游,ITPR1,25.5800,19.9350,5.6450,5.5759,0.0691,0.9533
G2-03,G2,上游,VDAC1,23.4800,19.9350,3.5450,3.2934,0.2516,0.8400
G2-03,G2,上游,TOMM20,21.9050,19.9350,1.9700,0.9684,1.0016,0.4995
G2-03,G2,上游,CANX,21.4950,19.9350,1.5600,0.3672,1.1928,0.4374
G2-03,G2,执行,IL1B,24.6850,19.9350,4.7500,8.0997,-3.3497,10.1943
G2-03,G2,执行,NLRP3,24.1150,19.9350,4.1800,6.1459,-1.9659,3.9067
G2-03,G2,执行,GSDMD,21.9500,19.9350,2.0150,3.6216,-1.6066,3.0453
G2-03,G2,执行,CASP4,23.6400,19.9350,3.7050,5.0109,-1.3059,2.4724
G2-03,G2,执行,PYCARD,22.0850,19.9350,2.1500,3.5284,-1.3784,2.5999
G2-03,G2,执行,CASP1,20.1450,19.9350,0.2100,2.3759,-2.1659,4.4876
G2-03,G2,铁轴,HMOX1,22.9100,19.9350,2.9750,5.2441,-2.2691,4.8201
G2-03,G2,铁轴,FTH1,17.4000,19.9350,-2.5350,-0.9266,-1.6084,3.0492
G2-03,G2,铁轴,FTL,16.8200,19.9350,-3.1150,-0.9628,-2.1522,4.4450
G2-03,G2,铁轴,TFRC,22.1600,19.9350,2.2250,3.4478,-1.2228,2.3340
G2-03,G2,铁轴,SLC40A1,25.5050,19.9350,5.5700,5.9184,-0.3484,1.2732
G2-03,G2,铁轴,NQO1,21.6400,19.9350,1.7050,2.1772,-0.4722,1.3872
G2-04,G2,上游,MT-CO1,17.3050,20.1575,-2.8525,-3.9209,1.0684,0.4768
G2-04,G2,上游,MT-ATP6,17.1050,20.1575,-3.0525,-4.1234,1.0709,0.4760
G2-04,G2,上游,MT-ND1,16.9750,20.1575,-3.1825,-4.2566,1.0741,0.4750
G2-04,G2,上游,HSPA9,23.0900,20.1575,2.9325,2.3616,0.5709,0.6732
G2-04,G2,上游,ITPR1,27.4550,20.1575,7.2975,5.5759,1.7216,0.3032
G2-04,G2,上游,VDAC1,24.3350,20.1575,4.1775,3.2934,0.8841,0.5418
G2-04,G2,上游,TOMM20,21.5250,20.1575,1.3675,0.9684,0.3991,0.7584
G2-04,G2,上游,CANX,20.8950,20.1575,0.7375,0.3672,0.3703,0.7736
G2-04,G2,执行,IL1B,24.4100,20.1575,4.2525,8.0997,-3.8472,14.3919
G2-04,G2,执行,NLRP3,23.9550,20.1575,3.7975,6.1459,-2.3484,5.0927
G2-04,G2,执行,GSDMD,22.3700,20.1575,2.2125,3.6216,-1.4091,2.6556
G2-04,G2,执行,CASP4,22.9750,20.1575,2.8175,5.0109,-2.1934,4.5739
G2-04,G2,执行,PYCARD,22.7250,20.1575,2.5675,3.5284,-0.9609,1.9466
G2-04,G2,执行,CASP1,20.6650,20.1575,0.5075,2.3759,-1.8684,3.6514
G2-04,G2,铁轴,HMOX1,22.3000,20.1575,2.1425,5.2441,-3.1016,8.5835
G2-04,G2,铁轴,FTH1,18.3850,20.1575,-1.7725,-0.9266,-0.8459,1.7974
G2-04,G2,铁轴,FTL,17.6300,20.1575,-2.5275,-0.9628,-1.5647,2.9581
G2-04,G2,铁轴,TFRC,21.8450,20.1575,1.6875,3.4478,-1.7603,3.3877
G2-04,G2,铁轴,SLC40A1,24.9300,20.1575,4.7725,5.9184,-1.1459,2.2129
G2-04,G2,铁轴,NQO1,23.2450,20.1575,3.0875,2.1772,0.9103,0.5321
G2-05,G2,上游,MT-CO1,16.7400,19.8250,-3.0850,-3.9209,0.8359,0.5602
G2-05,G2,上游,MT-ATP6,16.6850,19.8250,-3.1400,-4.1234,0.9834,0.5058
G2-05,G2,上游,MT-ND1,16.5300,19.8250,-3.2950,-4.2566,0.9616,0.5135
G2-05,G2,上游,HSPA9,23.2800,19.8250,3.4550,2.3616,1.0934,0.4686
G2-05,G2,上游,ITPR1,26.0400,19.8250,6.2150,5.5759,0.6391,0.6421
G2-05,G2,上游,VDAC1,23.9000,19.8250,4.0750,3.2934,0.7816,0.5817
G2-05,G2,上游,TOMM20,21.1300,19.8250,1.3050,0.9684,0.3366,0.7919
G2-05,G2,上游,CANX,20.4650,19.8250,0.6400,0.3672,0.2728,0.8277
G2-05,G2,执行,IL1B,25.6400,19.8250,5.8150,8.0997,-2.2847,4.8726
G2-05,G2,执行,NLRP3,24.0400,19.8250,4.2150,6.1459,-1.9309,3.8130
G2-05,G2,执行,GSDMD,21.1700,19.8250,1.3450,3.6216,-2.2766,4.8452
G2-05,G2,执行,CASP4,23.5900,19.8250,3.7650,5.0109,-1.2459,2.3717
G2-05,G2,执行,PYCARD,21.3850,19.8250,1.5600,3.5284,-1.9684,3.9134
G2-05,G2,执行,CASP1,20.8750,19.8250,1.0500,2.3759,-1.3259,2.5070
G2-05,G2,铁轴,HMOX1,23.5750,19.8250,3.7500,5.2441,-1.4941,2.8168
G2-05,G2,铁轴,FTH1,17.5050,19.8250,-2.3200,-0.9266,-1.3934,2.6270
G2-05,G2,铁轴,FTL,17.9000,19.8250,-1.9250,-0.9628,-0.9622,1.9483
G2-05,G2,铁轴,TFRC,22.2950,19.8250,2.4700,3.4478,-0.9778,1.9695
G2-05,G2,铁轴,SLC40A1,23.2450,19.8250,3.4200,5.9184,-2.4984,5.6507
G2-05,G2,铁轴,NQO1,23.1200,19.8250,3.2950,2.1772,1.1178,0.4608
G2-06,G2,上游,MT-CO1,17.5100,20.0900,-2.5800,-3.9209,1.3409,0.3948
G2-06,G2,上游,MT-ATP6,17.7100,20.0900,-2.3800,-4.1234,1.7434,0.2987
G2-06,G2,上游,MT-ND1,16.7000,20.0900,-3.3900,-4.2566,0.8666,0.5485
G2-06,G2,上游,HSPA9,23.2150,20.0900,3.1250,2.3616,0.7634,0.5891
G2-06,G2,上游,ITPR1,26.3200,20.0900,6.2300,5.5759,0.6541,0.6355
G2-06,G2,上游,VDAC1,24.1400,20.0900,4.0500,3.2934,0.7566,0.5919
G2-06,G2,上游,TOMM20,22.5350,20.0900,2.4450,0.9684,1.4766,0.3593
G2-06,G2,上游,CANX,20.7000,20.0900,0.6100,0.3672,0.2428,0.8451
G2-06,G2,执行,IL1B,24.7950,20.0900,4.7050,8.0997,-3.3947,10.5173
G2-06,G2,执行,NLRP3,23.8850,20.0900,3.7950,6.1459,-2.3509,5.1016
G2-06,G2,执行,GSDMD,22.1650,20.0900,2.0750,3.6216,-1.5466,2.9212
G2-06,G2,执行,CASP4,23.1750,20.0900,3.0850,5.0109,-1.9259,3.7998
G2-06,G2,执行,PYCARD,22.5350,20.0900,2.4450,3.5284,-1.0834,2.1191
G2-06,G2,执行,CASP1,21.8050,20.0900,1.7150,2.3759,-0.6609,1.5811
G2-06,G2,铁轴,HMOX1,22.2950,20.0900,2.2050,5.2441,-3.0391,8.2196
G2-06,G2,铁轴,FTH1,17.5800,20.0900,-2.5100,-0.9266,-1.5834,2.9968
G2-06,G2,铁轴,FTL,18.0550,20.0900,-2.0350,-0.9628,-1.0722,2.1026
G2-06,G2,铁轴,TFRC,22.3050,20.0900,2.2150,3.4478,-1.2328,2.3502
G2-06,G2,铁轴,SLC40A1,25.0850,20.0900,4.9950,5.9184,-0.9234,1.8966
G2-06,G2,铁轴,NQO1,23.2750,20.0900,3.1850,2.1772,1.0078,0.4973
G2-07,G2,上游,MT-CO1,19.8550,20.2575,-0.4025,-3.9209,3.5184,0.0873
G2-07,G2,上游,MT-ATP6,18.8050,20.2575,-1.4525,-4.1234,2.6709,0.1570
G2-07,G2,上游,MT-ND1,18.2000,20.2575,-2.0575,-4.2566,2.1991,0.2178
G2-07,G2,上游,HSPA9,24.6400,20.2575,4.3825,2.3616,2.0209,0.2464
G2-07,G2,上游,ITPR1,28.1150,20.2575,7.8575,5.5759,2.2816,0.2057
G2-07,G2,上游,VDAC1,25.0950,20.2575,4.8375,3.2934,1.5441,0.3429
G2-07,G2,上游,TOMM20,24.1200,20.2575,3.8625,0.9684,2.8941,0.1345
G2-07,G2,上游,CANX,22.5300,20.2575,2.2725,0.3672,1.9053,0.2670
G2-07,G2,执行,IL1B,27.1250,20.2575,6.8675,8.0997,-1.2322,2.3492
G2-07,G2,执行,NLRP3,25.9900,20.2575,5.7325,6.1459,-0.4134,1.3319
G2-07,G2,执行,GSDMD,22.9800,20.2575,2.7225,3.6216,-0.8991,1.8649
G2-07,G2,执行,CASP4,24.8100,20.2575,4.5525,5.0109,-0.4584,1.3741
G2-07,G2,执行,PYCARD,24.5100,20.2575,4.2525,3.5284,0.7241,0.6054
G2-07,G2,执行,CASP1,23.0500,20.2575,2.7925,2.3759,0.4166,0.7492
G2-07,G2,铁轴,HMOX1,25.8950,20.2575,5.6375,5.2441,0.3934,0.7613
G2-07,G2,铁轴,FTH1,20.0200,20.2575,-0.2375,-0.9266,0.6891,0.6203
G2-07,G2,铁轴,FTL,19.9850,20.2575,-0.2725,-0.9628,0.6903,0.6197
G2-07,G2,铁轴,TFRC,25.0450,20.2575,4.7875,3.4478,1.3397,0.3951
G2-07,G2,铁轴,SLC40A1,27.4600,20.2575,7.2025,5.9184,1.2841,0.4106
G2-07,G2,铁轴,NQO1,24.5300,20.2575,4.2725,2.1772,2.0953,0.2340
G2-08,G2,上游,MT-CO1,16.9600,20.0775,-3.1175,-3.9209,0.8034,0.5730
G2-08,G2,上游,MT-ATP6,16.8750,20.0775,-3.2025,-4.1234,0.9209,0.5282
G2-08,G2,上游,MT-ND1,16.9350,20.0775,-3.1425,-4.2566,1.1141,0.4620
G2-08,G2,上游,HSPA9,23.4700,20.0775,3.3925,2.3616,1.0309,0.4894
G2-08,G2,上游,ITPR1,26.3450,20.0775,6.2675,5.5759,0.6916,0.6192
G2-08,G2,上游,VDAC1,23.8300,20.0775,3.7525,3.2934,0.4591,0.7275
G2-08,G2,上游,TOMM20,22.2250,20.0775,2.1475,0.9684,1.1791,0.4416
G2-08,G2,上游,CANX,20.4600,20.0775,0.3825,0.3672,0.0153,0.9894
G2-08,G2,执行,IL1B,25.5950,20.0775,5.5175,8.0997,-2.5822,5.9885
G2-08,G2,执行,NLRP3,23.5450,20.0775,3.4675,6.1459,-2.6784,6.4016
G2-08,G2,执行,GSDMD,21.8500,20.0775,1.7725,3.6216,-1.8491,3.6027
G2-08,G2,执行,CASP4,23.8100,20.0775,3.7325,5.0109,-1.2784,2.4258
G2-08,G2,执行,PYCARD,22.2650,20.0775,2.1875,3.5284,-1.3409,2.5332
G2-08,G2,执行,CASP1,21.2550,20.0775,1.1775,2.3759,-1.1984,2.2949
G2-08,G2,铁轴,HMOX1,23.1300,20.0775,3.0525,5.2441,-2.1916,4.5680
G2-08,G2,铁轴,FTH1,17.7000,20.0775,-2.3775,-0.9266,-1.4509,2.7339
G2-08,G2,铁轴,FTL,17.4400,20.0775,-2.6375,-0.9628,-1.6747,3.1925
G2-08,G2,铁轴,TFRC,22.1300,20.0775,2.0525,3.4478,-1.3953,2.6305
G2-08,G2,铁轴,SLC40A1,25.7750,20.0775,5.6975,5.9184,-0.2209,1.1655
G2-08,G2,铁轴,NQO1,24.6500,20.0775,4.5725,2.1772,2.3953,0.1901
G3-01,G3,上游,MT-CO1,16.9300,20.3600,-3.4300,-3.9209,0.4909,0.7116
G3-01,G3,上游,MT-ATP6,16.8700,20.3600,-3.4900,-4.1234,0.6334,0.6446
G3-01,G3,上游,MT-ND1,16.8950,20.3600,-3.4650,-4.2566,0.7916,0.5777
G3-01,G3,上游,HSPA9,23.2150,20.3600,2.8550,2.3616,0.4934,0.7103
G3-01,G3,上游,ITPR1,26.0850,20.3600,5.7250,5.5759,0.1491,0.9018
G3-01,G3,上游,VDAC1,23.5100,20.3600,3.1500,3.2934,-0.1434,1.1045
G3-01,G3,上游,TOMM20,21.9100,20.3600,1.5500,0.9684,0.5816,0.6682
G3-01,G3,上游,CANX,20.5300,20.3600,0.1700,0.3672,-0.1972,1.1465
G3-01,G3,执行,IL1B,26.1950,20.3600,5.8350,8.0997,-2.2647,4.8055
G3-01,G3,执行,NLRP3,24.8300,20.3600,4.4700,6.1459,-1.6759,3.1953
G3-01,G3,执行,GSDMD,22.2200,20.3600,1.8600,3.6216,-1.7616,3.3907
G3-01,G3,执行,CASP4,23.6200,20.3600,3.2600,5.0109,-1.7509,3.3658
G3-01,G3,执行,PYCARD,23.1500,20.3600,2.7900,3.5284,-0.7384,1.6684
G3-01,G3,执行,CASP1,20.9050,20.3600,0.5450,2.3759,-1.8309,3.5577
G3-01,G3,铁轴,HMOX1,24.7550,20.3600,4.3950,5.2441,-0.8491,1.8013
G3-01,G3,铁轴,FTH1,19.1300,20.3600,-1.2300,-0.9266,-0.3034,1.2341
G3-01,G3,铁轴,FTL,19.8050,20.3600,-0.5550,-0.9628,0.4078,0.7538
G3-01,G3,铁轴,TFRC,23.2900,20.3600,2.9300,3.4478,-0.5178,1.4318
G3-01,G3,铁轴,SLC40A1,25.6200,20.3600,5.2600,5.9184,-0.6584,1.5784
G3-01,G3,铁轴,NQO1,22.6800,20.3600,2.3200,2.1772,0.1428,0.9058
G3-02,G3,上游,MT-CO1,16.2050,19.5650,-3.3600,-3.9209,0.5609,0.6779
G3-02,G3,上游,MT-ATP6,16.1100,19.5650,-3.4550,-4.1234,0.6684,0.6292
G3-02,G3,上游,MT-ND1,15.6300,19.5650,-3.9350,-4.2566,0.3216,0.8002
G3-02,G3,上游,HSPA9,22.6050,19.5650,3.0400,2.3616,0.6784,0.6248
G3-02,G3,上游,ITPR1,25.0400,19.5650,5.4750,5.5759,-0.1009,1.0725
G3-02,G3,上游,VDAC1,23.9900,19.5650,4.4250,3.2934,1.1316,0.4564
G3-02,G3,上游,TOMM20,21.1750,19.5650,1.6100,0.9684,0.6416,0.6410
G3-02,G3,上游,CANX,20.9700,19.5650,1.4050,0.3672,1.0378,0.4871
G3-02,G3,执行,IL1B,24.9200,19.5650,5.3550,8.0997,-2.7447,6.7024
G3-02,G3,执行,NLRP3,24.1450,19.5650,4.5800,6.1459,-1.5659,2.9607
G3-02,G3,执行,GSDMD,22.6150,19.5650,3.0500,3.6216,-0.5716,1.4861
G3-02,G3,执行,CASP4,22.6850,19.5650,3.1200,5.0109,-1.8909,3.7088
G3-02,G3,执行,PYCARD,22.0900,19.5650,2.5250,3.5284,-1.0034,2.0048
G3-02,G3,执行,CASP1,21.0900,19.5650,1.5250,2.3759,-0.8509,1.8037
G3-02,G3,铁轴,HMOX1,23.7200,19.5650,4.1550,5.2441,-1.0891,2.1274
G3-02,G3,铁轴,FTH1,18.2000,19.5650,-1.3650,-0.9266,-0.4384,1.3551
G3-02,G3,铁轴,FTL,17.7050,19.5650,-1.8600,-0.9628,-0.8972,1.8624
G3-02,G3,铁轴,TFRC,21.9900,19.5650,2.4250,3.4478,-1.0228,2.0319
G3-02,G3,铁轴,SLC40A1,25.2800,19.5650,5.7150,5.9184,-0.2034,1.1514
G3-02,G3,铁轴,NQO1,22.3550,19.5650,2.7900,2.1772,0.6128,0.6539
G3-03,G3,上游,MT-CO1,17.8050,20.6925,-2.8875,-3.9209,1.0334,0.4885
G3-03,G3,上游,MT-ATP6,17.8200,20.6925,-2.8725,-4.1234,1.2509,0.4202
G3-03,G3,上游,MT-ND1,17.1650,20.6925,-3.5275,-4.2566,0.7291,0.6033
G3-03,G3,上游,HSPA9,23.2250,20.6925,2.5325,2.3616,0.1709,0.8883
G3-03,G3,上游,ITPR1,27.5850,20.6925,6.8925,5.5759,1.3166,0.4015
G3-03,G3,上游,VDAC1,24.5000,20.6925,3.8075,3.2934,0.5141,0.7002
G3-03,G3,上游,TOMM20,22.2100,20.6925,1.5175,0.9684,0.5491,0.6835
G3-03,G3,上游,CANX,21.1800,20.6925,0.4875,0.3672,0.1203,0.9200
G3-03,G3,执行,IL1B,26.3700,20.6925,5.6775,8.0997,-2.4222,5.3598
G3-03,G3,执行,NLRP3,24.4550,20.6925,3.7625,6.1459,-2.3834,5.2178
G3-03,G3,执行,GSDMD,22.7600,20.6925,2.0675,3.6216,-1.5541,2.9364
G3-03,G3,执行,CASP4,24.0450,20.6925,3.3525,5.0109,-1.6584,3.1567
G3-03,G3,执行,PYCARD,23.6900,20.6925,2.9975,3.5284,-0.5309,1.4449
G3-03,G3,执行,CASP1,21.9100,20.6925,1.2175,2.3759,-1.1584,2.2322
G3-03,G3,铁轴,HMOX1,24.6200,20.6925,3.9275,5.2441,-1.3166,2.4907
G3-03,G3,铁轴,FTH1,18.8250,20.6925,-1.8675,-0.9266,-0.9409,1.9198
G3-03,G3,铁轴,FTL,19.3350,20.6925,-1.3575,-0.9628,-0.3947,1.3147
G3-03,G3,铁轴,TFRC,23.5650,20.6925,2.8725,3.4478,-0.5753,1.4900
G3-03,G3,铁轴,SLC40A1,25.3000,20.6925,4.6075,5.9184,-1.3109,2.4810
G3-03,G3,铁轴,NQO1,23.3850,20.6925,2.6925,2.1772,0.5153,0.6996
G3-04,G3,上游,MT-CO1,17.0350,19.9775,-2.9425,-3.9209,0.9784,0.5075
G3-04,G3,上游,MT-ATP6,16.9250,19.9775,-3.0525,-4.1234,1.0709,0.4760
G3-04,G3,上游,MT-ND1,16.8100,19.9775,-3.1675,-4.2566,1.0891,0.4701
G3-04,G3,上游,HSPA9,22.3500,19.9775,2.3725,2.3616,0.0109,0.9924
G3-04,G3,上游,ITPR1,26.4200,19.9775,6.4425,5.5759,0.8666,0.5485
G3-04,G3,上游,VDAC1,23.8800,19.9775,3.9025,3.2934,0.6091,0.6556
G3-04,G3,上游,TOMM20,21.4200,19.9775,1.4425,0.9684,0.4741,0.7199
G3-04,G3,上游,CANX,21.4400,19.9775,1.4625,0.3672,1.0953,0.4680
G3-04,G3,执行,IL1B,26.6100,19.9775,6.6325,8.0997,-1.4672,2.7648
G3-04,G3,执行,NLRP3,24.8700,19.9775,4.8925,6.1459,-1.2534,2.3841
G3-04,G3,执行,GSDMD,22.4900,19.9775,2.5125,3.6216,-1.1091,2.1571
G3-04,G3,执行,CASP4,23.9150,19.9775,3.9375,5.0109,-1.0734,2.1044
G3-04,G3,执行,PYCARD,22.6300,19.9775,2.6525,3.5284,-0.8759,1.8352
G3-04,G3,执行,CASP1,21.1950,19.9775,1.2175,2.3759,-1.1584,2.2322
G3-04,G3,铁轴,HMOX1,23.8600,19.9775,3.8825,5.2441,-1.3616,2.5696
G3-04,G3,铁轴,FTH1,18.4700,19.9775,-1.5075,-0.9266,-0.5809,1.4958
G3-04,G3,铁轴,FTL,19.1800,19.9775,-0.7975,-0.9628,0.1653,0.8917
G3-04,G3,铁轴,TFRC,22.1850,19.9775,2.2075,3.4478,-1.2403,2.3625
G3-04,G3,铁轴,SLC40A1,24.4350,19.9775,4.4575,5.9184,-1.4609,2.7529
G3-04,G3,铁轴,NQO1,22.4850,19.9775,2.5075,2.1772,0.3303,0.7954
G3-05,G3,上游,MT-CO1,16.8200,19.8200,-3.0000,-3.9209,0.9209,0.5282
G3-05,G3,上游,MT-ATP6,16.7600,19.8200,-3.0600,-4.1234,1.0634,0.4785
G3-05,G3,上游,MT-ND1,15.7450,19.8200,-4.0750,-4.2566,0.1816,0.8817
G3-05,G3,上游,HSPA9,22.7500,19.8200,2.9300,2.3616,0.5684,0.6743
G3-05,G3,上游,ITPR1,25.2500,19.8200,5.4300,5.5759,-0.1459,1.1064
G3-05,G3,上游,VDAC1,23.4950,19.8200,3.6750,3.2934,0.3816,0.7676
G3-05,G3,上游,TOMM20,21.7850,19.8200,1.9650,0.9684,0.9966,0.5012
G3-05,G3,上游,CANX,20.5650,19.8200,0.7450,0.3672,0.3778,0.7696
G3-05,G3,执行,IL1B,25.8550,19.8200,6.0350,8.0997,-2.0647,4.1834
G3-05,G3,执行,NLRP3,24.7600,19.8200,4.9400,6.1459,-1.2059,2.3069
G3-05,G3,执行,GSDMD,22.5950,19.8200,2.7750,3.6216,-0.8466,1.7982
G3-05,G3,执行,CASP4,23.4450,19.8200,3.6250,5.0109,-1.3859,2.6134
G3-05,G3,执行,PYCARD,21.9200,19.8200,2.1000,3.5284,-1.4284,2.6916
G3-05,G3,执行,CASP1,20.6150,19.8200,0.7950,2.3759,-1.5809,2.9916
G3-05,G3,铁轴,HMOX1,23.9500,19.8200,4.1300,5.2441,-1.1141,2.1645
G3-05,G3,铁轴,FTH1,18.1350,19.8200,-1.6850,-0.9266,-0.7584,1.6917
G3-05,G3,铁轴,FTL,17.6850,19.8200,-2.1350,-0.9628,-1.1722,2.2535
G3-05,G3,铁轴,TFRC,22.7750,19.8200,2.9550,3.4478,-0.4928,1.4072
G3-05,G3,铁轴,SLC40A1,25.0800,19.8200,5.2600,5.9184,-0.6584,1.5784
G3-05,G3,铁轴,NQO1,23.2400,19.8200,3.4200,2.1772,1.2428,0.4225
G3-06,G3,上游,MT-CO1,16.5050,19.8125,-3.3075,-3.9209,0.6134,0.6536
G3-06,G3,上游,MT-ATP6,16.1650,19.8125,-3.6475,-4.1234,0.4759,0.7190
G3-06,G3,上游,MT-ND1,16.6450,19.8125,-3.1675,-4.2566,1.0891,0.4701
G3-06,G3,上游,HSPA9,23.1350,19.8125,3.3225,2.3616,0.9609,0.5137
G3-06,G3,上游,ITPR1,25.6350,19.8125,5.8225,5.5759,0.2466,0.8429
G3-06,G3,上游,VDAC1,23.6700,19.8125,3.8575,3.2934,0.5641,0.6764
G3-06,G3,上游,TOMM20,22.0250,19.8125,2.2125,0.9684,1.2441,0.4222
G3-06,G3,上游,CANX,20.9500,19.8125,1.1375,0.3672,0.7703,0.5863
G3-06,G3,执行,IL1B,25.8600,19.8125,6.0475,8.0997,-2.0522,4.1473
G3-06,G3,执行,NLRP3,25.1700,19.8125,5.3575,6.1459,-0.7884,1.7272
G3-06,G3,执行,GSDMD,21.8050,19.8125,1.9925,3.6216,-1.6291,3.0931
G3-06,G3,执行,CASP4,24.1800,19.8125,4.3675,5.0109,-0.6434,1.5620
G3-06,G3,执行,PYCARD,22.2950,19.8125,2.4825,3.5284,-1.0459,2.0647
G3-06,G3,执行,CASP1,21.4300,19.8125,1.6175,2.3759,-0.7584,1.6917
G3-06,G3,铁轴,HMOX1,25.1450,19.8125,5.3325,5.2441,0.0884,0.9405
G3-06,G3,铁轴,FTH1,18.3500,19.8125,-1.4625,-0.9266,-0.5359,1.4499
G3-06,G3,铁轴,FTL,18.1650,19.8125,-1.6475,-0.9628,-0.6847,1.6074
G3-06,G3,铁轴,TFRC,21.4700,19.8125,1.6575,3.4478,-1.7903,3.4589
G3-06,G3,铁轴,SLC40A1,24.5900,19.8125,4.7775,5.9184,-1.1409,2.2052
G3-06,G3,铁轴,NQO1,22.6700,19.8125,2.8575,2.1772,0.6803,0.6240
G3-07,G3,上游,MT-CO1,16.7000,19.7100,-3.0100,-3.9209,0.9109,0.5318
G3-07,G3,上游,MT-ATP6,16.3650,19.7100,-3.3450,-4.1234,0.7784,0.5830
G3-07,G3,上游,MT-ND1,16.1000,19.7100,-3.6100,-4.2566,0.6466,0.6388
G3-07,G3,上游,HSPA9,22.7950,19.7100,3.0850,2.3616,0.7234,0.6057
G3-07,G3,上游,ITPR1,25.3300,19.7100,5.6200,5.5759,0.0441,0.9699
G3-07,G3,上游,VDAC1,23.8850,19.7100,4.1750,3.2934,0.8816,0.5428
G3-07,G3,上游,TOMM20,21.2650,19.7100,1.5550,0.9684,0.5866,0.6659
G3-07,G3,上游,CANX,19.7550,19.7100,0.0450,0.3672,-0.3222,1.2502
G3-07,G3,执行,IL1B,26.1500,19.7100,6.4400,8.0997,-1.6597,3.1595
G3-07,G3,执行,NLRP3,24.8000,19.7100,5.0900,6.1459,-1.0559,2.0791
G3-07,G3,执行,GSDMD,22.0750,19.7100,2.3650,3.6216,-1.2566,2.3893
G3-07,G3,执行,CASP4,23.5300,19.7100,3.8200,5.0109,-1.1909,2.2830
G3-07,G3,执行,PYCARD,22.9600,19.7100,3.2500,3.5284,-0.2784,1.2129
G3-07,G3,执行,CASP1,20.6000,19.7100,0.8900,2.3759,-1.4859,2.8010
G3-07,G3,铁轴,HMOX1,21.8400,19.7100,2.1300,5.2441,-3.1141,8.6582
G3-07,G3,铁轴,FTH1,17.4050,19.7100,-2.3050,-0.9266,-1.3784,2.5999
G3-07,G3,铁轴,FTL,17.0350,19.7100,-2.6750,-0.9628,-1.7122,3.2766
G3-07,G3,铁轴,TFRC,22.4600,19.7100,2.7500,3.4478,-0.6978,1.6220
G3-07,G3,铁轴,SLC40A1,23.6950,19.7100,3.9850,5.9184,-1.9334,3.8196
G3-07,G3,铁轴,NQO1,22.0600,19.7100,2.3500,2.1772,0.1728,0.8871
G3-08,G3,上游,MT-CO1,17.6350,20.8750,-3.2400,-3.9209,0.6809,0.6238
G3-08,G3,上游,MT-ATP6,17.0300,20.8750,-3.8450,-4.1234,0.2784,0.8245
G3-08,G3,上游,MT-ND1,17.0100,20.8750,-3.8650,-4.2566,0.3916,0.7623
G3-08,G3,上游,HSPA9,23.6950,20.8750,2.8200,2.3616,0.4584,0.7278
G3-08,G3,上游,ITPR1,27.0150,20.8750,6.1400,5.5759,0.5641,0.6764
G3-08,G3,上游,VDAC1,24.3800,20.8750,3.5050,3.2934,0.2116,0.8636
G3-08,G3,上游,TOMM20,22.8100,20.8750,1.9350,0.9684,0.9666,0.5117
G3-08,G3,上游,CANX,21.6750,20.8750,0.8000,0.3672,0.4328,0.7408
G3-08,G3,执行,IL1B,27.3050,20.8750,6.4300,8.0997,-1.6697,3.1815
G3-08,G3,执行,NLRP3,25.5800,20.8750,4.7050,6.1459,-1.4409,2.7150
G3-08,G3,执行,GSDMD,22.5950,20.8750,1.7200,3.6216,-1.9016,3.7362
G3-08,G3,执行,CASP4,24.4150,20.8750,3.5400,5.0109,-1.4709,2.7720
G3-08,G3,执行,PYCARD,23.5850,20.8750,2.7100,3.5284,-0.8184,1.7635
G3-08,G3,执行,CASP1,22.2150,20.8750,1.3400,2.3759,-1.0359,2.0504
G3-08,G3,铁轴,HMOX1,24.5250,20.8750,3.6500,5.2441,-1.5941,3.0190
G3-08,G3,铁轴,FTH1,19.2500,20.8750,-1.6250,-0.9266,-0.6984,1.6227
G3-08,G3,铁轴,FTL,19.6200,20.8750,-1.2550,-0.9628,-0.2922,1.2245
G3-08,G3,铁轴,TFRC,23.4850,20.8750,2.6100,3.4478,-0.8378,1.7873
G3-08,G3,铁轴,SLC40A1,25.8700,20.8750,4.9950,5.9184,-0.9234,1.8966
G3-08,G3,铁轴,NQO1,22.2950,20.8750,1.4200,2.1772,-0.7572,1.6902
G4-01,G4,上游,MT-CO1,16.0800,19.9300,-3.8500,-3.9209,0.0709,0.9520
G4-01,G4,上游,MT-ATP6,15.8750,19.9300,-4.0550,-4.1234,0.0684,0.9537
G4-01,G4,上游,MT-ND1,15.5300,19.9300,-4.4000,-4.2566,-0.1434,1.1045
G4-01,G4,上游,HSPA9,22.6050,19.9300,2.6750,2.3616,0.3134,0.8047
G4-01,G4,上游,ITPR1,25.0800,19.9300,5.1500,5.5759,-0.4259,1.3434
G4-01,G4,上游,VDAC1,23.1150,19.9300,3.1850,3.2934,-0.1084,1.0781
G4-01,G4,上游,TOMM20,20.0850,19.9300,0.1550,0.9684,-0.8134,1.7574
G4-01,G4,上游,CANX,21.0500,19.9300,1.1200,0.3672,0.7528,0.5934
G4-01,G4,执行,IL1B,29.0800,19.9300,9.1500,8.0997,1.0503,0.4829
G4-01,G4,执行,NLRP3,25.6300,19.9300,5.7000,6.1459,-0.4459,1.3622
G4-01,G4,执行,GSDMD,22.9300,19.9300,3.0000,3.6216,-0.6216,1.5385
G4-01,G4,执行,CASP4,23.9100,19.9300,3.9800,5.0109,-1.0309,2.0434
G4-01,G4,执行,PYCARD,23.5200,19.9300,3.5900,3.5284,0.0616,0.9582
G4-01,G4,执行,CASP1,22.0300,19.9300,2.1000,2.3759,-0.2759,1.2108
G4-01,G4,铁轴,HMOX1,24.2450,19.9300,4.3150,5.2441,-0.9291,1.9040
G4-01,G4,铁轴,FTH1,18.4900,19.9300,-1.4400,-0.9266,-0.5134,1.4274
G4-01,G4,铁轴,FTL,18.2950,19.9300,-1.6350,-0.9628,-0.6722,1.5935
G4-01,G4,铁轴,TFRC,23.7350,19.9300,3.8050,3.4478,0.3572,0.7807
G4-01,G4,铁轴,SLC40A1,25.6900,19.9300,5.7600,5.9184,-0.1584,1.1161
G4-01,G4,铁轴,NQO1,21.4300,19.9300,1.5000,2.1772,-0.6772,1.5990
G4-02,G4,上游,MT-CO1,16.0550,19.9650,-3.9100,-3.9209,0.0109,0.9924
G4-02,G4,上游,MT-ATP6,16.0200,19.9650,-3.9450,-4.1234,0.1784,0.8837
G4-02,G4,上游,MT-ND1,16.3550,19.9650,-3.6100,-4.2566,0.6466,0.6388
G4-02,G4,上游,HSPA9,21.8300,19.9650,1.8650,2.3616,-0.4966,1.4108
G4-02,G4,上游,ITPR1,25.3800,19.9650,5.4150,5.5759,-0.1609,1.1180
G4-02,G4,上游,VDAC1,23.3550,19.9650,3.3900,3.2934,0.0966,0.9353
G4-02,G4,上游,TOMM20,20.9950,19.9650,1.0300,0.9684,0.0616,0.9582
G4-02,G4,上游,CANX,20.6400,19.9650,0.6750,0.3672,0.3078,0.8079
G4-02,G4,执行,IL1B,28.3950,19.9650,8.4300,8.0997,0.3303,0.7954
G4-02,G4,执行,NLRP3,25.8200,19.9650,5.8550,6.1459,-0.2909,1.2234
G4-02,G4,执行,GSDMD,23.3450,19.9650,3.3800,3.6216,-0.2416,1.1823
G4-02,G4,执行,CASP4,25.2850,19.9650,5.3200,5.0109,0.3091,0.8072
G4-02,G4,执行,PYCARD,23.5100,19.9650,3.5450,3.5284,0.0166,0.9886
G4-02,G4,执行,CASP1,22.6600,19.9650,2.6950,2.3759,0.3191,0.8016
G4-02,G4,铁轴,HMOX1,24.9450,19.9650,4.9800,5.2441,-0.2641,1.2009
G4-02,G4,铁轴,FTH1,18.8600,19.9650,-1.1050,-0.9266,-0.1784,1.1317
G4-02,G4,铁轴,FTL,19.2450,19.9650,-0.7200,-0.9628,0.2428,0.8451
G4-02,G4,铁轴,TFRC,23.7650,19.9650,3.8000,3.4478,0.3522,0.7834
G4-02,G4,铁轴,SLC40A1,26.0450,19.9650,6.0800,5.9184,0.1616,0.8941
G4-02,G4,铁轴,NQO1,21.8800,19.9650,1.9150,2.1772,-0.2622,1.1993
G4-03,G4,上游,MT-CO1,16.1200,19.7675,-3.6475,-3.9209,0.2734,0.8273
G4-03,G4,上游,MT-ATP6,16.2400,19.7675,-3.5275,-4.1234,0.5959,0.6616
G4-03,G4,上游,MT-ND1,15.4950,19.7675,-4.2725,-4.2566,-0.0159,1.0111
G4-03,G4,上游,HSPA9,22.0850,19.7675,2.3175,2.3616,-0.0441,1.0310
G4-03,G4,上游,ITPR1,25.2800,19.7675,5.5125,5.5759,-0.0634,1.0450
G4-03,G4,上游,VDAC1,22.3500,19.7675,2.5825,3.2934,-0.7109,1.6369
G4-03,G4,上游,TOMM20,20.5850,19.7675,0.8175,0.9684,-0.1509,1.1103
G4-03,G4,上游,CANX,20.3950,19.7675,0.6275,0.3672,0.2603,0.8349
G4-03,G4,执行,IL1B,28.0100,19.7675,8.2425,8.0997,0.1428,0.9058
G4-03,G4,执行,NLRP3,26.1050,19.7675,6.3375,6.1459,0.1916,0.8757
G4-03,G4,执行,GSDMD,23.5000,19.7675,3.7325,3.6216,0.1109,0.9260
G4-03,G4,执行,CASP4,24.3350,19.7675,4.5675,5.0109,-0.4434,1.3598
G4-03,G4,执行,PYCARD,23.5550,19.7675,3.7875,3.5284,0.2591,0.8356
G4-03,G4,执行,CASP1,22.4450,19.7675,2.6775,2.3759,0.3016,0.8114
G4-03,G4,铁轴,HMOX1,24.5350,19.7675,4.7675,5.2441,-0.4766,1.3914
G4-03,G4,铁轴,FTH1,18.3350,19.7675,-1.4325,-0.9266,-0.5059,1.4200
G4-03,G4,铁轴,FTL,18.8200,19.7675,-0.9475,-0.9628,0.0153,0.9894
G4-03,G4,铁轴,TFRC,24.0200,19.7675,4.2525,3.4478,0.8047,0.5725
G4-03,G4,铁轴,SLC40A1,25.1500,19.7675,5.3825,5.9184,-0.5359,1.4499
G4-03,G4,铁轴,NQO1,22.5850,19.7675,2.8175,2.1772,0.6403,0.6416
G4-04,G4,上游,MT-CO1,16.5650,19.8250,-3.2600,-3.9209,0.6609,0.6325
G4-04,G4,上游,MT-ATP6,15.3850,19.8250,-4.4400,-4.1234,-0.3166,1.2454
G4-04,G4,上游,MT-ND1,15.7650,19.8250,-4.0600,-4.2566,0.1966,0.8726
G4-04,G4,上游,HSPA9,22.4400,19.8250,2.6150,2.3616,0.2534,0.8389
G4-04,G4,上游,ITPR1,25.3800,19.8250,5.5550,5.5759,-0.0209,1.0146
G4-04,G4,上游,VDAC1,22.7050,19.8250,2.8800,3.2934,-0.4134,1.3319
G4-04,G4,上游,TOMM20,20.5350,19.8250,0.7100,0.9684,-0.2584,1.1962
G4-04,G4,上游,CANX,20.5850,19.8250,0.7600,0.3672,0.3928,0.7616
G4-04,G4,执行,IL1B,28.2150,19.8250,8.3900,8.0997,0.2903,0.8177
G4-04,G4,执行,NLRP3,25.8450,19.8250,6.0200,6.1459,-0.1259,1.0912
G4-04,G4,执行,GSDMD,23.3600,19.8250,3.5350,3.6216,-0.0866,1.0618
G4-04,G4,执行,CASP4,25.1750,19.8250,5.3500,5.0109,0.3391,0.7906
G4-04,G4,执行,PYCARD,23.8750,19.8250,4.0500,3.5284,0.5216,0.6966
G4-04,G4,执行,CASP1,22.4800,19.8250,2.6550,2.3759,0.2791,0.8241
G4-04,G4,铁轴,HMOX1,24.5800,19.8250,4.7550,5.2441,-0.4891,1.4035
G4-04,G4,铁轴,FTH1,18.4900,19.8250,-1.3350,-0.9266,-0.4084,1.3272
G4-04,G4,铁轴,FTL,18.1550,19.8250,-1.6700,-0.9628,-0.7072,1.6326
G4-04,G4,铁轴,TFRC,22.9750,19.8250,3.1500,3.4478,-0.2978,1.2293
G4-04,G4,铁轴,SLC40A1,25.6000,19.8250,5.7750,5.9184,-0.1434,1.1045
G4-04,G4,铁轴,NQO1,22.2050,19.8250,2.3800,2.1772,0.2028,0.8689
G4-05,G4,上游,MT-CO1,15.2650,20.0050,-4.7400,-3.9209,-0.8191,1.7643
G4-05,G4,上游,MT-ATP6,16.5150,20.0050,-3.4900,-4.1234,0.6334,0.6446
G4-05,G4,上游,MT-ND1,15.9750,20.0050,-4.0300,-4.2566,0.2266,0.8547
G4-05,G4,上游,HSPA9,22.9900,20.0050,2.9850,2.3616,0.6234,0.6491
G4-05,G4,上游,ITPR1,25.7650,20.0050,5.7600,5.5759,0.1841,0.8802
G4-05,G4,上游,VDAC1,23.5050,20.0050,3.5000,3.2934,0.2066,0.8666
G4-05,G4,上游,TOMM20,21.3150,20.0050,1.3100,0.9684,0.3416,0.7892
G4-05,G4,上游,CANX,21.0400,20.0050,1.0350,0.3672,0.6678,0.6295
G4-05,G4,执行,IL1B,29.1850,20.0050,9.1800,8.0997,1.0803,0.4729
G4-05,G4,执行,NLRP3,26.1800,20.0050,6.1750,6.1459,0.0291,0.9801
G4-05,G4,执行,GSDMD,22.7500,20.0050,2.7450,3.6216,-0.8766,1.8360
G4-05,G4,执行,CASP4,24.4900,20.0050,4.4850,5.0109,-0.5259,1.4399
G4-05,G4,执行,PYCARD,23.1150,20.0050,3.1100,3.5284,-0.4184,1.3365
G4-05,G4,执行,CASP1,23.2100,20.0050,3.2050,2.3759,0.8291,0.5629
G4-05,G4,铁轴,HMOX1,25.0700,20.0050,5.0650,5.2441,-0.1791,1.1321
G4-05,G4,铁轴,FTH1,19.1200,20.0050,-0.8850,-0.9266,0.0416,0.9716
G4-05,G4,铁轴,FTL,18.0650,20.0050,-1.9400,-0.9628,-0.9772,1.9686
G4-05,G4,铁轴,TFRC,23.2900,20.0050,3.2850,3.4478,-0.1628,1.1195
G4-05,G4,铁轴,SLC40A1,26.9700,20.0050,6.9650,5.9184,1.0466,0.4841
G4-05,G4,铁轴,NQO1,22.2450,20.0050,2.2400,2.1772,0.0628,0.9574
G4-06,G4,上游,MT-CO1,15.6250,19.7200,-4.0950,-3.9209,-0.1741,1.1282
G4-06,G4,上游,MT-ATP6,15.5400,19.7200,-4.1800,-4.1234,-0.0566,1.0400
G4-06,G4,上游,MT-ND1,15.4600,19.7200,-4.2600,-4.2566,-0.0034,1.0024
G4-06,G4,上游,HSPA9,22.2050,19.7200,2.4850,2.3616,0.1234,0.9180
G4-06,G4,上游,ITPR1,25.7550,19.7200,6.0350,5.5759,0.4591,0.7275
G4-06,G4,上游,VDAC1,23.5700,19.7200,3.8500,3.2934,0.5566,0.6799
G4-06,G4,上游,TOMM20,21.1200,19.7200,1.4000,0.9684,0.4316,0.7415
G4-06,G4,上游,CANX,20.6200,19.7200,0.9000,0.3672,0.5328,0.6912
G4-06,G4,执行,IL1B,27.1750,19.7200,7.4550,8.0997,-0.6447,1.5634
G4-06,G4,执行,NLRP3,26.5350,19.7200,6.8150,6.1459,0.6691,0.6289
G4-06,G4,执行,GSDMD,23.0500,19.7200,3.3300,3.6216,-0.2916,1.2240
G4-06,G4,执行,CASP4,23.8750,19.7200,4.1550,5.0109,-0.8559,1.8099
G4-06,G4,执行,PYCARD,22.8000,19.7200,3.0800,3.5284,-0.4484,1.3646
G4-06,G4,执行,CASP1,21.8300,19.7200,2.1100,2.3759,-0.2659,1.2024
G4-06,G4,铁轴,HMOX1,24.9000,19.7200,5.1800,5.2441,-0.0641,1.0454
G4-06,G4,铁轴,FTH1,18.9850,19.7200,-0.7350,-0.9266,0.1916,0.8757
G4-06,G4,铁轴,FTL,18.3600,19.7200,-1.3600,-0.9628,-0.3972,1.3169
G4-06,G4,铁轴,TFRC,23.3800,19.7200,3.6600,3.4478,0.2122,0.8632
G4-06,G4,铁轴,SLC40A1,25.4050,19.7200,5.6850,5.9184,-0.2334,1.1756
G4-06,G4,铁轴,NQO1,21.3550,19.7200,1.6350,2.1772,-0.5422,1.4562
G4-07,G4,上游,MT-CO1,16.0550,19.6625,-3.6075,-3.9209,0.3134,0.8047
G4-07,G4,上游,MT-ATP6,15.8500,19.6625,-3.8125,-4.1234,0.3109,0.8061
G4-07,G4,上游,MT-ND1,15.8600,19.6625,-3.8025,-4.2566,0.4541,0.7300
G4-07,G4,上游,HSPA9,21.3850,19.6625,1.7225,2.3616,-0.6391,1.5573
G4-07,G4,上游,ITPR1,25.2350,19.6625,5.5725,5.5759,-0.0034,1.0024
G4-07,G4,上游,VDAC1,22.6950,19.6625,3.0325,3.2934,-0.2609,1.1983
G4-07,G4,上游,TOMM20,20.2700,19.6625,0.6075,0.9684,-0.3609,1.2843
G4-07,G4,上游,CANX,19.9700,19.6625,0.3075,0.3672,-0.0597,1.0422
G4-07,G4,执行,IL1B,27.2400,19.6625,7.5775,8.0997,-0.5222,1.4361
G4-07,G4,执行,NLRP3,26.2400,19.6625,6.5775,6.1459,0.4316,0.7415
G4-07,G4,执行,GSDMD,23.4450,19.6625,3.7825,3.6216,0.1609,0.8944
G4-07,G4,执行,CASP4,24.8550,19.6625,5.1925,5.0109,0.1816,0.8817
G4-07,G4,执行,PYCARD,23.4650,19.6625,3.8025,3.5284,0.2741,0.8270
G4-07,G4,执行,CASP1,21.9950,19.6625,2.3325,2.3759,-0.0434,1.0306
G4-07,G4,铁轴,HMOX1,25.1350,19.6625,5.4725,5.2441,0.2284,0.8536
G4-07,G4,铁轴,FTH1,18.9950,19.6625,-0.6675,-0.9266,0.2591,0.8356
G4-07,G4,铁轴,FTL,18.4600,19.6625,-1.2025,-0.9628,-0.2397,1.1807
G4-07,G4,铁轴,TFRC,24.0450,19.6625,4.3825,3.4478,0.9347,0.5232
G4-07,G4,铁轴,SLC40A1,25.8000,19.6625,6.1375,5.9184,0.2191,0.8591
G4-07,G4,铁轴,NQO1,21.5200,19.6625,1.8575,2.1772,-0.3197,1.2481
G4-08,G4,上游,MT-CO1,15.4400,19.6725,-4.2325,-3.9209,-0.3116,1.2411
G4-08,G4,上游,MT-ATP6,15.5600,19.6725,-4.1125,-4.1234,0.0109,0.9924
G4-08,G4,上游,MT-ND1,15.4350,19.6725,-4.2375,-4.2566,0.0191,0.9869
G4-08,G4,上游,HSPA9,21.7250,19.6725,2.0525,2.3616,-0.3091,1.2389
G4-08,G4,上游,ITPR1,25.3850,19.6725,5.7125,5.5759,0.1366,0.9097
G4-08,G4,上游,VDAC1,22.9700,19.6725,3.2975,3.2934,0.0041,0.9972
G4-08,G4,上游,TOMM20,20.8500,19.6725,1.1775,0.9684,0.2091,0.8651
G4-08,G4,上游,CANX,19.7000,19.6725,0.0275,0.3672,-0.3397,1.2655
G4-08,G4,执行,IL1B,26.7550,19.6725,7.0825,8.0997,-1.0172,2.0240
G4-08,G4,执行,NLRP3,25.4000,19.6725,5.7275,6.1459,-0.4184,1.3365
G4-08,G4,执行,GSDMD,23.4300,19.6725,3.7575,3.6216,0.1359,0.9101
G4-08,G4,执行,CASP4,25.7000,19.6725,6.0275,5.0109,1.0166,0.4943
G4-08,G4,执行,PYCARD,23.0550,19.6725,3.3825,3.5284,-0.1459,1.1064
G4-08,G4,执行,CASP1,20.9350,19.6725,1.2625,2.3759,-1.1134,2.1636
G4-08,G4,铁轴,HMOX1,25.3650,19.6725,5.6925,5.2441,0.4484,0.7328
G4-08,G4,铁轴,FTH1,18.8000,19.6725,-0.8725,-0.9266,0.0541,0.9632
G4-08,G4,铁轴,FTL,18.3050,19.6725,-1.3675,-0.9628,-0.4047,1.3238
G4-08,G4,铁轴,TFRC,23.3400,19.6725,3.6675,3.4478,0.2197,0.8588
G4-08,G4,铁轴,SLC40A1,26.4350,19.6725,6.7625,5.9184,0.8441,0.5571
G4-08,G4,铁轴,NQO1,21.1400,19.6725,1.4675,2.1772,-0.7097,1.6354
