指标,样本,组,OD/读数,浓度/活性,单位,备注
C2_IL1B,C2-A01,S1,0.207,6.5,pg/mL,
C2_IL1B,C2-A02,S1,0.177,5.2,pg/mL,
C2_IL1B,C2-A03,S1,0.198,6.1,pg/mL,
C2_IL1B,C2-A04,S2,0.741,30.0,pg/mL,
C2_IL1B,C2-A05,S2,0.648,25.4,pg/mL,
C2_IL1B,C2-A06,S2,0.687,27.3,pg/mL,
C2_IL1B,C2-A07,S3,2.539,335.5,pg/mL,
C2_IL1B,C2-A08,S3,2.340,238.1,pg/mL,
C2_IL1B,C2-A09,S3,2.556,346.8,pg/mL,
C2_IL1B,C2-A10,S4,2.629,807.4,pg/mL,稀释2×
C2_IL1B,C2-A11,S4,2.626,802.2,pg/mL,稀释2×
C2_IL1B,C2-A12,S4,2.361,491.5,pg/mL,稀释2×
C2_IL1B,C2-A13,S1,0.216,6.8,pg/mL,
C2_IL1B,C2-A14,S1,0.196,6.0,pg/mL,
C2_IL1B,C2-A15,S1,0.241,7.8,pg/mL,
C2_IL1B,C2-A16,S2,0.715,28.7,pg/mL,
C2_IL1B,C2-A17,S2,0.731,29.5,pg/mL,
C2_IL1B,C2-A18,S2,0.712,28.5,pg/mL,
C2_IL1B,C2-A19,S3,2.639,413.1,pg/mL,
C2_IL1B,C2-A20,S3,2.743,535.7,pg/mL,
C2_IL1B,C2-A21,S3,2.327,233.2,pg/mL,
C2_IL1B,C2-A22,S4,2.604,765.4,pg/mL,稀释2×
C2_IL1B,C2-A23,S4,2.726,1023.2,pg/mL,稀释2×
C2_IL1B,C2-A24,S4,2.133,353.6,pg/mL,稀释2×
C2_IL1B,C2-A25,S1,0.215,6.8,pg/mL,
C2_IL1B,C2-A26,S1,0.261,8.6,pg/mL,
C2_IL1B,C2-A27,S1,0.172,5.0,pg/mL,
C2_IL1B,C2-A28,S2,0.729,29.4,pg/mL,
C2_IL1B,C2-A29,S2,0.643,25.2,pg/mL,
C2_IL1B,C2-A30,S2,0.553,21.0,pg/mL,
C2_IL1B,C2-A31,S3,2.219,198.9,pg/mL,
C2_IL1B,C2-A32,S3,2.373,250.7,pg/mL,
C2_IL1B,C2-A33,S3,2.572,357.9,pg/mL,
C2_IL1B,C2-A34,S4,2.880,1718.3,pg/mL,稀释2×
C2_IL1B,C2-A35,S4,2.681,910.8,pg/mL,稀释2×
C2_IL1B,C2-A36,S4,2.394,518.8,pg/mL,稀释2×
C2_LDH,C2-A01,S1,0.185,106.2,倍数,LDH 活性=(A样−A空)/(A标−A空)×450
C2_LDH,C2-A02,S1,0.168,92.7,倍数,LDH 活性=(A样−A空)/(A标−A空)×450
C2_LDH,C2-A03,S1,0.179,101.7,倍数,LDH 活性=(A样−A空)/(A标−A空)×450
C2_LDH,C2-A04,S2,0.213,127.2,倍数,LDH 活性=(A样−A空)/(A标−A空)×450
C2_LDH,C2-A05,S2,0.230,140.2,倍数,LDH 活性=(A样−A空)/(A标−A空)×450
C2_LDH,C2-A06,S2,0.217,129.8,倍数,LDH 活性=(A样−A空)/(A标−A空)×450
C2_LDH,C2-A07,S3,0.355,234.4,倍数,LDH 活性=(A样−A空)/(A标−A空)×450
C2_LDH,C2-A08,S3,0.387,258.6,倍数,LDH 活性=(A样−A空)/(A标−A空)×450
C2_LDH,C2-A09,S3,0.390,260.8,倍数,LDH 活性=(A样−A空)/(A标−A空)×450
C2_LDH,C2-A10,S4,0.846,605.9,倍数,LDH 活性=(A样−A空)/(A标−A空)×450
C2_LDH,C2-A11,S4,0.673,474.9,倍数,LDH 活性=(A样−A空)/(A标−A空)×450
C2_LDH,C2-A12,S4,0.593,414.6,倍数,LDH 活性=(A样−A空)/(A标−A空)×450
C2_LDH,C2-A13,S1,0.190,109.8,倍数,LDH 活性=(A样−A空)/(A标−A空)×450
C2_LDH,C2-A14,S1,0.193,111.9,倍数,LDH 活性=(A样−A空)/(A标−A空)×450
C2_LDH,C2-A15,S1,0.199,116.6,倍数,LDH 活性=(A样−A空)/(A标−A空)×450
C2_LDH,C2-A16,S2,0.234,142.8,倍数,LDH 活性=(A样−A空)/(A标−A空)×450
C2_LDH,C2-A17,S2,0.258,160.7,倍数,LDH 活性=(A样−A空)/(A标−A空)×450
C2_LDH,C2-A18,S2,0.232,141.3,倍数,LDH 活性=(A样−A空)/(A标−A空)×450
C2_LDH,C2-A19,S3,0.486,333.6,倍数,LDH 活性=(A样−A空)/(A标−A空)×450
C2_LDH,C2-A20,S3,0.385,257.0,倍数,LDH 活性=(A样−A空)/(A标−A空)×450
C2_LDH,C2-A21,S3,0.426,287.9,倍数,LDH 活性=(A样−A空)/(A标−A空)×450
C2_LDH,C2-A22,S4,0.659,464.4,倍数,LDH 活性=(A样−A空)/(A标−A空)×450
C2_LDH,C2-A23,S4,0.614,430.3,倍数,LDH 活性=(A样−A空)/(A标−A空)×450
C2_LDH,C2-A24,S4,0.639,449.0,倍数,LDH 活性=(A样−A空)/(A标−A空)×450
C2_LDH,C2-A25,S1,0.167,91.9,倍数,LDH 活性=(A样−A空)/(A标−A空)×450
C2_LDH,C2-A26,S1,0.178,100.4,倍数,LDH 活性=(A样−A空)/(A标−A空)×450
C2_LDH,C2-A27,S1,0.214,127.7,倍数,LDH 活性=(A样−A空)/(A标−A空)×450
C2_LDH,C2-A28,S2,0.244,150.5,倍数,LDH 活性=(A样−A空)/(A标−A空)×450
C2_LDH,C2-A29,S2,0.230,140.2,倍数,LDH 活性=(A样−A空)/(A标−A空)×450
C2_LDH,C2-A30,S2,0.254,158.2,倍数,LDH 活性=(A样−A空)/(A标−A空)×450
C2_LDH,C2-A31,S3,0.336,220.1,倍数,LDH 活性=(A样−A空)/(A标−A空)×450
C2_LDH,C2-A32,S3,0.538,373.0,倍数,LDH 活性=(A样−A空)/(A标−A空)×450
C2_LDH,C2-A33,S3,0.577,402.5,倍数,LDH 活性=(A样−A空)/(A标−A空)×450
C2_LDH,C2-A34,S4,0.667,470.7,倍数,LDH 活性=(A样−A空)/(A标−A空)×450
C2_LDH,C2-A35,S4,0.732,519.3,倍数,LDH 活性=(A样−A空)/(A标−A空)×450
C2_LDH,C2-A36,S4,0.608,425.5,倍数,LDH 活性=(A样−A空)/(A标−A空)×450
C2_CCK8,C2-A01,S1,0.932,92.9,%,活力%=(A样−A空)/(A对照−A空)×100
C2_CCK8,C2-A02,S1,0.965,96.4,%,活力%=(A样−A空)/(A对照−A空)×100
C2_CCK8,C2-A03,S1,0.944,94.1,%,活力%=(A样−A空)/(A对照−A空)×100
C2_CCK8,C2-A04,S2,0.870,86.5,%,活力%=(A样−A空)/(A对照−A空)×100
C2_CCK8,C2-A05,S2,0.881,87.6,%,活力%=(A样−A空)/(A对照−A空)×100
C2_CCK8,C2-A06,S2,0.965,96.3,%,活力%=(A样−A空)/(A对照−A空)×100
C2_CCK8,C2-A07,S3,0.702,68.9,%,活力%=(A样−A空)/(A对照−A空)×100
C2_CCK8,C2-A08,S3,0.758,74.8,%,活力%=(A样−A空)/(A对照−A空)×100
C2_CCK8,C2-A09,S3,0.787,77.9,%,活力%=(A样−A空)/(A对照−A空)×100
C2_CCK8,C2-A10,S4,0.661,64.7,%,活力%=(A样−A空)/(A对照−A空)×100
C2_CCK8,C2-A11,S4,0.694,68.1,%,活力%=(A样−A空)/(A对照−A空)×100
C2_CCK8,C2-A12,S4,0.742,73.1,%,活力%=(A样−A空)/(A对照−A空)×100
C2_CCK8,C2-A13,S1,1.089,109.3,%,活力%=(A样−A空)/(A对照−A空)×100
C2_CCK8,C2-A14,S1,0.969,96.7,%,活力%=(A样−A空)/(A对照−A空)×100
C2_CCK8,C2-A15,S1,1.053,105.5,%,活力%=(A样−A空)/(A对照−A空)×100
C2_CCK8,C2-A16,S2,1.002,100.2,%,活力%=(A样−A空)/(A对照−A空)×100
C2_CCK8,C2-A17,S2,1.021,102.2,%,活力%=(A样−A空)/(A对照−A空)×100
C2_CCK8,C2-A18,S2,1.034,103.6,%,活力%=(A样−A空)/(A对照−A空)×100
C2_CCK8,C2-A19,S3,0.790,78.1,%,活力%=(A样−A空)/(A对照−A空)×100
C2_CCK8,C2-A20,S3,0.850,84.4,%,活力%=(A样−A空)/(A对照−A空)×100
C2_CCK8,C2-A21,S3,0.780,77.1,%,活力%=(A样−A空)/(A对照−A空)×100
C2_CCK8,C2-A22,S4,0.692,67.9,%,活力%=(A样−A空)/(A对照−A空)×100
C2_CCK8,C2-A23,S4,0.661,64.7,%,活力%=(A样−A空)/(A对照−A空)×100
C2_CCK8,C2-A24,S4,0.690,67.7,%,活力%=(A样−A空)/(A对照−A空)×100
C2_CCK8,C2-A25,S1,0.905,90.1,%,活力%=(A样−A空)/(A对照−A空)×100
C2_CCK8,C2-A26,S1,0.963,96.2,%,活力%=(A样−A空)/(A对照−A空)×100
C2_CCK8,C2-A27,S1,0.970,96.9,%,活力%=(A样−A空)/(A对照−A空)×100
C2_CCK8,C2-A28,S2,0.908,90.4,%,活力%=(A样−A空)/(A对照−A空)×100
C2_CCK8,C2-A29,S2,0.949,94.7,%,活力%=(A样−A空)/(A对照−A空)×100
C2_CCK8,C2-A30,S2,0.891,88.6,%,活力%=(A样−A空)/(A对照−A空)×100
C2_CCK8,C2-A31,S3,0.687,67.4,%,活力%=(A样−A空)/(A对照−A空)×100
C2_CCK8,C2-A32,S3,0.749,73.8,%,活力%=(A样−A空)/(A对照−A空)×100
C2_CCK8,C2-A33,S3,0.822,81.4,%,活力%=(A样−A空)/(A对照−A空)×100
C2_CCK8,C2-A34,S4,0.478,45.6,%,活力%=(A样−A空)/(A对照−A空)×100
C2_CCK8,C2-A35,S4,0.474,45.2,%,活力%=(A样−A空)/(A对照−A空)×100
C2_CCK8,C2-A36,S4,0.470,44.8,%,活力%=(A样−A空)/(A对照−A空)×100
