cell_type,contrast,mean_proportion_case,mean_proportion_ref,log2FC,U_stat,PValue,n_case,n_ref,FDR,significant,reliable,gene_set_version,score_version
B_cell,COVID_severe_vs_Healthy,0.208182,0.08641,1.268576,82.0,0.300451,25,5,0.601909,False,True,NA,NA
B_cell,COVID_mild_vs_Healthy,0.12658,0.08641,0.550783,59.0,0.705138,21,5,0.822661,False,True,NA,NA
B_cell,COVID_severe_vs_COVID_mild,0.208182,0.12658,0.717793,325.0,0.171541,25,21,0.240157,False,True,NA,NA
Club,COVID_severe_vs_Healthy,0.007683,0.007809,-0.023319,42.0,0.27516,25,5,0.601909,False,True,NA,NA
Club,COVID_mild_vs_Healthy,0.004189,0.007809,-0.898598,14.0,0.009851,21,5,0.068957,False,True,NA,NA
Club,COVID_severe_vs_COVID_mild,0.007683,0.004189,0.87528,326.0,0.164709,25,21,0.240157,False,True,NA,NA
DC,COVID_severe_vs_Healthy,0.011029,0.010362,0.090064,53.0,0.615699,25,5,0.615699,False,True,NA,NA
DC,COVID_mild_vs_Healthy,0.012554,0.010362,0.276821,59.0,0.705138,21,5,0.822661,False,True,NA,NA
DC,COVID_severe_vs_COVID_mild,0.011029,0.012554,-0.186756,207.0,0.224882,25,21,0.262362,False,True,NA,NA
Epithelial,COVID_severe_vs_Healthy,0.015932,0.006731,1.242967,46.0,0.364309,25,5,0.601909,False,True,NA,NA
Epithelial,COVID_mild_vs_Healthy,0.0055,0.006731,-0.291393,29.0,0.132218,21,5,0.308509,False,True,NA,NA
Epithelial,COVID_severe_vs_COVID_mild,0.015932,0.0055,1.534359,257.0,0.910307,25,21,0.910307,False,True,NA,NA
Mono_c14,COVID_severe_vs_Healthy,0.35475,0.25628,0.469082,75.0,0.515922,25,5,0.601909,False,True,NA,NA
Mono_c14,COVID_mild_vs_Healthy,0.246752,0.25628,-0.054659,49.0,0.850137,21,5,0.850137,False,True,NA,NA
Mono_c14,COVID_severe_vs_COVID_mild,0.35475,0.246752,0.523741,333.0,0.122663,25,21,0.240157,False,True,NA,NA
NK,COVID_severe_vs_Healthy,0.088817,0.103923,-0.226613,48.0,0.435728,25,5,0.601909,False,True,NA,NA
NK,COVID_mild_vs_Healthy,0.150998,0.103923,0.539011,68.0,0.329031,21,5,0.575804,False,True,NA,NA
NK,COVID_severe_vs_COVID_mild,0.088817,0.150998,-0.765624,160.5,0.025149,25,21,0.088022,False,True,NA,NA
T_cell,COVID_severe_vs_Healthy,0.313606,0.528485,-0.752909,14.0,0.004547,25,5,0.031829,True,True,NA,NA
T_cell,COVID_mild_vs_Healthy,0.453427,0.528485,-0.220992,26.0,0.091304,21,5,0.308509,False,True,NA,NA
T_cell,COVID_severe_vs_COVID_mild,0.313606,0.453427,-0.531917,119.0,0.001613,25,21,0.011291,True,True,NA,NA
