cell_type,condition,Scissor_type,n,mean_score,median_score,std_score,gene_set_version,score_version
B_cell,COVID_mild,Scissor+,191,-2.3429556,-2.3747854,0.14417161,Mitoxy-80_v1.0,score_genes_v1
B_cell,COVID_mild,other,2269,-2.9289224,-2.813844,0.19290999,Mitoxy-80_v1.0,score_genes_v1
B_cell,COVID_mild,Scissor-,182,-3.6155612,-3.5762017,0.16507186,Mitoxy-80_v1.0,score_genes_v1
B_cell,COVID_severe,Scissor+,356,-2.344169,-2.397522,0.15582302,Mitoxy-80_v1.0,score_genes_v1
B_cell,COVID_severe,other,5814,-2.8933196,-2.813844,0.16823496,Mitoxy-80_v1.0,score_genes_v1
B_cell,COVID_severe,Scissor-,285,-3.6357915,-3.5565302,0.22463164,Mitoxy-80_v1.0,score_genes_v1
B_cell,Healthy,Scissor+,41,-2.3750165,-2.4122603,0.12060638,Mitoxy-80_v1.0,score_genes_v1
B_cell,Healthy,other,637,-2.9352994,-2.813844,0.19379878,Mitoxy-80_v1.0,score_genes_v1
B_cell,Healthy,Scissor-,65,-3.648297,-3.6015348,0.18023461,Mitoxy-80_v1.0,score_genes_v1
Club,COVID_mild,Scissor+,14,-2.2445426,-2.2552626,0.13496692,Mitoxy-80_v1.0,score_genes_v1
Club,COVID_mild,other,165,-2.8600624,-2.813844,0.12565136,Mitoxy-80_v1.0,score_genes_v1
Club,COVID_mild,Scissor-,10,-3.5973454,-3.5668187,0.15179442,Mitoxy-80_v1.0,score_genes_v1
Club,COVID_severe,Scissor+,27,-2.2271776,-2.1706054,0.17442295,Mitoxy-80_v1.0,score_genes_v1
Club,COVID_severe,other,813,-2.832162,-2.813844,0.08793617,Mitoxy-80_v1.0,score_genes_v1
Club,COVID_severe,Scissor-,25,-3.706624,-3.7213392,0.21616274,Mitoxy-80_v1.0,score_genes_v1
Club,Healthy,Scissor+,3,-2.2088256,-2.2240386,0.12620336,Mitoxy-80_v1.0,score_genes_v1
Club,Healthy,other,95,-2.8461194,-2.813844,0.102643214,Mitoxy-80_v1.0,score_genes_v1
Club,Healthy,Scissor-,2,-3.8458483,-3.8458483,0.48693332,Mitoxy-80_v1.0,score_genes_v1
DC,COVID_mild,Scissor+,31,-2.4443166,-2.4633956,0.06490369,Mitoxy-80_v1.0,score_genes_v1
DC,COVID_mild,other,868,-2.8893943,-2.8415136,0.16496517,Mitoxy-80_v1.0,score_genes_v1
DC,COVID_mild,Scissor-,12,-3.5210066,-3.4959464,0.1203382,Mitoxy-80_v1.0,score_genes_v1
DC,COVID_severe,Scissor+,26,-2.3429582,-2.3615894,0.12978053,Mitoxy-80_v1.0,score_genes_v1
DC,COVID_severe,other,1023,-2.8684866,-2.813844,0.13782696,Mitoxy-80_v1.0,score_genes_v1
DC,COVID_severe,Scissor-,27,-3.6041844,-3.5822413,0.1431996,Mitoxy-80_v1.0,score_genes_v1
DC,Healthy,Scissor+,11,-2.3137782,-2.3606157,0.16126509,Mitoxy-80_v1.0,score_genes_v1
DC,Healthy,other,632,-2.8914082,-2.813844,0.15421511,Mitoxy-80_v1.0,score_genes_v1
DC,Healthy,Scissor-,34,-3.5974767,-3.584207,0.14030446,Mitoxy-80_v1.0,score_genes_v1
Epithelial,COVID_mild,Scissor+,28,-2.376794,-2.4066048,0.11196262,Mitoxy-80_v1.0,score_genes_v1
Epithelial,COVID_mild,other,308,-2.8751328,-2.813844,0.17166053,Mitoxy-80_v1.0,score_genes_v1
Epithelial,COVID_mild,Scissor-,11,-3.552723,-3.532008,0.06975618,Mitoxy-80_v1.0,score_genes_v1
Epithelial,COVID_severe,Scissor+,150,-2.3664663,-2.3998392,0.12355817,Mitoxy-80_v1.0,score_genes_v1
Epithelial,COVID_severe,other,2206,-2.8551667,-2.813844,0.14515963,Mitoxy-80_v1.0,score_genes_v1
Epithelial,COVID_severe,Scissor-,55,-3.5539174,-3.5296504,0.11588429,Mitoxy-80_v1.0,score_genes_v1
Epithelial,Healthy,Scissor+,6,-2.2323785,-2.2086186,0.10280233,Mitoxy-80_v1.0,score_genes_v1
Epithelial,Healthy,other,166,-2.8529177,-2.813844,0.13723578,Mitoxy-80_v1.0,score_genes_v1
Epithelial,Healthy,Scissor-,3,-3.6205883,-3.524265,0.25506717,Mitoxy-80_v1.0,score_genes_v1
Macrophage,COVID_mild,Scissor+,0,,,,Mitoxy-80_v1.0,score_genes_v1
Macrophage,COVID_mild,other,7,-2.8776906,-2.842258,0.09884796,Mitoxy-80_v1.0,score_genes_v1
Macrophage,COVID_mild,Scissor-,0,,,,Mitoxy-80_v1.0,score_genes_v1
Macrophage,COVID_severe,Scissor+,7,-2.4453206,-2.4722447,0.06706329,Mitoxy-80_v1.0,score_genes_v1
Macrophage,COVID_severe,other,346,-2.853677,-2.813844,0.12095938,Mitoxy-80_v1.0,score_genes_v1
Macrophage,COVID_severe,Scissor-,0,,,,Mitoxy-80_v1.0,score_genes_v1
Macrophage,Healthy,Scissor+,0,,,,Mitoxy-80_v1.0,score_genes_v1
Macrophage,Healthy,other,5,-2.8980432,-2.813844,0.13138354,Mitoxy-80_v1.0,score_genes_v1
Macrophage,Healthy,Scissor-,0,,,,Mitoxy-80_v1.0,score_genes_v1
Mono_c14,COVID_mild,Scissor+,113,-2.4163713,-2.4578114,0.113597766,Mitoxy-80_v1.0,score_genes_v1
Mono_c14,COVID_mild,other,9413,-2.83407,-2.813844,0.09567644,Mitoxy-80_v1.0,score_genes_v1
Mono_c14,COVID_mild,Scissor-,20,-3.630361,-3.5756779,0.1852899,Mitoxy-80_v1.0,score_genes_v1
Mono_c14,COVID_severe,Scissor+,999,-2.3434863,-2.3862429,0.14882968,Mitoxy-80_v1.0,score_genes_v1
Mono_c14,COVID_severe,other,44525,-2.8235657,-2.813844,0.068689,Mitoxy-80_v1.0,score_genes_v1
Mono_c14,COVID_severe,Scissor-,212,-3.6263072,-3.5849392,0.17362197,Mitoxy-80_v1.0,score_genes_v1
Mono_c14,Healthy,Scissor+,310,-2.347286,-2.3792381,0.13435242,Mitoxy-80_v1.0,score_genes_v1
Mono_c14,Healthy,other,24269,-2.871813,-2.813844,0.119339146,Mitoxy-80_v1.0,score_genes_v1
Mono_c14,Healthy,Scissor-,102,-3.5580053,-3.5231,0.13817565,Mitoxy-80_v1.0,score_genes_v1
NK,COVID_mild,Scissor+,555,-2.3326666,-2.3908982,0.17336534,Mitoxy-80_v1.0,score_genes_v1
NK,COVID_mild,other,2610,-2.9740767,-2.9426827,0.22254276,Mitoxy-80_v1.0,score_genes_v1
NK,COVID_mild,Scissor-,866,-3.637037,-3.5892992,0.17858061,Mitoxy-80_v1.0,score_genes_v1
NK,COVID_severe,Scissor+,487,-2.2995493,-2.3499415,0.18501605,Mitoxy-80_v1.0,score_genes_v1
NK,COVID_severe,other,2785,-2.9391315,-2.826876,0.20896077,Mitoxy-80_v1.0,score_genes_v1
NK,COVID_severe,Scissor-,702,-3.6707878,-3.6221719,0.19416383,Mitoxy-80_v1.0,score_genes_v1
NK,Healthy,Scissor+,101,-2.272775,-2.31303,0.19931851,Mitoxy-80_v1.0,score_genes_v1
NK,Healthy,other,639,-2.9550252,-2.813844,0.21737468,Mitoxy-80_v1.0,score_genes_v1
NK,Healthy,Scissor-,227,-3.6788516,-3.6504786,0.18801233,Mitoxy-80_v1.0,score_genes_v1
T_cell,COVID_mild,Scissor+,1552,-2.3543375,-2.3955607,0.14779735,Mitoxy-80_v1.0,score_genes_v1
T_cell,COVID_mild,other,9551,-2.9356756,-2.853287,0.20647874,Mitoxy-80_v1.0,score_genes_v1
T_cell,COVID_mild,Scissor-,1795,-3.6503613,-3.6013849,0.1877502,Mitoxy-80_v1.0,score_genes_v1
T_cell,COVID_severe,Scissor+,1483,-2.326271,-2.3680587,0.16467275,Mitoxy-80_v1.0,score_genes_v1
T_cell,COVID_severe,other,10735,-2.906579,-2.813844,0.18795025,Mitoxy-80_v1.0,score_genes_v1
T_cell,COVID_severe,Scissor-,1713,-3.6660662,-3.6280181,0.19177009,Mitoxy-80_v1.0,score_genes_v1
T_cell,Healthy,Scissor+,457,-2.3570757,-2.4042184,0.15427189,Mitoxy-80_v1.0,score_genes_v1
T_cell,Healthy,other,5164,-2.9033692,-2.813844,0.18363224,Mitoxy-80_v1.0,score_genes_v1
T_cell,Healthy,Scissor-,600,-3.6579146,-3.6016016,0.20926349,Mitoxy-80_v1.0,score_genes_v1
