dataset,cell_type,condition,sampleID,n_cells,mean_score,median_score,pct_positive,gene_set_version,score_version
GSE145926,Macrophage,COVID_mild,C141,1,0.4118592395736123,0.4118592395736123,100.0,Mitoxy-80_v1.0,score_genes_v1
GSE145926,Macrophage,COVID_mild,C142,1,0.5816912929191722,0.5816912929191722,100.0,Mitoxy-80_v1.0,score_genes_v1
GSE145926,Macrophage,COVID_mild,C144,5,0.5174452432945212,0.5363181128938159,100.0,Mitoxy-80_v1.0,score_genes_v1
GSE145926,Macrophage,COVID_severe,C143,222,0.5235979857911163,0.5213593843871027,100.0,Mitoxy-80_v1.0,score_genes_v1
GSE145926,Macrophage,COVID_severe,C145,69,0.5191695998367724,0.5179892384513503,100.0,Mitoxy-80_v1.0,score_genes_v1
GSE145926,Macrophage,COVID_severe,C146,1,0.5314751424681208,0.5314751424681208,100.0,Mitoxy-80_v1.0,score_genes_v1
GSE145926,Macrophage,COVID_severe,C148,28,0.48619580368688275,0.4949059654649013,100.0,Mitoxy-80_v1.0,score_genes_v1
GSE145926,Macrophage,COVID_severe,C152,33,0.5417350431284303,0.533790249837794,100.0,Mitoxy-80_v1.0,score_genes_v1
GSE145926,Macrophage,Healthy,C100,1,0.5054907526024879,0.5054907526024879,100.0,Mitoxy-80_v1.0,score_genes_v1
GSE145926,Macrophage,Healthy,C52,4,0.4446608282922917,0.4435141631312799,100.0,Mitoxy-80_v1.0,score_genes_v1
GSE145926,Mono_c14,COVID_mild,C141,1399,0.43775148046543527,0.45395721800813854,100.0,Mitoxy-80_v1.0,score_genes_v1
GSE145926,Mono_c14,COVID_mild,C142,1440,0.40724160188994074,0.4276260697321283,100.0,Mitoxy-80_v1.0,score_genes_v1
GSE145926,Mono_c14,COVID_mild,C144,389,0.3911000091780917,0.40071087499338187,100.0,Mitoxy-80_v1.0,score_genes_v1
GSE145926,Mono_c14,COVID_severe,C143,15713,0.48450064294209955,0.48802965435556084,100.0,Mitoxy-80_v1.0,score_genes_v1
GSE145926,Mono_c14,COVID_severe,C145,14476,0.4167069220251418,0.41996267118081654,100.0,Mitoxy-80_v1.0,score_genes_v1
GSE145926,Mono_c14,COVID_severe,C146,2316,0.48185260155042375,0.48481915159874345,100.0,Mitoxy-80_v1.0,score_genes_v1
GSE145926,Mono_c14,COVID_severe,C148,1304,0.44241633140614134,0.4587851909612356,100.0,Mitoxy-80_v1.0,score_genes_v1
GSE145926,Mono_c14,COVID_severe,C149,1295,0.4553752760646373,0.4664304322452215,99.92277992277992,Mitoxy-80_v1.0,score_genes_v1
GSE145926,Mono_c14,COVID_severe,C152,1864,0.4748745163987106,0.472981578673257,100.0,Mitoxy-80_v1.0,score_genes_v1
GSE145926,Mono_c14,Healthy,C100,3971,0.4541192125019846,0.458067665095374,100.0,Mitoxy-80_v1.0,score_genes_v1
GSE145926,Mono_c14,Healthy,C51,9231,0.4203425961828962,0.4204294970406244,100.0,Mitoxy-80_v1.0,score_genes_v1
GSE145926,Mono_c14,Healthy,C52,9573,0.3927870770792808,0.3915895700694899,100.0,Mitoxy-80_v1.0,score_genes_v1
GSE145926,DC,COVID_mild,C141,333,0.4239665129982374,0.42930434056467454,100.0,Mitoxy-80_v1.0,score_genes_v1
GSE145926,DC,COVID_mild,C142,247,0.41086134892533244,0.4147166320749254,100.0,Mitoxy-80_v1.0,score_genes_v1
GSE145926,DC,COVID_mild,C144,24,0.432361755003751,0.4478840145765859,100.0,Mitoxy-80_v1.0,score_genes_v1
GSE145926,DC,COVID_severe,C143,271,0.4844704804619675,0.49109511480766377,100.0,Mitoxy-80_v1.0,score_genes_v1
GSE145926,DC,COVID_severe,C145,351,0.43426094025973183,0.43600026682913945,100.0,Mitoxy-80_v1.0,score_genes_v1
GSE145926,DC,COVID_severe,C146,18,0.48932976205266626,0.4965031117157417,100.0,Mitoxy-80_v1.0,score_genes_v1
GSE145926,DC,COVID_severe,C148,79,0.46843464969348864,0.47844213363544313,100.0,Mitoxy-80_v1.0,score_genes_v1
GSE145926,DC,COVID_severe,C149,27,0.4591781069525616,0.48173293974969394,100.0,Mitoxy-80_v1.0,score_genes_v1
GSE145926,DC,COVID_severe,C152,33,0.5309438450215268,0.5382942114104775,100.0,Mitoxy-80_v1.0,score_genes_v1
GSE145926,DC,Healthy,C100,234,0.38035664895332083,0.3804944479121909,100.0,Mitoxy-80_v1.0,score_genes_v1
GSE145926,DC,Healthy,C51,304,0.3403825368478646,0.3326526592953022,100.0,Mitoxy-80_v1.0,score_genes_v1
GSE145926,DC,Healthy,C52,62,0.36817121117821844,0.37181911731875966,100.0,Mitoxy-80_v1.0,score_genes_v1
GSE145926,Epithelial,COVID_mild,C141,72,0.32524574706355036,0.33093914673295666,100.0,Mitoxy-80_v1.0,score_genes_v1
GSE145926,Epithelial,COVID_mild,C142,93,0.33381305687976964,0.3293396688283781,100.0,Mitoxy-80_v1.0,score_genes_v1
GSE145926,Epithelial,COVID_mild,C144,45,0.35028145212140405,0.34847574061455877,100.0,Mitoxy-80_v1.0,score_genes_v1
GSE145926,Epithelial,COVID_severe,C143,367,0.4013699115050986,0.4057111918496432,100.0,Mitoxy-80_v1.0,score_genes_v1
GSE145926,Epithelial,COVID_severe,C145,407,0.3885428459229198,0.3874876001091425,100.0,Mitoxy-80_v1.0,score_genes_v1
GSE145926,Epithelial,COVID_severe,C146,412,0.37979042650572553,0.37532037551749486,100.0,Mitoxy-80_v1.0,score_genes_v1
GSE145926,Epithelial,COVID_severe,C148,308,0.3834569137111835,0.3836923326713735,100.0,Mitoxy-80_v1.0,score_genes_v1
GSE145926,Epithelial,COVID_severe,C149,150,0.395617180961495,0.39713202701201045,100.0,Mitoxy-80_v1.0,score_genes_v1
GSE145926,Epithelial,COVID_severe,C152,407,0.402654819570195,0.40462726310087527,100.0,Mitoxy-80_v1.0,score_genes_v1
GSE145926,Epithelial,Healthy,C100,54,0.35458825776638153,0.35421672888238853,100.0,Mitoxy-80_v1.0,score_genes_v1
GSE145926,Epithelial,Healthy,C51,22,0.37168212237359577,0.36189523249009975,100.0,Mitoxy-80_v1.0,score_genes_v1
GSE145926,Epithelial,Healthy,C52,49,0.3395281132936541,0.31689987129339336,100.0,Mitoxy-80_v1.0,score_genes_v1
GSE145926,B_cell,COVID_mild,C141,51,0.2725098362069138,0.271564009759335,100.0,Mitoxy-80_v1.0,score_genes_v1
GSE145926,B_cell,COVID_mild,C142,35,0.29608424849195275,0.31008009382577806,100.0,Mitoxy-80_v1.0,score_genes_v1
GSE145926,B_cell,COVID_mild,C144,22,0.26476505968933284,0.2856964858204467,100.0,Mitoxy-80_v1.0,score_genes_v1
GSE145926,B_cell,COVID_severe,C143,227,0.39290176214230027,0.3925181065017285,100.0,Mitoxy-80_v1.0,score_genes_v1
GSE145926,B_cell,COVID_severe,C145,125,0.3396728947002334,0.33931882203009156,100.0,Mitoxy-80_v1.0,score_genes_v1
GSE145926,B_cell,COVID_severe,C146,42,0.43977602075573674,0.4229289266604278,100.0,Mitoxy-80_v1.0,score_genes_v1
GSE145926,B_cell,COVID_severe,C148,19,0.38072261878678226,0.40850425913374777,100.0,Mitoxy-80_v1.0,score_genes_v1
GSE145926,B_cell,COVID_severe,C149,46,0.3147682538610165,0.33672406514107145,100.0,Mitoxy-80_v1.0,score_genes_v1
GSE145926,B_cell,COVID_severe,C152,2176,0.38629299710370774,0.38330017300700264,100.0,Mitoxy-80_v1.0,score_genes_v1
GSE145926,B_cell,Healthy,C100,48,0.29145765861442796,0.2905249009972973,100.0,Mitoxy-80_v1.0,score_genes_v1
GSE145926,B_cell,Healthy,C51,44,0.2887998872993127,0.2761326413842898,100.0,Mitoxy-80_v1.0,score_genes_v1
GSE145926,B_cell,Healthy,C52,9,0.3440970940822121,0.32394383364892926,100.0,Mitoxy-80_v1.0,score_genes_v1
GSE145926,Club,COVID_mild,C141,26,0.2943940938590525,0.29367792168808304,100.0,Mitoxy-80_v1.0,score_genes_v1
GSE145926,Club,COVID_mild,C142,24,0.35358485621903785,0.37520728280925997,100.0,Mitoxy-80_v1.0,score_genes_v1
GSE145926,Club,COVID_mild,C144,47,0.3025506786129542,0.2965338352987979,100.0,Mitoxy-80_v1.0,score_genes_v1
GSE145926,Club,COVID_severe,C143,83,0.3589673261001648,0.3602346506426042,100.0,Mitoxy-80_v1.0,score_genes_v1
GSE145926,Club,COVID_severe,C145,77,0.34738218547286626,0.34074339544417065,100.0,Mitoxy-80_v1.0,score_genes_v1
GSE145926,Club,COVID_severe,C146,113,0.39512716715829577,0.400068608569819,100.0,Mitoxy-80_v1.0,score_genes_v1
GSE145926,Club,COVID_severe,C148,35,0.3402868320462788,0.3364924079715998,100.0,Mitoxy-80_v1.0,score_genes_v1
GSE145926,Club,COVID_severe,C149,23,0.31829146475166625,0.32296166587301733,100.0,Mitoxy-80_v1.0,score_genes_v1
GSE145926,Club,COVID_severe,C152,420,0.4001502414306069,0.39480625619381526,100.0,Mitoxy-80_v1.0,score_genes_v1
GSE145926,Club,Healthy,C100,24,0.3557340480089792,0.34554122855101155,100.0,Mitoxy-80_v1.0,score_genes_v1
GSE145926,Club,Healthy,C51,11,0.32937147891956864,0.32337706733025035,100.0,Mitoxy-80_v1.0,score_genes_v1
GSE145926,Club,Healthy,C52,7,0.26247883216587725,0.3155572490040285,100.0,Mitoxy-80_v1.0,score_genes_v1
GSE145926,T_cell,COVID_mild,C141,1112,0.2716709484227861,0.27106315347299703,100.0,Mitoxy-80_v1.0,score_genes_v1
GSE145926,T_cell,COVID_mild,C142,1165,0.2822489341585785,0.28107364002388247,99.91416309012877,Mitoxy-80_v1.0,score_genes_v1
GSE145926,T_cell,COVID_mild,C144,238,0.28424539840395774,0.2865398846694708,100.0,Mitoxy-80_v1.0,score_genes_v1
GSE145926,T_cell,COVID_severe,C143,2486,0.3623151006607633,0.36397330754260715,99.9195494770716,Mitoxy-80_v1.0,score_genes_v1
GSE145926,T_cell,COVID_severe,C145,1227,0.29867088912828443,0.29798251093766365,99.83700081499592,Mitoxy-80_v1.0,score_genes_v1
GSE145926,T_cell,COVID_severe,C146,235,0.3752643479632241,0.3705810021792062,100.0,Mitoxy-80_v1.0,score_genes_v1
GSE145926,T_cell,COVID_severe,C148,203,0.31442098676526276,0.3087105452050639,100.0,Mitoxy-80_v1.0,score_genes_v1
GSE145926,T_cell,COVID_severe,C149,715,0.31452299121848537,0.310789692438373,100.0,Mitoxy-80_v1.0,score_genes_v1
GSE145926,T_cell,COVID_severe,C152,1213,0.33414237175274936,0.33286915052402544,100.0,Mitoxy-80_v1.0,score_genes_v1
GSE145926,T_cell,Healthy,C100,663,0.2786570336930634,0.2752584332532809,100.0,Mitoxy-80_v1.0,score_genes_v1
GSE145926,T_cell,Healthy,C51,1220,0.25796758709349915,0.24912273844994948,99.91803278688525,Mitoxy-80_v1.0,score_genes_v1
GSE145926,T_cell,Healthy,C52,412,0.35510267035368637,0.3534792266628639,100.0,Mitoxy-80_v1.0,score_genes_v1
GSE145926,NK,COVID_mild,C141,113,0.28001198960054313,0.2863776511916332,99.11504424778761,Mitoxy-80_v1.0,score_genes_v1
GSE145926,NK,COVID_mild,C142,121,0.28756643619183503,0.281469082064273,100.0,Mitoxy-80_v1.0,score_genes_v1
GSE145926,NK,COVID_mild,C144,47,0.2649167998154534,0.26378449383744335,100.0,Mitoxy-80_v1.0,score_genes_v1
GSE145926,NK,COVID_severe,C143,520,0.3529947304937709,0.3525243739804289,100.0,Mitoxy-80_v1.0,score_genes_v1
GSE145926,NK,COVID_severe,C145,348,0.2793541128176741,0.2651377926886682,100.0,Mitoxy-80_v1.0,score_genes_v1
GSE145926,NK,COVID_severe,C146,12,0.29496536456415184,0.27732053629041065,100.0,Mitoxy-80_v1.0,score_genes_v1
GSE145926,NK,COVID_severe,C148,23,0.3251523928529518,0.3368304264432349,100.0,Mitoxy-80_v1.0,score_genes_v1
GSE145926,NK,COVID_severe,C149,93,0.3036608697927902,0.3015536975903828,100.0,Mitoxy-80_v1.0,score_genes_v1
GSE145926,NK,COVID_severe,C152,152,0.3332351026723653,0.32696544817543527,100.0,Mitoxy-80_v1.0,score_genes_v1
GSE145926,NK,Healthy,C100,125,0.2573457022435187,0.25613105223809507,100.0,Mitoxy-80_v1.0,score_genes_v1
GSE145926,NK,Healthy,C51,63,0.23613452398960488,0.23820184459042415,100.0,Mitoxy-80_v1.0,score_genes_v1
GSE145926,NK,Healthy,C52,7,0.30971539687528665,0.30259856562549536,100.0,Mitoxy-80_v1.0,score_genes_v1
GSE158055,Mono_c14,COVID_mild,S-M041-1,108,0.41661101340663786,0.443021796106572,100.0,Mitoxy-80_v1.0,score_genes_v1
GSE158055,Mono_c14,COVID_mild,S-M041-2,96,0.5056444583943404,0.5188367884828151,100.0,Mitoxy-80_v1.0,score_genes_v1
GSE158055,Mono_c14,COVID_mild,S-M042-1,99,0.4947361481528107,0.5037397220837276,100.0,Mitoxy-80_v1.0,score_genes_v1
GSE158055,Mono_c14,COVID_mild,S-M042-2,161,0.5160738429689096,0.5196376376205013,100.0,Mitoxy-80_v1.0,score_genes_v1
GSE158055,Mono_c14,COVID_mild,S-M043-1,323,0.46390569570326406,0.4637192830701829,100.0,Mitoxy-80_v1.0,score_genes_v1
GSE158055,Mono_c14,COVID_mild,S-M043-2,137,0.44889989275148773,0.44382736156293556,100.0,Mitoxy-80_v1.0,score_genes_v1
GSE158055,Mono_c14,COVID_mild,S-M044-1,148,0.4738738119846861,0.4778935897651537,100.0,Mitoxy-80_v1.0,score_genes_v1
GSE158055,Mono_c14,COVID_mild,S-M044-2,190,0.4591577018358092,0.4738309636972279,100.0,Mitoxy-80_v1.0,score_genes_v1
GSE158055,Mono_c14,COVID_mild,S-M045,450,0.4508784886049133,0.45274838392615335,100.0,Mitoxy-80_v1.0,score_genes_v1
GSE158055,Mono_c14,COVID_mild,S-M046,371,0.4697946787624154,0.4744358921049559,100.0,Mitoxy-80_v1.0,score_genes_v1
GSE158055,Mono_c14,COVID_mild,S-M047,51,0.37171749181860125,0.3697185094106961,100.0,Mitoxy-80_v1.0,score_genes_v1
GSE158055,Mono_c14,COVID_mild,S-M048,398,0.4579792628199375,0.46282516636617277,100.0,Mitoxy-80_v1.0,score_genes_v1
GSE158055,Mono_c14,COVID_mild,S-M049,466,0.47135546734067374,0.47541255601087784,100.0,Mitoxy-80_v1.0,score_genes_v1
GSE158055,Mono_c14,COVID_mild,S-M050,579,0.5384431291286369,0.5431708014958605,100.0,Mitoxy-80_v1.0,score_genes_v1
GSE158055,Mono_c14,COVID_mild,S-M051,598,0.44457949487932974,0.44751135429086,100.0,Mitoxy-80_v1.0,score_genes_v1
GSE158055,Mono_c14,COVID_mild,S-M052,336,0.4858109974281752,0.4890387505817467,100.0,Mitoxy-80_v1.0,score_genes_v1
GSE158055,Mono_c14,COVID_mild,S-M053,784,0.4882391560330175,0.49382846857133755,100.0,Mitoxy-80_v1.0,score_genes_v1
GSE158055,Mono_c14,COVID_mild,S-M054,442,0.4556582435882479,0.4589205113620928,100.0,Mitoxy-80_v1.0,score_genes_v1
GSE158055,Mono_c14,COVID_mild,S-M055,480,0.44958184078966684,0.4552312883434813,99.79166666666667,Mitoxy-80_v1.0,score_genes_v1
GSE158055,Mono_c14,COVID_mild,S-M056,95,0.417134790261841,0.4149128202858967,100.0,Mitoxy-80_v1.0,score_genes_v1
GSE158055,Mono_c14,COVID_mild,S-M057,6,0.27694485114538586,0.2672456882548545,100.0,Mitoxy-80_v1.0,score_genes_v1
GSE158055,Mono_c14,COVID_severe,S-S054,543,0.431788315837909,0.4372484658868706,100.0,Mitoxy-80_v1.0,score_genes_v1
GSE158055,Mono_c14,COVID_severe,S-S055,471,0.44205548661718946,0.45012736329370523,100.0,Mitoxy-80_v1.0,score_genes_v1
GSE158055,Mono_c14,COVID_severe,S-S056,441,0.4107515808423236,0.4230119822662951,100.0,Mitoxy-80_v1.0,score_genes_v1
GSE158055,Mono_c14,COVID_severe,S-S057,479,0.4757489448949083,0.48010234971680715,100.0,Mitoxy-80_v1.0,score_genes_v1
GSE158055,Mono_c14,COVID_severe,S-S058,112,0.4256249179067368,0.42417395608266695,100.0,Mitoxy-80_v1.0,score_genes_v1
GSE158055,Mono_c14,COVID_severe,S-S059,217,0.46604356902805927,0.47286560543420464,100.0,Mitoxy-80_v1.0,score_genes_v1
GSE158055,Mono_c14,COVID_severe,S-S060,585,0.5081505422720146,0.5123582387230081,100.0,Mitoxy-80_v1.0,score_genes_v1
GSE158055,Mono_c14,COVID_severe,S-S061,558,0.519853701659324,0.52928132496191,100.0,Mitoxy-80_v1.0,score_genes_v1
GSE158055,Mono_c14,COVID_severe,S-S062,557,0.4219094502987863,0.4259846172443851,100.0,Mitoxy-80_v1.0,score_genes_v1
GSE158055,Mono_c14,COVID_severe,S-S064,840,0.44395181288761526,0.4446410542460585,100.0,Mitoxy-80_v1.0,score_genes_v1
GSE158055,Mono_c14,COVID_severe,S-S065,772,0.5130975597201132,0.5151159172743094,100.0,Mitoxy-80_v1.0,score_genes_v1
GSE158055,Mono_c14,COVID_severe,S-S066,392,0.4711628603846227,0.4717709320360487,100.0,Mitoxy-80_v1.0,score_genes_v1
GSE158055,Mono_c14,COVID_severe,S-S067,916,0.4737093334924835,0.481145621313355,100.0,Mitoxy-80_v1.0,score_genes_v1
GSE158055,Mono_c14,COVID_severe,S-S068,307,0.4651939852847054,0.4666144586475515,100.0,Mitoxy-80_v1.0,score_genes_v1
GSE158055,Mono_c14,COVID_severe,S-S069-1,4,0.48833298299289585,0.49351190814980134,100.0,Mitoxy-80_v1.0,score_genes_v1
GSE158055,Mono_c14,COVID_severe,S-S069-2,22,0.4259846644346736,0.428869175989991,100.0,Mitoxy-80_v1.0,score_genes_v1
GSE158055,Mono_c14,COVID_severe,S-S069-3,244,0.5115802001987696,0.515474307456113,100.0,Mitoxy-80_v1.0,score_genes_v1
GSE158055,Mono_c14,COVID_severe,S-S070-1,31,0.4529911989518555,0.46087739974861697,100.0,Mitoxy-80_v1.0,score_genes_v1
GSE158055,Mono_c14,COVID_severe,S-S070-2,188,0.4785361923348854,0.4775859641921787,100.0,Mitoxy-80_v1.0,score_genes_v1
GSE158055,Mono_c14,COVID_severe,S-S070-3,121,0.49010812562653433,0.4914890527609282,100.0,Mitoxy-80_v1.0,score_genes_v1
GSE158055,Mono_c14,COVID_severe,S-S071-1,327,0.4004417362697546,0.4015098622562131,100.0,Mitoxy-80_v1.0,score_genes_v1
GSE158055,Mono_c14,COVID_severe,S-S071-2,562,0.475061459027984,0.4752564713324502,100.0,Mitoxy-80_v1.0,score_genes_v1
GSE158055,Mono_c14,COVID_severe,S-S072-2,47,0.46800632926179925,0.4797137710249861,100.0,Mitoxy-80_v1.0,score_genes_v1
GSE158055,Mono_c14,COVID_severe,S-S072-3,32,0.4933591128027422,0.48418529693976364,100.0,Mitoxy-80_v1.0,score_genes_v1
GSE158055,Mono_c14,Healthy,S-HC008,285,0.4716215211753056,0.4723690067757972,100.0,Mitoxy-80_v1.0,score_genes_v1
GSE158055,Mono_c14,Healthy,S-HC009,324,0.4608822967539448,0.46860558744264513,100.0,Mitoxy-80_v1.0,score_genes_v1
GSE158055,Mono_c14,Healthy,S-HC010,607,0.48298094233253447,0.4882138348891959,100.0,Mitoxy-80_v1.0,score_genes_v1
GSE158055,Mono_c14,Healthy,S-HC011,233,0.5091858388375684,0.5179009488071398,100.0,Mitoxy-80_v1.0,score_genes_v1
GSE158055,Mono_c14,Healthy,S-HC012,457,0.5172754583470535,0.5260199874770259,100.0,Mitoxy-80_v1.0,score_genes_v1
GSE158055,DC,COVID_mild,S-M041-1,7,0.42147181448235826,0.4349003548775057,100.0,Mitoxy-80_v1.0,score_genes_v1
GSE158055,DC,COVID_mild,S-M041-2,6,0.37465226352327136,0.396657417548291,100.0,Mitoxy-80_v1.0,score_genes_v1
GSE158055,DC,COVID_mild,S-M042-1,5,0.4202633678200859,0.41720787480206434,100.0,Mitoxy-80_v1.0,score_genes_v1
GSE158055,DC,COVID_mild,S-M042-2,11,0.42447987470792653,0.43100462679742135,100.0,Mitoxy-80_v1.0,score_genes_v1
GSE158055,DC,COVID_mild,S-M043-1,17,0.45211364212595206,0.4524760691351633,100.0,Mitoxy-80_v1.0,score_genes_v1
GSE158055,DC,COVID_mild,S-M043-2,4,0.4185312525364913,0.4291009633460996,100.0,Mitoxy-80_v1.0,score_genes_v1
GSE158055,DC,COVID_mild,S-M044-1,9,0.3896419675502907,0.35614909789430443,100.0,Mitoxy-80_v1.0,score_genes_v1
GSE158055,DC,COVID_mild,S-M044-2,9,0.4388024600803453,0.43660446359536725,100.0,Mitoxy-80_v1.0,score_genes_v1
GSE158055,DC,COVID_mild,S-M045,17,0.4222215193432812,0.46224953317402784,100.0,Mitoxy-80_v1.0,score_genes_v1
GSE158055,DC,COVID_mild,S-M046,3,0.5290717149216807,0.5265052947759916,100.0,Mitoxy-80_v1.0,score_genes_v1
GSE158055,DC,COVID_mild,S-M047,2,0.4251761196025122,0.4251761196025122,100.0,Mitoxy-80_v1.0,score_genes_v1
GSE158055,DC,COVID_mild,S-M048,5,0.4396317630524103,0.44161257221561884,100.0,Mitoxy-80_v1.0,score_genes_v1
GSE158055,DC,COVID_mild,S-M049,5,0.4589998433114203,0.4914338185238515,100.0,Mitoxy-80_v1.0,score_genes_v1
GSE158055,DC,COVID_mild,S-M050,30,0.5146538598382329,0.536488428544356,100.0,Mitoxy-80_v1.0,score_genes_v1
GSE158055,DC,COVID_mild,S-M051,48,0.45437577874007284,0.4588076068270897,100.0,Mitoxy-80_v1.0,score_genes_v1
GSE158055,DC,COVID_mild,S-M052,19,0.48604711032428444,0.49689866479119205,100.0,Mitoxy-80_v1.0,score_genes_v1
GSE158055,DC,COVID_mild,S-M053,24,0.4925911090307804,0.497016712661431,100.0,Mitoxy-80_v1.0,score_genes_v1
GSE158055,DC,COVID_mild,S-M054,38,0.46146490325178674,0.4683532166899535,100.0,Mitoxy-80_v1.0,score_genes_v1
GSE158055,DC,COVID_mild,S-M055,37,0.468918005572365,0.4855145982070167,100.0,Mitoxy-80_v1.0,score_genes_v1
GSE158055,DC,COVID_mild,S-M056,7,0.498313354366449,0.4989066145644857,100.0,Mitoxy-80_v1.0,score_genes_v1
GSE158055,DC,COVID_mild,S-M057,4,0.4250652531666804,0.44299590045177806,100.0,Mitoxy-80_v1.0,score_genes_v1
GSE158055,DC,COVID_severe,S-S054,5,0.3365943685806509,0.3606160673249072,100.0,Mitoxy-80_v1.0,score_genes_v1
GSE158055,DC,COVID_severe,S-S055,2,0.5006447368207474,0.5006447368207474,100.0,Mitoxy-80_v1.0,score_genes_v1
GSE158055,DC,COVID_severe,S-S056,17,0.4483749514576888,0.4318556123088663,100.0,Mitoxy-80_v1.0,score_genes_v1
GSE158055,DC,COVID_severe,S-S057,3,0.4441130395479908,0.4336528928197716,100.0,Mitoxy-80_v1.0,score_genes_v1
GSE158055,DC,COVID_severe,S-S058,1,0.45891481428266023,0.45891481428266023,100.0,Mitoxy-80_v1.0,score_genes_v1
GSE158055,DC,COVID_severe,S-S059,3,0.4949519048254116,0.5093861884581223,100.0,Mitoxy-80_v1.0,score_genes_v1
GSE158055,DC,COVID_severe,S-S060,44,0.5190442944745315,0.5257467327574996,100.0,Mitoxy-80_v1.0,score_genes_v1
GSE158055,DC,COVID_severe,S-S061,19,0.5594279169087558,0.5750153432537138,100.0,Mitoxy-80_v1.0,score_genes_v1
GSE158055,DC,COVID_severe,S-S062,15,0.4706503631095668,0.47982335430088624,100.0,Mitoxy-80_v1.0,score_genes_v1
GSE158055,DC,COVID_severe,S-S064,59,0.46167164666423527,0.45746947477801525,100.0,Mitoxy-80_v1.0,score_genes_v1
GSE158055,DC,COVID_severe,S-S065,21,0.5301723125040391,0.5521137584580946,100.0,Mitoxy-80_v1.0,score_genes_v1
GSE158055,DC,COVID_severe,S-S066,2,0.5209753648794648,0.5209753648794648,100.0,Mitoxy-80_v1.0,score_genes_v1
GSE158055,DC,COVID_severe,S-S067,42,0.48265086852477185,0.4868825686219719,100.0,Mitoxy-80_v1.0,score_genes_v1
GSE158055,DC,COVID_severe,S-S068,43,0.49074352959646145,0.5106517510861772,100.0,Mitoxy-80_v1.0,score_genes_v1
GSE158055,DC,COVID_severe,S-S069-1,3,0.45556883410137566,0.42592667327063627,100.0,Mitoxy-80_v1.0,score_genes_v1
GSE158055,DC,COVID_severe,S-S069-3,3,0.5668707868120134,0.5403196359972933,100.0,Mitoxy-80_v1.0,score_genes_v1
GSE158055,DC,COVID_severe,S-S070-3,1,0.5006915420571498,0.5006915420571498,100.0,Mitoxy-80_v1.0,score_genes_v1
GSE158055,DC,COVID_severe,S-S072-1,1,0.39353799117032656,0.39353799117032656,100.0,Mitoxy-80_v1.0,score_genes_v1
GSE158055,DC,COVID_severe,S-S072-2,10,0.4347768039670036,0.449761649327415,100.0,Mitoxy-80_v1.0,score_genes_v1
GSE158055,DC,COVID_severe,S-S072-3,3,0.5214573699926826,0.45681856233336926,100.0,Mitoxy-80_v1.0,score_genes_v1
GSE158055,DC,Healthy,S-HC008,14,0.46032728624888863,0.47821455686653846,100.0,Mitoxy-80_v1.0,score_genes_v1
GSE158055,DC,Healthy,S-HC009,10,0.4344829425112642,0.46361929000770774,100.0,Mitoxy-80_v1.0,score_genes_v1
GSE158055,DC,Healthy,S-HC010,16,0.47099531370755776,0.5002159174880472,100.0,Mitoxy-80_v1.0,score_genes_v1
GSE158055,DC,Healthy,S-HC011,15,0.48228918677810434,0.4609128294788643,100.0,Mitoxy-80_v1.0,score_genes_v1
GSE158055,DC,Healthy,S-HC012,22,0.5225024968113818,0.5389834255301738,100.0,Mitoxy-80_v1.0,score_genes_v1
GSE158055,Epithelial,COVID_mild,S-M041-1,8,0.4391721390070233,0.468340104035047,100.0,Mitoxy-80_v1.0,score_genes_v1
GSE158055,Epithelial,COVID_mild,S-M041-2,8,0.3753051355815159,0.36991198499113664,100.0,Mitoxy-80_v1.0,score_genes_v1
GSE158055,Epithelial,COVID_mild,S-M042-1,2,0.47398627014216477,0.47398627014216477,100.0,Mitoxy-80_v1.0,score_genes_v1
GSE158055,Epithelial,COVID_mild,S-M042-2,11,0.41326338265630297,0.4167067852413603,100.0,Mitoxy-80_v1.0,score_genes_v1
GSE158055,Epithelial,COVID_mild,S-M043-1,2,0.33165569757861313,0.33165569757861313,100.0,Mitoxy-80_v1.0,score_genes_v1
GSE158055,Epithelial,COVID_mild,S-M043-2,1,0.4072030208936074,0.4072030208936074,100.0,Mitoxy-80_v1.0,score_genes_v1
GSE158055,Epithelial,COVID_mild,S-M044-1,2,0.49460696854764125,0.49460696854764125,100.0,Mitoxy-80_v1.0,score_genes_v1
GSE158055,Epithelial,COVID_mild,S-M045,5,0.3854085746836871,0.3674047729907601,100.0,Mitoxy-80_v1.0,score_genes_v1
GSE158055,Epithelial,COVID_mild,S-M046,43,0.3703251135118695,0.35555412827433763,100.0,Mitoxy-80_v1.0,score_genes_v1
GSE158055,Epithelial,COVID_mild,S-M047,3,0.38716246026663786,0.4012171493884817,100.0,Mitoxy-80_v1.0,score_genes_v1
GSE158055,Epithelial,COVID_mild,S-M048,7,0.39486375662942547,0.40498842248828487,100.0,Mitoxy-80_v1.0,score_genes_v1
GSE158055,Epithelial,COVID_mild,S-M049,26,0.439121002075003,0.43522684876263296,100.0,Mitoxy-80_v1.0,score_genes_v1
GSE158055,Epithelial,COVID_mild,S-M050,11,0.41244482980565284,0.4166725628759976,100.0,Mitoxy-80_v1.0,score_genes_v1
GSE158055,Epithelial,COVID_mild,S-M052,3,0.40762454712760743,0.39323868579760224,100.0,Mitoxy-80_v1.0,score_genes_v1
GSE158055,Epithelial,COVID_mild,S-M053,5,0.4694027596026715,0.5049356742474738,100.0,Mitoxy-80_v1.0,score_genes_v1
GSE158055,Epithelial,COVID_severe,S-S054,10,0.4057522391053004,0.39666831750200904,100.0,Mitoxy-80_v1.0,score_genes_v1
GSE158055,Epithelial,COVID_severe,S-S055,51,0.39332821130664836,0.3928005551008515,100.0,Mitoxy-80_v1.0,score_genes_v1
GSE158055,Epithelial,COVID_severe,S-S056,4,0.45233206033630663,0.43809681441459125,100.0,Mitoxy-80_v1.0,score_genes_v1
GSE158055,Epithelial,COVID_severe,S-S057,48,0.4115916772160963,0.396367273641265,100.0,Mitoxy-80_v1.0,score_genes_v1
GSE158055,Epithelial,COVID_severe,S-S058,72,0.3738452585209404,0.3763905155890186,100.0,Mitoxy-80_v1.0,score_genes_v1
GSE158055,Epithelial,COVID_severe,S-S059,129,0.45699877096106983,0.45705302003611514,100.0,Mitoxy-80_v1.0,score_genes_v1
GSE158055,Epithelial,COVID_severe,S-S060,16,0.4388570387244315,0.44330919739984975,100.0,Mitoxy-80_v1.0,score_genes_v1
GSE158055,Epithelial,COVID_severe,S-S061,21,0.43237869755811564,0.43047319436251597,100.0,Mitoxy-80_v1.0,score_genes_v1
GSE158055,Epithelial,COVID_severe,S-S062,2,0.355236427531321,0.355236427531321,100.0,Mitoxy-80_v1.0,score_genes_v1
GSE158055,Epithelial,COVID_severe,S-S065,1,0.40191502515648475,0.40191502515648475,100.0,Mitoxy-80_v1.0,score_genes_v1
GSE158055,Epithelial,COVID_severe,S-S067,2,0.5035642621734088,0.5035642621734088,100.0,Mitoxy-80_v1.0,score_genes_v1
GSE158055,Epithelial,COVID_severe,S-S069-1,1,0.4085804307273033,0.4085804307273033,100.0,Mitoxy-80_v1.0,score_genes_v1
GSE158055,Epithelial,COVID_severe,S-S069-2,1,0.42078129555537414,0.42078129555537414,100.0,Mitoxy-80_v1.0,score_genes_v1
GSE158055,Epithelial,COVID_severe,S-S070-3,1,0.5080627882107623,0.5080627882107623,100.0,Mitoxy-80_v1.0,score_genes_v1
GSE158055,Epithelial,COVID_severe,S-S072-1,1,0.49520222843525535,0.49520222843525535,100.0,Mitoxy-80_v1.0,score_genes_v1
GSE158055,Epithelial,Healthy,S-HC008,10,0.4279599911456101,0.43114109691121705,100.0,Mitoxy-80_v1.0,score_genes_v1
GSE158055,Epithelial,Healthy,S-HC009,8,0.4240735051371729,0.4455196163806015,100.0,Mitoxy-80_v1.0,score_genes_v1
GSE158055,Epithelial,Healthy,S-HC010,10,0.43601020788553163,0.43654666638898787,100.0,Mitoxy-80_v1.0,score_genes_v1
GSE158055,Epithelial,Healthy,S-HC011,13,0.40906025181257105,0.4186213725660331,100.0,Mitoxy-80_v1.0,score_genes_v1
GSE158055,Epithelial,Healthy,S-HC012,9,0.4143853367507547,0.4389972910158981,100.0,Mitoxy-80_v1.0,score_genes_v1
GSE158055,B_cell,COVID_mild,S-M041-1,60,0.3191245007174956,0.3249045247982748,100.0,Mitoxy-80_v1.0,score_genes_v1
GSE158055,B_cell,COVID_mild,S-M041-2,77,0.2929311980633862,0.2897609207831751,100.0,Mitoxy-80_v1.0,score_genes_v1
GSE158055,B_cell,COVID_mild,S-M042-1,53,0.3435490776147034,0.34629846003039877,100.0,Mitoxy-80_v1.0,score_genes_v1
GSE158055,B_cell,COVID_mild,S-M042-2,88,0.3326182338003283,0.335289490633976,100.0,Mitoxy-80_v1.0,score_genes_v1
GSE158055,B_cell,COVID_mild,S-M043-1,36,0.3356182554240403,0.3281876857640831,100.0,Mitoxy-80_v1.0,score_genes_v1
GSE158055,B_cell,COVID_mild,S-M043-2,80,0.32706305603065045,0.338807424080909,100.0,Mitoxy-80_v1.0,score_genes_v1
GSE158055,B_cell,COVID_mild,S-M044-1,110,0.31004518998036634,0.30380862581841733,100.0,Mitoxy-80_v1.0,score_genes_v1
GSE158055,B_cell,COVID_mild,S-M044-2,62,0.3129005535502307,0.3072459423808591,100.0,Mitoxy-80_v1.0,score_genes_v1
GSE158055,B_cell,COVID_mild,S-M045,141,0.30996343845854946,0.3096570408432677,100.0,Mitoxy-80_v1.0,score_genes_v1
GSE158055,B_cell,COVID_mild,S-M046,96,0.30627022840008405,0.3020988989212419,100.0,Mitoxy-80_v1.0,score_genes_v1
GSE158055,B_cell,COVID_mild,S-M047,66,0.30693587188300187,0.3185571055012668,100.0,Mitoxy-80_v1.0,score_genes_v1
GSE158055,B_cell,COVID_mild,S-M048,122,0.3341584697390542,0.3207638089026574,100.0,Mitoxy-80_v1.0,score_genes_v1
GSE158055,B_cell,COVID_mild,S-M049,113,0.32962290158733965,0.3300331045377113,100.0,Mitoxy-80_v1.0,score_genes_v1
GSE158055,B_cell,COVID_mild,S-M050,186,0.3765926618186755,0.3787019189080591,100.0,Mitoxy-80_v1.0,score_genes_v1
GSE158055,B_cell,COVID_mild,S-M051,141,0.3020177648104389,0.2982576088128447,100.0,Mitoxy-80_v1.0,score_genes_v1
GSE158055,B_cell,COVID_mild,S-M052,159,0.3394514870696107,0.3383934169627387,100.0,Mitoxy-80_v1.0,score_genes_v1
GSE158055,B_cell,COVID_mild,S-M053,112,0.31413598122274256,0.306979237510839,100.0,Mitoxy-80_v1.0,score_genes_v1
GSE158055,B_cell,COVID_mild,S-M054,97,0.3226000209298775,0.331428517944214,100.0,Mitoxy-80_v1.0,score_genes_v1
GSE158055,B_cell,COVID_mild,S-M055,130,0.30252401668263457,0.29539358494115203,100.0,Mitoxy-80_v1.0,score_genes_v1
GSE158055,B_cell,COVID_mild,S-M056,395,0.3207668750364513,0.320660490951888,100.0,Mitoxy-80_v1.0,score_genes_v1
GSE158055,B_cell,COVID_mild,S-M057,210,0.2949110712751557,0.29649310728848965,100.0,Mitoxy-80_v1.0,score_genes_v1
GSE158055,B_cell,COVID_severe,S-S054,133,0.28954979597286246,0.2991955952100658,100.0,Mitoxy-80_v1.0,score_genes_v1
GSE158055,B_cell,COVID_severe,S-S055,250,0.3269077676703272,0.3216222567915521,100.0,Mitoxy-80_v1.0,score_genes_v1
GSE158055,B_cell,COVID_severe,S-S056,217,0.31219699815078206,0.3109491077463806,100.0,Mitoxy-80_v1.0,score_genes_v1
GSE158055,B_cell,COVID_severe,S-S057,123,0.32475511296309295,0.33029720358805115,100.0,Mitoxy-80_v1.0,score_genes_v1
GSE158055,B_cell,COVID_severe,S-S058,28,0.3351294430541928,0.33286983041841933,100.0,Mitoxy-80_v1.0,score_genes_v1
GSE158055,B_cell,COVID_severe,S-S059,97,0.39324010154196865,0.3844361042958586,100.0,Mitoxy-80_v1.0,score_genes_v1
GSE158055,B_cell,COVID_severe,S-S060,39,0.3769024342457834,0.3797608375716709,100.0,Mitoxy-80_v1.0,score_genes_v1
GSE158055,B_cell,COVID_severe,S-S061,282,0.34272544005879657,0.3398202240204325,100.0,Mitoxy-80_v1.0,score_genes_v1
GSE158055,B_cell,COVID_severe,S-S062,65,0.3217399927707148,0.31759615543813424,100.0,Mitoxy-80_v1.0,score_genes_v1
GSE158055,B_cell,COVID_severe,S-S064,96,0.30590655892957325,0.29826798301478064,100.0,Mitoxy-80_v1.0,score_genes_v1
GSE158055,B_cell,COVID_severe,S-S065,70,0.3608979766526202,0.37063733013868094,100.0,Mitoxy-80_v1.0,score_genes_v1
GSE158055,B_cell,COVID_severe,S-S066,287,0.32060665115284925,0.3150064043191195,100.0,Mitoxy-80_v1.0,score_genes_v1
GSE158055,B_cell,COVID_severe,S-S067,57,0.34181733489437255,0.3518017710448623,100.0,Mitoxy-80_v1.0,score_genes_v1
GSE158055,B_cell,COVID_severe,S-S068,260,0.3310554803889882,0.3255062866336558,100.0,Mitoxy-80_v1.0,score_genes_v1
GSE158055,B_cell,COVID_severe,S-S069-1,72,0.3245569810946832,0.3170530094556193,100.0,Mitoxy-80_v1.0,score_genes_v1
GSE158055,B_cell,COVID_severe,S-S069-2,7,0.28192940824609086,0.2719988595012324,100.0,Mitoxy-80_v1.0,score_genes_v1
GSE158055,B_cell,COVID_severe,S-S069-3,802,0.32677084589918276,0.3265610697841923,100.0,Mitoxy-80_v1.0,score_genes_v1
GSE158055,B_cell,COVID_severe,S-S070-1,19,0.31488262941148126,0.3158275762971344,100.0,Mitoxy-80_v1.0,score_genes_v1
GSE158055,B_cell,COVID_severe,S-S070-2,247,0.32598141502375544,0.3295987210483632,100.0,Mitoxy-80_v1.0,score_genes_v1
GSE158055,B_cell,COVID_severe,S-S070-3,252,0.33763905555486984,0.3350540432990834,100.0,Mitoxy-80_v1.0,score_genes_v1
GSE158055,B_cell,COVID_severe,S-S071-1,20,0.32956600635490363,0.31705319980353563,100.0,Mitoxy-80_v1.0,score_genes_v1
GSE158055,B_cell,COVID_severe,S-S071-2,159,0.3155693415354525,0.3158804192956267,100.0,Mitoxy-80_v1.0,score_genes_v1
GSE158055,B_cell,COVID_severe,S-S072-1,19,0.2845521893169282,0.2814615127980182,100.0,Mitoxy-80_v1.0,score_genes_v1
GSE158055,B_cell,COVID_severe,S-S072-2,121,0.3223743036168218,0.3123172494433673,100.0,Mitoxy-80_v1.0,score_genes_v1
GSE158055,B_cell,COVID_severe,S-S072-3,98,0.3520732939897789,0.34916122356461954,100.0,Mitoxy-80_v1.0,score_genes_v1
GSE158055,B_cell,Healthy,S-HC008,129,0.3430544408477937,0.3461096634539661,100.0,Mitoxy-80_v1.0,score_genes_v1
GSE158055,B_cell,Healthy,S-HC009,103,0.32863800073603816,0.31506145633276705,100.0,Mitoxy-80_v1.0,score_genes_v1
GSE158055,B_cell,Healthy,S-HC010,117,0.32347436490123666,0.32106065311398185,100.0,Mitoxy-80_v1.0,score_genes_v1
GSE158055,B_cell,Healthy,S-HC011,136,0.35430033368520714,0.35702493231398486,100.0,Mitoxy-80_v1.0,score_genes_v1
GSE158055,B_cell,Healthy,S-HC012,157,0.37219118713097404,0.3658294797814291,100.0,Mitoxy-80_v1.0,score_genes_v1
GSE158055,Club,COVID_mild,S-M041-1,2,0.3986925659866827,0.3986925659866827,100.0,Mitoxy-80_v1.0,score_genes_v1
GSE158055,Club,COVID_mild,S-M041-2,2,0.31860320279680043,0.31860320279680043,100.0,Mitoxy-80_v1.0,score_genes_v1
GSE158055,Club,COVID_mild,S-M042-1,3,0.26748663720788424,0.26851383293329134,100.0,Mitoxy-80_v1.0,score_genes_v1
GSE158055,Club,COVID_mild,S-M042-2,4,0.22406825729036928,0.2279390130257384,100.0,Mitoxy-80_v1.0,score_genes_v1
GSE158055,Club,COVID_mild,S-M043-2,3,0.29352655703586633,0.296091483161344,100.0,Mitoxy-80_v1.0,score_genes_v1
GSE158055,Club,COVID_mild,S-M044-1,5,0.27658126936255806,0.2418575904123934,100.0,Mitoxy-80_v1.0,score_genes_v1
GSE158055,Club,COVID_mild,S-M044-2,3,0.26646104881013644,0.24554219282655124,100.0,Mitoxy-80_v1.0,score_genes_v1
GSE158055,Club,COVID_mild,S-M045,3,0.2704586783483409,0.298678879742875,100.0,Mitoxy-80_v1.0,score_genes_v1
GSE158055,Club,COVID_mild,S-M046,3,0.28287531604411975,0.27560130092460233,100.0,Mitoxy-80_v1.0,score_genes_v1
GSE158055,Club,COVID_mild,S-M047,2,0.10678977044089885,0.10678977044089885,100.0,Mitoxy-80_v1.0,score_genes_v1
GSE158055,Club,COVID_mild,S-M048,8,0.30171667203724184,0.3337742235862004,100.0,Mitoxy-80_v1.0,score_genes_v1
GSE158055,Club,COVID_mild,S-M049,4,0.285954485356403,0.2747383632862785,100.0,Mitoxy-80_v1.0,score_genes_v1
GSE158055,Club,COVID_mild,S-M050,5,0.36264606688828127,0.30645286070881506,100.0,Mitoxy-80_v1.0,score_genes_v1
GSE158055,Club,COVID_mild,S-M051,5,0.31825456901031873,0.34252604542706044,100.0,Mitoxy-80_v1.0,score_genes_v1
GSE158055,Club,COVID_mild,S-M052,7,0.24390147573905852,0.2603240766261722,100.0,Mitoxy-80_v1.0,score_genes_v1
GSE158055,Club,COVID_mild,S-M053,12,0.27054255806169386,0.2789042184651245,100.0,Mitoxy-80_v1.0,score_genes_v1
GSE158055,Club,COVID_mild,S-M054,6,0.28985489862899233,0.29676823975749733,100.0,Mitoxy-80_v1.0,score_genes_v1
GSE158055,Club,COVID_mild,S-M055,3,0.25483759311153487,0.24782226275274655,100.0,Mitoxy-80_v1.0,score_genes_v1
GSE158055,Club,COVID_mild,S-M056,8,0.32225957235025127,0.3017757202322642,100.0,Mitoxy-80_v1.0,score_genes_v1
GSE158055,Club,COVID_mild,S-M057,4,0.2600321315585209,0.2690577979240085,100.0,Mitoxy-80_v1.0,score_genes_v1
GSE158055,Club,COVID_severe,S-S054,10,0.2892325069155813,0.3037780959339117,100.0,Mitoxy-80_v1.0,score_genes_v1
GSE158055,Club,COVID_severe,S-S055,4,0.29188989530841325,0.29552338234141995,100.0,Mitoxy-80_v1.0,score_genes_v1
GSE158055,Club,COVID_severe,S-S056,10,0.2789225198794112,0.26256559715443933,100.0,Mitoxy-80_v1.0,score_genes_v1
GSE158055,Club,COVID_severe,S-S057,4,0.30790510247738767,0.3141697945575612,100.0,Mitoxy-80_v1.0,score_genes_v1
GSE158055,Club,COVID_severe,S-S058,6,0.3831136663093157,0.3995066030202836,100.0,Mitoxy-80_v1.0,score_genes_v1
GSE158055,Club,COVID_severe,S-S059,5,0.3908766485040108,0.3853874195439949,100.0,Mitoxy-80_v1.0,score_genes_v1
GSE158055,Club,COVID_severe,S-S060,3,0.20208783950569073,0.18401300855792574,100.0,Mitoxy-80_v1.0,score_genes_v1
GSE158055,Club,COVID_severe,S-S061,5,0.3173367672640983,0.33031898761718137,100.0,Mitoxy-80_v1.0,score_genes_v1
GSE158055,Club,COVID_severe,S-S062,1,0.18448950275595297,0.18448950275595297,100.0,Mitoxy-80_v1.0,score_genes_v1
GSE158055,Club,COVID_severe,S-S064,4,0.2935076791144942,0.26117823607528073,100.0,Mitoxy-80_v1.0,score_genes_v1
GSE158055,Club,COVID_severe,S-S065,7,0.31967894833032,0.29597664885064506,100.0,Mitoxy-80_v1.0,score_genes_v1
GSE158055,Club,COVID_severe,S-S066,12,0.3119966829535012,0.33777144262984404,100.0,Mitoxy-80_v1.0,score_genes_v1
GSE158055,Club,COVID_severe,S-S067,5,0.3653870507657963,0.31344220221109315,100.0,Mitoxy-80_v1.0,score_genes_v1
GSE158055,Club,COVID_severe,S-S068,7,0.27736700540968434,0.27574855917973884,100.0,Mitoxy-80_v1.0,score_genes_v1
GSE158055,Club,COVID_severe,S-S069-1,1,0.46754934700341744,0.46754934700341744,100.0,Mitoxy-80_v1.0,score_genes_v1
GSE158055,Club,COVID_severe,S-S069-3,3,0.41026861295287054,0.40336327406440875,100.0,Mitoxy-80_v1.0,score_genes_v1
GSE158055,Club,COVID_severe,S-S070-1,2,0.2719545899634662,0.2719545899634662,100.0,Mitoxy-80_v1.0,score_genes_v1
GSE158055,Club,COVID_severe,S-S070-2,8,0.28616360353640274,0.28521830056861197,100.0,Mitoxy-80_v1.0,score_genes_v1
GSE158055,Club,COVID_severe,S-S070-3,5,0.2610869912059145,0.23162057883486387,100.0,Mitoxy-80_v1.0,score_genes_v1
GSE158055,Club,COVID_severe,S-S071-1,3,0.3166075026294822,0.3062084473432099,100.0,Mitoxy-80_v1.0,score_genes_v1
GSE158055,Club,COVID_severe,S-S071-2,1,0.1919431736681202,0.1919431736681202,100.0,Mitoxy-80_v1.0,score_genes_v1
GSE158055,Club,COVID_severe,S-S072-1,2,0.2814745925128639,0.2814745925128639,100.0,Mitoxy-80_v1.0,score_genes_v1
GSE158055,Club,COVID_severe,S-S072-2,3,0.4329874505716469,0.43375190854476064,100.0,Mitoxy-80_v1.0,score_genes_v1
GSE158055,Club,COVID_severe,S-S072-3,3,0.34720728502796333,0.3456340826743932,100.0,Mitoxy-80_v1.0,score_genes_v1
GSE158055,Club,Healthy,S-HC008,13,0.2757610129768397,0.280269179117266,100.0,Mitoxy-80_v1.0,score_genes_v1
GSE158055,Club,Healthy,S-HC009,11,0.29435320653219993,0.3091711143929047,100.0,Mitoxy-80_v1.0,score_genes_v1
GSE158055,Club,Healthy,S-HC010,6,0.29783206430556786,0.2994589626929727,100.0,Mitoxy-80_v1.0,score_genes_v1
GSE158055,Club,Healthy,S-HC011,13,0.34440210562556384,0.3260996092837272,100.0,Mitoxy-80_v1.0,score_genes_v1
GSE158055,Club,Healthy,S-HC012,15,0.2969571267756287,0.31462701016610695,100.0,Mitoxy-80_v1.0,score_genes_v1
GSE158055,T_cell,COVID_mild,S-M041-1,368,0.30694157558905405,0.30549687558008465,100.0,Mitoxy-80_v1.0,score_genes_v1
GSE158055,T_cell,COVID_mild,S-M041-2,375,0.3173803806713118,0.31952560867010327,100.0,Mitoxy-80_v1.0,score_genes_v1
GSE158055,T_cell,COVID_mild,S-M042-1,356,0.3178894933910229,0.32062305304072214,100.0,Mitoxy-80_v1.0,score_genes_v1
GSE158055,T_cell,COVID_mild,S-M042-2,484,0.32712190910685507,0.3223173801279934,100.0,Mitoxy-80_v1.0,score_genes_v1
GSE158055,T_cell,COVID_mild,S-M043-1,214,0.3347085469894057,0.33785343300034043,100.0,Mitoxy-80_v1.0,score_genes_v1
GSE158055,T_cell,COVID_mild,S-M043-2,451,0.3260580831405655,0.32329865618676856,100.0,Mitoxy-80_v1.0,score_genes_v1
GSE158055,T_cell,COVID_mild,S-M044-1,403,0.31851818575813723,0.3192918370690659,100.0,Mitoxy-80_v1.0,score_genes_v1
GSE158055,T_cell,COVID_mild,S-M044-2,413,0.3220772421020689,0.32201620653436414,100.0,Mitoxy-80_v1.0,score_genes_v1
GSE158055,T_cell,COVID_mild,S-M045,699,0.33711662291865435,0.33822791285043197,100.0,Mitoxy-80_v1.0,score_genes_v1
GSE158055,T_cell,COVID_mild,S-M046,734,0.3188313025851415,0.3217251082474281,100.0,Mitoxy-80_v1.0,score_genes_v1
GSE158055,T_cell,COVID_mild,S-M047,604,0.2869066101645167,0.2871679531741895,100.0,Mitoxy-80_v1.0,score_genes_v1
GSE158055,T_cell,COVID_mild,S-M048,694,0.3279170083526312,0.3311630363776976,100.0,Mitoxy-80_v1.0,score_genes_v1
GSE158055,T_cell,COVID_mild,S-M049,643,0.335481104548656,0.338924773598156,100.0,Mitoxy-80_v1.0,score_genes_v1
GSE158055,T_cell,COVID_mild,S-M050,413,0.3493396778494493,0.34470485816446844,100.0,Mitoxy-80_v1.0,score_genes_v1
GSE158055,T_cell,COVID_mild,S-M051,361,0.30880976629112405,0.31053302823928985,100.0,Mitoxy-80_v1.0,score_genes_v1
GSE158055,T_cell,COVID_mild,S-M052,796,0.33518377064713933,0.3371341870001067,100.0,Mitoxy-80_v1.0,score_genes_v1
GSE158055,T_cell,COVID_mild,S-M053,437,0.322678414965142,0.3238333823946439,100.0,Mitoxy-80_v1.0,score_genes_v1
GSE158055,T_cell,COVID_mild,S-M054,761,0.3126993272292386,0.31321120332515534,100.0,Mitoxy-80_v1.0,score_genes_v1
GSE158055,T_cell,COVID_mild,S-M055,549,0.30086652108616396,0.2990428593342476,100.0,Mitoxy-80_v1.0,score_genes_v1
GSE158055,T_cell,COVID_mild,S-M056,496,0.33791003415852616,0.33513255443227946,100.0,Mitoxy-80_v1.0,score_genes_v1
GSE158055,T_cell,COVID_mild,S-M057,132,0.30963239310728485,0.30686620288068,100.0,Mitoxy-80_v1.0,score_genes_v1
GSE158055,T_cell,COVID_severe,S-S054,424,0.3129654768883797,0.32062845931293205,100.0,Mitoxy-80_v1.0,score_genes_v1
GSE158055,T_cell,COVID_severe,S-S055,431,0.33041965664868395,0.3293636833783663,100.0,Mitoxy-80_v1.0,score_genes_v1
GSE158055,T_cell,COVID_severe,S-S056,540,0.33260554184712093,0.3327888629462571,100.0,Mitoxy-80_v1.0,score_genes_v1
GSE158055,T_cell,COVID_severe,S-S057,436,0.33956464742839054,0.3393780903082436,100.0,Mitoxy-80_v1.0,score_genes_v1
GSE158055,T_cell,COVID_severe,S-S058,216,0.3214845358737147,0.31724579199193015,100.0,Mitoxy-80_v1.0,score_genes_v1
GSE158055,T_cell,COVID_severe,S-S059,740,0.38220547682630596,0.38264198921835324,100.0,Mitoxy-80_v1.0,score_genes_v1
GSE158055,T_cell,COVID_severe,S-S060,543,0.35607452946711093,0.35756999592169747,100.0,Mitoxy-80_v1.0,score_genes_v1
GSE158055,T_cell,COVID_severe,S-S061,498,0.3445981892136745,0.3377692553229911,100.0,Mitoxy-80_v1.0,score_genes_v1
GSE158055,T_cell,COVID_severe,S-S062,412,0.3358607745976433,0.33866400145351017,100.0,Mitoxy-80_v1.0,score_genes_v1
GSE158055,T_cell,COVID_severe,S-S064,384,0.29453833891339526,0.28712843473617033,100.0,Mitoxy-80_v1.0,score_genes_v1
GSE158055,T_cell,COVID_severe,S-S065,511,0.3536943588637339,0.35282013612384494,100.0,Mitoxy-80_v1.0,score_genes_v1
GSE158055,T_cell,COVID_severe,S-S066,757,0.33407199803549037,0.3342283379875587,100.0,Mitoxy-80_v1.0,score_genes_v1
GSE158055,T_cell,COVID_severe,S-S067,299,0.3500504315379328,0.35452388030433013,100.0,Mitoxy-80_v1.0,score_genes_v1
GSE158055,T_cell,COVID_severe,S-S068,523,0.33291625505826883,0.3283781774540201,100.0,Mitoxy-80_v1.0,score_genes_v1
GSE158055,T_cell,COVID_severe,S-S069-1,62,0.2960077501849283,0.2893646819314799,100.0,Mitoxy-80_v1.0,score_genes_v1
GSE158055,T_cell,COVID_severe,S-S069-2,1,0.2362869462530316,0.2362869462530316,100.0,Mitoxy-80_v1.0,score_genes_v1
GSE158055,T_cell,COVID_severe,S-S069-3,247,0.33006835688261754,0.3311928821376818,100.0,Mitoxy-80_v1.0,score_genes_v1
GSE158055,T_cell,COVID_severe,S-S070-1,6,0.31902866346527564,0.32887811002842987,100.0,Mitoxy-80_v1.0,score_genes_v1
GSE158055,T_cell,COVID_severe,S-S070-2,335,0.29320806822774903,0.2949042846141723,100.0,Mitoxy-80_v1.0,score_genes_v1
GSE158055,T_cell,COVID_severe,S-S070-3,176,0.2947465760980178,0.291168106491851,100.0,Mitoxy-80_v1.0,score_genes_v1
GSE158055,T_cell,COVID_severe,S-S071-1,12,0.33656950739517333,0.32632368893984964,100.0,Mitoxy-80_v1.0,score_genes_v1
GSE158055,T_cell,COVID_severe,S-S071-2,53,0.2846249470098949,0.2619597956790719,100.0,Mitoxy-80_v1.0,score_genes_v1
GSE158055,T_cell,COVID_severe,S-S072-1,33,0.3006349353778044,0.2984988549978631,100.0,Mitoxy-80_v1.0,score_genes_v1
GSE158055,T_cell,COVID_severe,S-S072-2,116,0.31633678069237553,0.3199391378443637,100.0,Mitoxy-80_v1.0,score_genes_v1
GSE158055,T_cell,COVID_severe,S-S072-3,97,0.33141286171963347,0.324497286368453,100.0,Mitoxy-80_v1.0,score_genes_v1
GSE158055,T_cell,Healthy,S-HC008,874,0.32953852332505207,0.3251163982460835,100.0,Mitoxy-80_v1.0,score_genes_v1
GSE158055,T_cell,Healthy,S-HC009,905,0.3265858992728381,0.32542798982935206,100.0,Mitoxy-80_v1.0,score_genes_v1
GSE158055,T_cell,Healthy,S-HC010,528,0.32949518441654246,0.32947015129113993,100.0,Mitoxy-80_v1.0,score_genes_v1
GSE158055,T_cell,Healthy,S-HC011,864,0.34881852248701717,0.3485717756030705,100.0,Mitoxy-80_v1.0,score_genes_v1
GSE158055,T_cell,Healthy,S-HC012,755,0.3463415883394138,0.34747262443382454,100.0,Mitoxy-80_v1.0,score_genes_v1
GSE158055,NK,COVID_mild,S-M041-1,163,0.29882277163350857,0.3006062276106424,100.0,Mitoxy-80_v1.0,score_genes_v1
GSE158055,NK,COVID_mild,S-M041-2,198,0.30690310910284946,0.3093411687938372,100.0,Mitoxy-80_v1.0,score_genes_v1
GSE158055,NK,COVID_mild,S-M042-1,105,0.3033154993728357,0.3038120398178513,100.0,Mitoxy-80_v1.0,score_genes_v1
GSE158055,NK,COVID_mild,S-M042-2,97,0.31749750847602004,0.31003954938670597,100.0,Mitoxy-80_v1.0,score_genes_v1
GSE158055,NK,COVID_mild,S-M043-1,120,0.3040081239633114,0.29816912253258293,100.0,Mitoxy-80_v1.0,score_genes_v1
GSE158055,NK,COVID_mild,S-M043-2,102,0.28816787795855353,0.2876504709062553,100.0,Mitoxy-80_v1.0,score_genes_v1
GSE158055,NK,COVID_mild,S-M044-1,61,0.2889140862003774,0.29419541069898014,100.0,Mitoxy-80_v1.0,score_genes_v1
GSE158055,NK,COVID_mild,S-M044-2,72,0.29649394402594875,0.28908009307951393,100.0,Mitoxy-80_v1.0,score_genes_v1
GSE158055,NK,COVID_mild,S-M045,152,0.31554862521804783,0.3104409515090486,100.0,Mitoxy-80_v1.0,score_genes_v1
GSE158055,NK,COVID_mild,S-M046,188,0.286173230299661,0.2951162629661068,100.0,Mitoxy-80_v1.0,score_genes_v1
GSE158055,NK,COVID_mild,S-M047,759,0.27993833036017346,0.2801435971140844,99.86824769433466,Mitoxy-80_v1.0,score_genes_v1
GSE158055,NK,COVID_mild,S-M048,233,0.3088556754982118,0.3062237659332292,100.0,Mitoxy-80_v1.0,score_genes_v1
GSE158055,NK,COVID_mild,S-M049,180,0.325389987508939,0.3236594158050043,100.0,Mitoxy-80_v1.0,score_genes_v1
GSE158055,NK,COVID_mild,S-M050,274,0.31270948244105606,0.3121299582405793,100.0,Mitoxy-80_v1.0,score_genes_v1
GSE158055,NK,COVID_mild,S-M051,328,0.3050403389456645,0.3064388848937291,100.0,Mitoxy-80_v1.0,score_genes_v1
GSE158055,NK,COVID_mild,S-M052,163,0.34524016418798664,0.3488399682742133,100.0,Mitoxy-80_v1.0,score_genes_v1
GSE158055,NK,COVID_mild,S-M053,92,0.3130911646258298,0.32511272986570616,100.0,Mitoxy-80_v1.0,score_genes_v1
GSE158055,NK,COVID_mild,S-M054,151,0.2972927634456524,0.2977284457593984,100.0,Mitoxy-80_v1.0,score_genes_v1
GSE158055,NK,COVID_mild,S-M055,290,0.28721477305975773,0.28702997985530343,100.0,Mitoxy-80_v1.0,score_genes_v1
GSE158055,NK,COVID_mild,S-M056,22,0.3420940222415458,0.32911683553299637,100.0,Mitoxy-80_v1.0,score_genes_v1
GSE158055,NK,COVID_severe,S-S054,335,0.2869947793846505,0.2888767121850705,100.0,Mitoxy-80_v1.0,score_genes_v1
GSE158055,NK,COVID_severe,S-S055,181,0.3019278957673091,0.3029907883530143,100.0,Mitoxy-80_v1.0,score_genes_v1
GSE158055,NK,COVID_severe,S-S056,220,0.30158916084514936,0.30820391451811824,100.0,Mitoxy-80_v1.0,score_genes_v1
GSE158055,NK,COVID_severe,S-S057,136,0.3280864041980362,0.3315692460441522,100.0,Mitoxy-80_v1.0,score_genes_v1
GSE158055,NK,COVID_severe,S-S058,85,0.32228356858827095,0.33725012268488996,100.0,Mitoxy-80_v1.0,score_genes_v1
GSE158055,NK,COVID_severe,S-S059,278,0.3809627448742225,0.3815994868739496,100.0,Mitoxy-80_v1.0,score_genes_v1
GSE158055,NK,COVID_severe,S-S060,244,0.3472529530795723,0.34985996889978493,100.0,Mitoxy-80_v1.0,score_genes_v1
GSE158055,NK,COVID_severe,S-S061,115,0.3114246907538473,0.32063077508095733,100.0,Mitoxy-80_v1.0,score_genes_v1
GSE158055,NK,COVID_severe,S-S062,433,0.329114527673871,0.330040171516115,100.0,Mitoxy-80_v1.0,score_genes_v1
GSE158055,NK,COVID_severe,S-S064,113,0.2952559707737768,0.3025775172403866,100.0,Mitoxy-80_v1.0,score_genes_v1
GSE158055,NK,COVID_severe,S-S065,95,0.34552435447551944,0.34674143179691824,100.0,Mitoxy-80_v1.0,score_genes_v1
GSE158055,NK,COVID_severe,S-S066,33,0.34905899433144344,0.3443227500992378,100.0,Mitoxy-80_v1.0,score_genes_v1
GSE158055,NK,COVID_severe,S-S067,150,0.33140062989113184,0.3359287599330284,100.0,Mitoxy-80_v1.0,score_genes_v1
GSE158055,NK,COVID_severe,S-S068,347,0.32690504278590904,0.3252876698960251,100.0,Mitoxy-80_v1.0,score_genes_v1
GSE158055,NK,COVID_severe,S-S069-1,10,0.32212538822536124,0.32185367426899436,100.0,Mitoxy-80_v1.0,score_genes_v1
GSE158055,NK,COVID_severe,S-S069-3,11,0.32123482093042316,0.32275258322538974,100.0,Mitoxy-80_v1.0,score_genes_v1
GSE158055,NK,COVID_severe,S-S070-1,5,0.31201795462793425,0.2859703708879777,100.0,Mitoxy-80_v1.0,score_genes_v1
GSE158055,NK,COVID_severe,S-S070-2,11,0.2671535039659284,0.2582300079111259,100.0,Mitoxy-80_v1.0,score_genes_v1
GSE158055,NK,COVID_severe,S-S070-3,9,0.26735842497195894,0.2756246414740403,100.0,Mitoxy-80_v1.0,score_genes_v1
GSE158055,NK,COVID_severe,S-S071-2,10,0.3281148009341956,0.34677246101547854,100.0,Mitoxy-80_v1.0,score_genes_v1
GSE158055,NK,COVID_severe,S-S072-2,3,0.2943202377378907,0.3118753761078792,100.0,Mitoxy-80_v1.0,score_genes_v1
GSE158055,NK,COVID_severe,S-S072-3,2,0.39717997235791613,0.39717997235791613,100.0,Mitoxy-80_v1.0,score_genes_v1
GSE158055,NK,Healthy,S-HC008,158,0.3056952746780765,0.3062415710143765,100.0,Mitoxy-80_v1.0,score_genes_v1
GSE158055,NK,Healthy,S-HC009,129,0.316094089614646,0.3260553435513651,100.0,Mitoxy-80_v1.0,score_genes_v1
GSE158055,NK,Healthy,S-HC010,207,0.31709916647565534,0.32033888449934134,100.0,Mitoxy-80_v1.0,score_genes_v1
GSE158055,NK,Healthy,S-HC011,205,0.3274097230634108,0.32253854476815674,100.0,Mitoxy-80_v1.0,score_genes_v1
GSE158055,NK,Healthy,S-HC012,73,0.32748972353778294,0.34267494626900524,100.0,Mitoxy-80_v1.0,score_genes_v1
