Factor,View,FA_VarianceExplained_%,PCA_VarianceExplained_%,View_LoadingSumSq,N_Features,gene_set_version,score_version
Factor_1,View1_MitoxyPathway,0.506,23.6502,8.35918,30,Mitoxy-80_v1.0,NA
Factor_1,View2_CellDeathPathways,0.506,23.6502,15.413187,68,Mitoxy-80_v1.0,NA
Factor_1,View3_ImmuneGenes,0.506,23.6502,19.432425,71,Mitoxy-80_v1.0,NA
Factor_1,View4_PCD_Scores,0.506,23.6502,1.32614,6,Mitoxy-80_v1.0,NA
Factor_1,View5_ImmuneFractions,0.506,23.6502,1.587471,22,Mitoxy-80_v1.0,NA
Factor_2,View1_MitoxyPathway,0.5052,14.7778,6.077686,30,Mitoxy-80_v1.0,NA
Factor_2,View2_CellDeathPathways,0.5052,14.7778,13.306525,68,Mitoxy-80_v1.0,NA
Factor_2,View3_ImmuneGenes,0.5052,14.7778,8.31921,71,Mitoxy-80_v1.0,NA
Factor_2,View4_PCD_Scores,0.5052,14.7778,0.548522,6,Mitoxy-80_v1.0,NA
Factor_2,View5_ImmuneFractions,0.5052,14.7778,0.600023,22,Mitoxy-80_v1.0,NA
Factor_3,View1_MitoxyPathway,0.5015,6.9705,3.703539,30,Mitoxy-80_v1.0,NA
Factor_3,View2_CellDeathPathways,0.5015,6.9705,3.570469,68,Mitoxy-80_v1.0,NA
Factor_3,View3_ImmuneGenes,0.5015,6.9705,4.320131,71,Mitoxy-80_v1.0,NA
Factor_3,View4_PCD_Scores,0.5015,6.9705,0.125823,6,Mitoxy-80_v1.0,NA
Factor_3,View5_ImmuneFractions,0.5015,6.9705,0.644908,22,Mitoxy-80_v1.0,NA
Factor_4,View1_MitoxyPathway,0.5003,5.7642,1.656306,30,Mitoxy-80_v1.0,NA
Factor_4,View2_CellDeathPathways,0.5003,5.7642,3.180851,68,Mitoxy-80_v1.0,NA
Factor_4,View3_ImmuneGenes,0.5003,5.7642,5.753551,71,Mitoxy-80_v1.0,NA
Factor_4,View4_PCD_Scores,0.5003,5.7642,0.166808,6,Mitoxy-80_v1.0,NA
Factor_4,View5_ImmuneFractions,0.5003,5.7642,0.511571,22,Mitoxy-80_v1.0,NA
Factor_5,View1_MitoxyPathway,0.4994,4.7289,1.699189,30,Mitoxy-80_v1.0,NA
Factor_5,View2_CellDeathPathways,0.4994,4.7289,4.111824,68,Mitoxy-80_v1.0,NA
Factor_5,View3_ImmuneGenes,0.4994,4.7289,3.272412,71,Mitoxy-80_v1.0,NA
Factor_5,View4_PCD_Scores,0.4994,4.7289,0.180154,6,Mitoxy-80_v1.0,NA
Factor_5,View5_ImmuneFractions,0.4994,4.7289,0.521961,22,Mitoxy-80_v1.0,NA
Factor_6,View1_MitoxyPathway,0.4908,3.773,0.686781,30,Mitoxy-80_v1.0,NA
Factor_6,View2_CellDeathPathways,0.4908,3.773,1.927488,68,Mitoxy-80_v1.0,NA
Factor_6,View3_ImmuneGenes,0.4908,3.773,2.901449,71,Mitoxy-80_v1.0,NA
Factor_6,View4_PCD_Scores,0.4908,3.773,0.11047,6,Mitoxy-80_v1.0,NA
Factor_6,View5_ImmuneFractions,0.4908,3.773,0.896511,22,Mitoxy-80_v1.0,NA
Factor_7,View1_MitoxyPathway,0.49,3.0575,0.978529,30,Mitoxy-80_v1.0,NA
Factor_7,View2_CellDeathPathways,0.49,3.0575,2.063545,68,Mitoxy-80_v1.0,NA
Factor_7,View3_ImmuneGenes,0.49,3.0575,1.754109,71,Mitoxy-80_v1.0,NA
Factor_7,View4_PCD_Scores,0.49,3.0575,0.146669,6,Mitoxy-80_v1.0,NA
Factor_7,View5_ImmuneFractions,0.49,3.0575,0.663195,22,Mitoxy-80_v1.0,NA
Factor_8,View1_MitoxyPathway,0.4874,2.8005,0.628789,30,Mitoxy-80_v1.0,NA
Factor_8,View2_CellDeathPathways,0.4874,2.8005,1.999865,68,Mitoxy-80_v1.0,NA
Factor_8,View3_ImmuneGenes,0.4874,2.8005,2.208923,71,Mitoxy-80_v1.0,NA
Factor_8,View4_PCD_Scores,0.4874,2.8005,0.167399,6,Mitoxy-80_v1.0,NA
Factor_8,View5_ImmuneFractions,0.4874,2.8005,0.33536,22,Mitoxy-80_v1.0,NA
Factor_9,View1_MitoxyPathway,0.4835,2.2711,0.552541,30,Mitoxy-80_v1.0,NA
Factor_9,View2_CellDeathPathways,0.4835,2.2711,1.672942,68,Mitoxy-80_v1.0,NA
Factor_9,View3_ImmuneGenes,0.4835,2.2711,1.426801,71,Mitoxy-80_v1.0,NA
Factor_9,View4_PCD_Scores,0.4835,2.2711,0.095079,6,Mitoxy-80_v1.0,NA
Factor_9,View5_ImmuneFractions,0.4835,2.2711,0.444105,22,Mitoxy-80_v1.0,NA
Factor_10,View1_MitoxyPathway,0.4717,1.8935,0.412743,30,Mitoxy-80_v1.0,NA
Factor_10,View2_CellDeathPathways,0.4717,1.8935,1.213494,68,Mitoxy-80_v1.0,NA
Factor_10,View3_ImmuneGenes,0.4717,1.8935,0.886871,71,Mitoxy-80_v1.0,NA
Factor_10,View4_PCD_Scores,0.4717,1.8935,0.064367,6,Mitoxy-80_v1.0,NA
Factor_10,View5_ImmuneFractions,0.4717,1.8935,0.616704,22,Mitoxy-80_v1.0,NA
