old_panel_file,new_panel_file,package,change_date,reason
Figure_2A.csv,Figure_4A.csv,Main,2026-09-05,CDD 投稿适配：主图 11→9、面板均衡 6–10/图、按正文引用顺序重编号（数值零改动）
Figure_2B.csv,Figure_4B.csv,Main,2026-09-05,CDD 投稿适配：主图 11→9、面板均衡 6–10/图、按正文引用顺序重编号（数值零改动）
Figure_2C.csv,Figure_4C.csv,Main,2026-09-05,CDD 投稿适配：主图 11→9、面板均衡 6–10/图、按正文引用顺序重编号（数值零改动）
Figure_2D.csv,Figure_4D.csv,Main,2026-09-05,CDD 投稿适配：主图 11→9、面板均衡 6–10/图、按正文引用顺序重编号（数值零改动）
Figure_2E.csv,Figure_4E.csv,Main,2026-09-05,CDD 投稿适配：主图 11→9、面板均衡 6–10/图、按正文引用顺序重编号（数值零改动）
Figure_2F.csv,Figure_4F.csv,Main,2026-09-05,CDD 投稿适配：主图 11→9、面板均衡 6–10/图、按正文引用顺序重编号（数值零改动）
Figure_2G.csv,Figure_4G.csv,Main,2026-09-05,CDD 投稿适配：主图 11→9、面板均衡 6–10/图、按正文引用顺序重编号（数值零改动）
Figure_2H.csv,Figure_4H.csv,Main,2026-09-05,CDD 投稿适配：主图 11→9、面板均衡 6–10/图、按正文引用顺序重编号（数值零改动）
Figure_2I.csv,Figure_3A.csv,Main,2026-09-05,CDD 投稿适配：主图 11→9、面板均衡 6–10/图、按正文引用顺序重编号（数值零改动）
Figure_2J.csv,Figure_3B.csv,Main,2026-09-05,CDD 投稿适配：主图 11→9、面板均衡 6–10/图、按正文引用顺序重编号（数值零改动）
Figure_2K.csv,Figure_3C.csv,Main,2026-09-05,CDD 投稿适配：主图 11→9、面板均衡 6–10/图、按正文引用顺序重编号（数值零改动）
Figure_2L.csv,Figure_3D.csv,Main,2026-09-05,CDD 投稿适配：主图 11→9、面板均衡 6–10/图、按正文引用顺序重编号（数值零改动）
Figure_2M.csv,Figure_3E.csv,Main,2026-09-05,CDD 投稿适配：主图 11→9、面板均衡 6–10/图、按正文引用顺序重编号（数值零改动）
Figure_2N.csv,Figure_3F.csv,Main,2026-09-05,CDD 投稿适配：主图 11→9、面板均衡 6–10/图、按正文引用顺序重编号（数值零改动）
Figure_2O.csv,Figure_3G.csv,Main,2026-09-05,CDD 投稿适配：主图 11→9、面板均衡 6–10/图、按正文引用顺序重编号（数值零改动）
Figure_2P.csv,Figure_3H.csv,Main,2026-09-05,CDD 投稿适配：主图 11→9、面板均衡 6–10/图、按正文引用顺序重编号（数值零改动）
Figure_3A.csv,Figure_2A.csv,Main,2026-09-05,CDD 投稿适配：主图 11→9、面板均衡 6–10/图、按正文引用顺序重编号（数值零改动）
Figure_3B.csv,Figure_2B.csv,Main,2026-09-05,CDD 投稿适配：主图 11→9、面板均衡 6–10/图、按正文引用顺序重编号（数值零改动）
Figure_3C.csv,Figure_2C.csv,Main,2026-09-05,CDD 投稿适配：主图 11→9、面板均衡 6–10/图、按正文引用顺序重编号（数值零改动）
Figure_3D.csv,Figure_2D.csv,Main,2026-09-05,CDD 投稿适配：主图 11→9、面板均衡 6–10/图、按正文引用顺序重编号（数值零改动）
Figure_3E.csv,Figure_2E.csv,Main,2026-09-05,CDD 投稿适配：主图 11→9、面板均衡 6–10/图、按正文引用顺序重编号（数值零改动）
Figure_3F.csv,Figure_2F.csv,Main,2026-09-05,CDD 投稿适配：主图 11→9、面板均衡 6–10/图、按正文引用顺序重编号（数值零改动）
Figure_4A.csv,Figure_5A.csv,Main,2026-09-05,CDD 投稿适配：主图 11→9、面板均衡 6–10/图、按正文引用顺序重编号（数值零改动）
Figure_4B.csv,Figure_5B.csv,Main,2026-09-05,CDD 投稿适配：主图 11→9、面板均衡 6–10/图、按正文引用顺序重编号（数值零改动）
Figure_4C.csv,Figure_5C.csv,Main,2026-09-05,CDD 投稿适配：主图 11→9、面板均衡 6–10/图、按正文引用顺序重编号（数值零改动）
Figure_4D.csv,Figure_5D.csv,Main,2026-09-05,CDD 投稿适配：主图 11→9、面板均衡 6–10/图、按正文引用顺序重编号（数值零改动）
Figure_4E.csv,Figure_5E.csv,Main,2026-09-05,CDD 投稿适配：主图 11→9、面板均衡 6–10/图、按正文引用顺序重编号（数值零改动）
Figure_5A.csv,Figure_5F.csv,Main,2026-09-05,CDD 投稿适配：主图 11→9、面板均衡 6–10/图、按正文引用顺序重编号（数值零改动）
Figure_5B.csv,Figure_5G.csv,Main,2026-09-05,CDD 投稿适配：主图 11→9、面板均衡 6–10/图、按正文引用顺序重编号（数值零改动）
Figure_5C.csv,Figure_5H.csv,Main,2026-09-05,CDD 投稿适配：主图 11→9、面板均衡 6–10/图、按正文引用顺序重编号（数值零改动）
Figure_5D.csv,Figure_5I.csv,Main,2026-09-05,CDD 投稿适配：主图 11→9、面板均衡 6–10/图、按正文引用顺序重编号（数值零改动）
Figure_5E.csv,Figure_5J.csv,Main,2026-09-05,CDD 投稿适配：主图 11→9、面板均衡 6–10/图、按正文引用顺序重编号（数值零改动）
Figure_9A.csv,Figure_8E.csv,Main,2026-09-05,CDD 投稿适配：主图 11→9、面板均衡 6–10/图、按正文引用顺序重编号（数值零改动）
Figure_9B.csv,Figure_8F.csv,Main,2026-09-05,CDD 投稿适配：主图 11→9、面板均衡 6–10/图、按正文引用顺序重编号（数值零改动）
Figure_9C.csv,Figure_8G.csv,Main,2026-09-05,CDD 投稿适配：主图 11→9、面板均衡 6–10/图、按正文引用顺序重编号（数值零改动）
Figure_10A.csv,Figure_9A.csv,Main,2026-09-05,CDD 投稿适配：主图 11→9、面板均衡 6–10/图、按正文引用顺序重编号（数值零改动）
Figure_10B.csv,Figure_9B.csv,Main,2026-09-05,CDD 投稿适配：主图 11→9、面板均衡 6–10/图、按正文引用顺序重编号（数值零改动）
Figure_10C.csv,Figure_9C.csv,Main,2026-09-05,CDD 投稿适配：主图 11→9、面板均衡 6–10/图、按正文引用顺序重编号（数值零改动）
Figure_11A.csv,Figure_9D.csv,Main,2026-09-05,CDD 投稿适配：主图 11→9、面板均衡 6–10/图、按正文引用顺序重编号（数值零改动）
Figure_11B.csv,Figure_9E.csv,Main,2026-09-05,CDD 投稿适配：主图 11→9、面板均衡 6–10/图、按正文引用顺序重编号（数值零改动）
Figure_11C.csv,Figure_9F.csv,Main,2026-09-05,CDD 投稿适配：主图 11→9、面板均衡 6–10/图、按正文引用顺序重编号（数值零改动）
Figure_S3A.csv,Figure_S2G.csv,Supplementary,2026-09-05,CDD 投稿适配：附图 S2+S3 合并、旧 S12 拆分（因果层→S8；ML/DL/表观→S12），引用升序（数值零改动）
Figure_S3B.csv,Figure_S2H.csv,Supplementary,2026-09-05,CDD 投稿适配：附图 S2+S3 合并、旧 S12 拆分（因果层→S8；ML/DL/表观→S12），引用升序（数值零改动）
Figure_S3C.csv,Figure_S2I.csv,Supplementary,2026-09-05,CDD 投稿适配：附图 S2+S3 合并、旧 S12 拆分（因果层→S8；ML/DL/表观→S12），引用升序（数值零改动）
Figure_S3D.csv,Figure_S2J.csv,Supplementary,2026-09-05,CDD 投稿适配：附图 S2+S3 合并、旧 S12 拆分（因果层→S8；ML/DL/表观→S12），引用升序（数值零改动）
Figure_S4A.csv,Figure_S3A.csv,Supplementary,2026-09-05,CDD 投稿适配：附图 S2+S3 合并、旧 S12 拆分（因果层→S8；ML/DL/表观→S12），引用升序（数值零改动）
Figure_S4B.csv,Figure_S3B.csv,Supplementary,2026-09-05,CDD 投稿适配：附图 S2+S3 合并、旧 S12 拆分（因果层→S8；ML/DL/表观→S12），引用升序（数值零改动）
Figure_S4C.csv,Figure_S3C.csv,Supplementary,2026-09-05,CDD 投稿适配：附图 S2+S3 合并、旧 S12 拆分（因果层→S8；ML/DL/表观→S12），引用升序（数值零改动）
Figure_S4D.csv,Figure_S3D.csv,Supplementary,2026-09-05,CDD 投稿适配：附图 S2+S3 合并、旧 S12 拆分（因果层→S8；ML/DL/表观→S12），引用升序（数值零改动）
Figure_S4E.csv,Figure_S3E.csv,Supplementary,2026-09-05,CDD 投稿适配：附图 S2+S3 合并、旧 S12 拆分（因果层→S8；ML/DL/表观→S12），引用升序（数值零改动）
Figure_S4F.csv,Figure_S3F.csv,Supplementary,2026-09-05,CDD 投稿适配：附图 S2+S3 合并、旧 S12 拆分（因果层→S8；ML/DL/表观→S12），引用升序（数值零改动）
Figure_S4G.csv,Figure_S3G.csv,Supplementary,2026-09-05,CDD 投稿适配：附图 S2+S3 合并、旧 S12 拆分（因果层→S8；ML/DL/表观→S12），引用升序（数值零改动）
Figure_S4H.csv,Figure_S3H.csv,Supplementary,2026-09-05,CDD 投稿适配：附图 S2+S3 合并、旧 S12 拆分（因果层→S8；ML/DL/表观→S12），引用升序（数值零改动）
Figure_S5A.csv,Figure_S4A.csv,Supplementary,2026-09-05,CDD 投稿适配：附图 S2+S3 合并、旧 S12 拆分（因果层→S8；ML/DL/表观→S12），引用升序（数值零改动）
Figure_S5B.csv,Figure_S4B.csv,Supplementary,2026-09-05,CDD 投稿适配：附图 S2+S3 合并、旧 S12 拆分（因果层→S8；ML/DL/表观→S12），引用升序（数值零改动）
Figure_S5C.csv,Figure_S4C.csv,Supplementary,2026-09-05,CDD 投稿适配：附图 S2+S3 合并、旧 S12 拆分（因果层→S8；ML/DL/表观→S12），引用升序（数值零改动）
Figure_S5D.csv,Figure_S4D.csv,Supplementary,2026-09-05,CDD 投稿适配：附图 S2+S3 合并、旧 S12 拆分（因果层→S8；ML/DL/表观→S12），引用升序（数值零改动）
Figure_S5E.csv,Figure_S4E.csv,Supplementary,2026-09-05,CDD 投稿适配：附图 S2+S3 合并、旧 S12 拆分（因果层→S8；ML/DL/表观→S12），引用升序（数值零改动）
Figure_S5F.csv,Figure_S4F.csv,Supplementary,2026-09-05,CDD 投稿适配：附图 S2+S3 合并、旧 S12 拆分（因果层→S8；ML/DL/表观→S12），引用升序（数值零改动）
Figure_S5G.csv,Figure_S4G.csv,Supplementary,2026-09-05,CDD 投稿适配：附图 S2+S3 合并、旧 S12 拆分（因果层→S8；ML/DL/表观→S12），引用升序（数值零改动）
Figure_S5H.csv,Figure_S4H.csv,Supplementary,2026-09-05,CDD 投稿适配：附图 S2+S3 合并、旧 S12 拆分（因果层→S8；ML/DL/表观→S12），引用升序（数值零改动）
Figure_S5I.csv,Figure_S4I.csv,Supplementary,2026-09-05,CDD 投稿适配：附图 S2+S3 合并、旧 S12 拆分（因果层→S8；ML/DL/表观→S12），引用升序（数值零改动）
Figure_S6A.csv,Figure_S5A.csv,Supplementary,2026-09-05,CDD 投稿适配：附图 S2+S3 合并、旧 S12 拆分（因果层→S8；ML/DL/表观→S12），引用升序（数值零改动）
Figure_S6B.csv,Figure_S5B.csv,Supplementary,2026-09-05,CDD 投稿适配：附图 S2+S3 合并、旧 S12 拆分（因果层→S8；ML/DL/表观→S12），引用升序（数值零改动）
Figure_S6C.csv,Figure_S5C.csv,Supplementary,2026-09-05,CDD 投稿适配：附图 S2+S3 合并、旧 S12 拆分（因果层→S8；ML/DL/表观→S12），引用升序（数值零改动）
Figure_S6D.csv,Figure_S5D.csv,Supplementary,2026-09-05,CDD 投稿适配：附图 S2+S3 合并、旧 S12 拆分（因果层→S8；ML/DL/表观→S12），引用升序（数值零改动）
Figure_S6E.csv,Figure_S5E.csv,Supplementary,2026-09-05,CDD 投稿适配：附图 S2+S3 合并、旧 S12 拆分（因果层→S8；ML/DL/表观→S12），引用升序（数值零改动）
Figure_S6F.csv,Figure_S5F.csv,Supplementary,2026-09-05,CDD 投稿适配：附图 S2+S3 合并、旧 S12 拆分（因果层→S8；ML/DL/表观→S12），引用升序（数值零改动）
Figure_S7A.csv,Figure_S6A.csv,Supplementary,2026-09-05,CDD 投稿适配：附图 S2+S3 合并、旧 S12 拆分（因果层→S8；ML/DL/表观→S12），引用升序（数值零改动）
Figure_S7B.csv,Figure_S6B.csv,Supplementary,2026-09-05,CDD 投稿适配：附图 S2+S3 合并、旧 S12 拆分（因果层→S8；ML/DL/表观→S12），引用升序（数值零改动）
Figure_S7C.csv,Figure_S6C.csv,Supplementary,2026-09-05,CDD 投稿适配：附图 S2+S3 合并、旧 S12 拆分（因果层→S8；ML/DL/表观→S12），引用升序（数值零改动）
Figure_S7D.csv,Figure_S6D.csv,Supplementary,2026-09-05,CDD 投稿适配：附图 S2+S3 合并、旧 S12 拆分（因果层→S8；ML/DL/表观→S12），引用升序（数值零改动）
Figure_S7E.csv,Figure_S6E.csv,Supplementary,2026-09-05,CDD 投稿适配：附图 S2+S3 合并、旧 S12 拆分（因果层→S8；ML/DL/表观→S12），引用升序（数值零改动）
Figure_S7F.csv,Figure_S6F.csv,Supplementary,2026-09-05,CDD 投稿适配：附图 S2+S3 合并、旧 S12 拆分（因果层→S8；ML/DL/表观→S12），引用升序（数值零改动）
Figure_S7G.csv,Figure_S6G.csv,Supplementary,2026-09-05,CDD 投稿适配：附图 S2+S3 合并、旧 S12 拆分（因果层→S8；ML/DL/表观→S12），引用升序（数值零改动）
Figure_S7H.csv,Figure_S6H.csv,Supplementary,2026-09-05,CDD 投稿适配：附图 S2+S3 合并、旧 S12 拆分（因果层→S8；ML/DL/表观→S12），引用升序（数值零改动）
Figure_S8A.csv,Figure_S7A.csv,Supplementary,2026-09-05,CDD 投稿适配：附图 S2+S3 合并、旧 S12 拆分（因果层→S8；ML/DL/表观→S12），引用升序（数值零改动）
Figure_S8B.csv,Figure_S7B.csv,Supplementary,2026-09-05,CDD 投稿适配：附图 S2+S3 合并、旧 S12 拆分（因果层→S8；ML/DL/表观→S12），引用升序（数值零改动）
Figure_S8C.csv,Figure_S7C.csv,Supplementary,2026-09-05,CDD 投稿适配：附图 S2+S3 合并、旧 S12 拆分（因果层→S8；ML/DL/表观→S12），引用升序（数值零改动）
Figure_S8D.csv,Figure_S7D.csv,Supplementary,2026-09-05,CDD 投稿适配：附图 S2+S3 合并、旧 S12 拆分（因果层→S8；ML/DL/表观→S12），引用升序（数值零改动）
Figure_S8E.csv,Figure_S7E.csv,Supplementary,2026-09-05,CDD 投稿适配：附图 S2+S3 合并、旧 S12 拆分（因果层→S8；ML/DL/表观→S12），引用升序（数值零改动）
Figure_S8F.csv,Figure_S7F.csv,Supplementary,2026-09-05,CDD 投稿适配：附图 S2+S3 合并、旧 S12 拆分（因果层→S8；ML/DL/表观→S12），引用升序（数值零改动）
Figure_S8G.csv,Figure_S7G.csv,Supplementary,2026-09-05,CDD 投稿适配：附图 S2+S3 合并、旧 S12 拆分（因果层→S8；ML/DL/表观→S12），引用升序（数值零改动）
Figure_S12C.csv,Figure_S8A.csv,Supplementary,2026-09-05,CDD 投稿适配：附图 S2+S3 合并、旧 S12 拆分（因果层→S8；ML/DL/表观→S12），引用升序（数值零改动）
Figure_S12D.csv,Figure_S8B.csv,Supplementary,2026-09-05,CDD 投稿适配：附图 S2+S3 合并、旧 S12 拆分（因果层→S8；ML/DL/表观→S12），引用升序（数值零改动）
Figure_S12E.csv,Figure_S8C.csv,Supplementary,2026-09-05,CDD 投稿适配：附图 S2+S3 合并、旧 S12 拆分（因果层→S8；ML/DL/表观→S12），引用升序（数值零改动）
Figure_S12F.csv,Figure_S12C.csv,Supplementary,2026-09-05,CDD 投稿适配：附图 S2+S3 合并、旧 S12 拆分（因果层→S8；ML/DL/表观→S12），引用升序（数值零改动）
Figure_S12G.csv,Figure_S12D.csv,Supplementary,2026-09-05,CDD 投稿适配：附图 S2+S3 合并、旧 S12 拆分（因果层→S8；ML/DL/表观→S12），引用升序（数值零改动）
Figure_S12H.csv,Figure_S12E.csv,Supplementary,2026-09-05,CDD 投稿适配：附图 S2+S3 合并、旧 S12 拆分（因果层→S8；ML/DL/表观→S12），引用升序（数值零改动）
Figure_S12I.csv,Figure_S8D.csv,Supplementary,2026-09-05,CDD 投稿适配：附图 S2+S3 合并、旧 S12 拆分（因果层→S8；ML/DL/表观→S12），引用升序（数值零改动）
Figure_S12J.csv,Figure_S8E.csv,Supplementary,2026-09-05,CDD 投稿适配：附图 S2+S3 合并、旧 S12 拆分（因果层→S8；ML/DL/表观→S12），引用升序（数值零改动）
Figure_S10A.csv,Figure_S7A.csv,Supplementary,2026-09-05(二次),CDD 适配二次重排：附图按正文首次引用顺序严格升序重编号（S7→S2/S2→S3/S8→S4/S4→S5/S9→S6/S10→S7/S5→S8/S6→S9/S11→S10/S12→S11/S3→S12；数值零改动）
Figure_S10B.csv,Figure_S7B.csv,Supplementary,2026-09-05(二次),CDD 适配二次重排：附图按正文首次引用顺序严格升序重编号（S7→S2/S2→S3/S8→S4/S4→S5/S9→S6/S10→S7/S5→S8/S6→S9/S11→S10/S12→S11/S3→S12；数值零改动）
Figure_S10C.csv,Figure_S7C.csv,Supplementary,2026-09-05(二次),CDD 适配二次重排：附图按正文首次引用顺序严格升序重编号（S7→S2/S2→S3/S8→S4/S4→S5/S9→S6/S10→S7/S5→S8/S6→S9/S11→S10/S12→S11/S3→S12；数值零改动）
Figure_S10D.csv,Figure_S7D.csv,Supplementary,2026-09-05(二次),CDD 适配二次重排：附图按正文首次引用顺序严格升序重编号（S7→S2/S2→S3/S8→S4/S4→S5/S9→S6/S10→S7/S5→S8/S6→S9/S11→S10/S12→S11/S3→S12；数值零改动）
Figure_S10E.csv,Figure_S7E.csv,Supplementary,2026-09-05(二次),CDD 适配二次重排：附图按正文首次引用顺序严格升序重编号（S7→S2/S2→S3/S8→S4/S4→S5/S9→S6/S10→S7/S5→S8/S6→S9/S11→S10/S12→S11/S3→S12；数值零改动）
Figure_S10F.csv,Figure_S7F.csv,Supplementary,2026-09-05(二次),CDD 适配二次重排：附图按正文首次引用顺序严格升序重编号（S7→S2/S2→S3/S8→S4/S4→S5/S9→S6/S10→S7/S5→S8/S6→S9/S11→S10/S12→S11/S3→S12；数值零改动）
Figure_S10G.csv,Figure_S7G.csv,Supplementary,2026-09-05(二次),CDD 适配二次重排：附图按正文首次引用顺序严格升序重编号（S7→S2/S2→S3/S8→S4/S4→S5/S9→S6/S10→S7/S5→S8/S6→S9/S11→S10/S12→S11/S3→S12；数值零改动）
Figure_S11A.csv,Figure_S10A.csv,Supplementary,2026-09-05(二次),CDD 适配二次重排：附图按正文首次引用顺序严格升序重编号（S7→S2/S2→S3/S8→S4/S4→S5/S9→S6/S10→S7/S5→S8/S6→S9/S11→S10/S12→S11/S3→S12；数值零改动）
Figure_S11B.csv,Figure_S10B.csv,Supplementary,2026-09-05(二次),CDD 适配二次重排：附图按正文首次引用顺序严格升序重编号（S7→S2/S2→S3/S8→S4/S4→S5/S9→S6/S10→S7/S5→S8/S6→S9/S11→S10/S12→S11/S3→S12；数值零改动）
Figure_S11C.csv,Figure_S10C.csv,Supplementary,2026-09-05(二次),CDD 适配二次重排：附图按正文首次引用顺序严格升序重编号（S7→S2/S2→S3/S8→S4/S4→S5/S9→S6/S10→S7/S5→S8/S6→S9/S11→S10/S12→S11/S3→S12；数值零改动）
Figure_S11D.csv,Figure_S10D.csv,Supplementary,2026-09-05(二次),CDD 适配二次重排：附图按正文首次引用顺序严格升序重编号（S7→S2/S2→S3/S8→S4/S4→S5/S9→S6/S10→S7/S5→S8/S6→S9/S11→S10/S12→S11/S3→S12；数值零改动）
Figure_S11E.csv,Figure_S10E.csv,Supplementary,2026-09-05(二次),CDD 适配二次重排：附图按正文首次引用顺序严格升序重编号（S7→S2/S2→S3/S8→S4/S4→S5/S9→S6/S10→S7/S5→S8/S6→S9/S11→S10/S12→S11/S3→S12；数值零改动）
Figure_S12A.csv,Figure_S11A.csv,Supplementary,2026-09-05(二次),CDD 适配二次重排：附图按正文首次引用顺序严格升序重编号（S7→S2/S2→S3/S8→S4/S4→S5/S9→S6/S10→S7/S5→S8/S6→S9/S11→S10/S12→S11/S3→S12；数值零改动）
Figure_S12B.csv,Figure_S11B.csv,Supplementary,2026-09-05(二次),CDD 适配二次重排：附图按正文首次引用顺序严格升序重编号（S7→S2/S2→S3/S8→S4/S4→S5/S9→S6/S10→S7/S5→S8/S6→S9/S11→S10/S12→S11/S3→S12；数值零改动）
Figure_S12C.csv,Figure_S11C.csv,Supplementary,2026-09-05(二次),CDD 适配二次重排：附图按正文首次引用顺序严格升序重编号（S7→S2/S2→S3/S8→S4/S4→S5/S9→S6/S10→S7/S5→S8/S6→S9/S11→S10/S12→S11/S3→S12；数值零改动）
Figure_S12D.csv,Figure_S11D.csv,Supplementary,2026-09-05(二次),CDD 适配二次重排：附图按正文首次引用顺序严格升序重编号（S7→S2/S2→S3/S8→S4/S4→S5/S9→S6/S10→S7/S5→S8/S6→S9/S11→S10/S12→S11/S3→S12；数值零改动）
Figure_S12E.csv,Figure_S11E.csv,Supplementary,2026-09-05(二次),CDD 适配二次重排：附图按正文首次引用顺序严格升序重编号（S7→S2/S2→S3/S8→S4/S4→S5/S9→S6/S10→S7/S5→S8/S6→S9/S11→S10/S12→S11/S3→S12；数值零改动）
Figure_S2A.csv,Figure_S3A.csv,Supplementary,2026-09-05(二次),CDD 适配二次重排：附图按正文首次引用顺序严格升序重编号（S7→S2/S2→S3/S8→S4/S4→S5/S9→S6/S10→S7/S5→S8/S6→S9/S11→S10/S12→S11/S3→S12；数值零改动）
Figure_S2B.csv,Figure_S3B.csv,Supplementary,2026-09-05(二次),CDD 适配二次重排：附图按正文首次引用顺序严格升序重编号（S7→S2/S2→S3/S8→S4/S4→S5/S9→S6/S10→S7/S5→S8/S6→S9/S11→S10/S12→S11/S3→S12；数值零改动）
Figure_S2C.csv,Figure_S3C.csv,Supplementary,2026-09-05(二次),CDD 适配二次重排：附图按正文首次引用顺序严格升序重编号（S7→S2/S2→S3/S8→S4/S4→S5/S9→S6/S10→S7/S5→S8/S6→S9/S11→S10/S12→S11/S3→S12；数值零改动）
Figure_S2D.csv,Figure_S3D.csv,Supplementary,2026-09-05(二次),CDD 适配二次重排：附图按正文首次引用顺序严格升序重编号（S7→S2/S2→S3/S8→S4/S4→S5/S9→S6/S10→S7/S5→S8/S6→S9/S11→S10/S12→S11/S3→S12；数值零改动）
Figure_S2E.csv,Figure_S3E.csv,Supplementary,2026-09-05(二次),CDD 适配二次重排：附图按正文首次引用顺序严格升序重编号（S7→S2/S2→S3/S8→S4/S4→S5/S9→S6/S10→S7/S5→S8/S6→S9/S11→S10/S12→S11/S3→S12；数值零改动）
Figure_S2F.csv,Figure_S3F.csv,Supplementary,2026-09-05(二次),CDD 适配二次重排：附图按正文首次引用顺序严格升序重编号（S7→S2/S2→S3/S8→S4/S4→S5/S9→S6/S10→S7/S5→S8/S6→S9/S11→S10/S12→S11/S3→S12；数值零改动）
Figure_S2G.csv,Figure_S3G.csv,Supplementary,2026-09-05(二次),CDD 适配二次重排：附图按正文首次引用顺序严格升序重编号（S7→S2/S2→S3/S8→S4/S4→S5/S9→S6/S10→S7/S5→S8/S6→S9/S11→S10/S12→S11/S3→S12；数值零改动）
Figure_S2H.csv,Figure_S3H.csv,Supplementary,2026-09-05(二次),CDD 适配二次重排：附图按正文首次引用顺序严格升序重编号（S7→S2/S2→S3/S8→S4/S4→S5/S9→S6/S10→S7/S5→S8/S6→S9/S11→S10/S12→S11/S3→S12；数值零改动）
Figure_S2I.csv,Figure_S3I.csv,Supplementary,2026-09-05(二次),CDD 适配二次重排：附图按正文首次引用顺序严格升序重编号（S7→S2/S2→S3/S8→S4/S4→S5/S9→S6/S10→S7/S5→S8/S6→S9/S11→S10/S12→S11/S3→S12；数值零改动）
Figure_S2J.csv,Figure_S3J.csv,Supplementary,2026-09-05(二次),CDD 适配二次重排：附图按正文首次引用顺序严格升序重编号（S7→S2/S2→S3/S8→S4/S4→S5/S9→S6/S10→S7/S5→S8/S6→S9/S11→S10/S12→S11/S3→S12；数值零改动）
Figure_S3A.csv,Figure_S12A.csv,Supplementary,2026-09-05(二次),CDD 适配二次重排：附图按正文首次引用顺序严格升序重编号（S7→S2/S2→S3/S8→S4/S4→S5/S9→S6/S10→S7/S5→S8/S6→S9/S11→S10/S12→S11/S3→S12；数值零改动）
Figure_S3B.csv,Figure_S12B.csv,Supplementary,2026-09-05(二次),CDD 适配二次重排：附图按正文首次引用顺序严格升序重编号（S7→S2/S2→S3/S8→S4/S4→S5/S9→S6/S10→S7/S5→S8/S6→S9/S11→S10/S12→S11/S3→S12；数值零改动）
Figure_S3C.csv,Figure_S12C.csv,Supplementary,2026-09-05(二次),CDD 适配二次重排：附图按正文首次引用顺序严格升序重编号（S7→S2/S2→S3/S8→S4/S4→S5/S9→S6/S10→S7/S5→S8/S6→S9/S11→S10/S12→S11/S3→S12；数值零改动）
Figure_S3D.csv,Figure_S12D.csv,Supplementary,2026-09-05(二次),CDD 适配二次重排：附图按正文首次引用顺序严格升序重编号（S7→S2/S2→S3/S8→S4/S4→S5/S9→S6/S10→S7/S5→S8/S6→S9/S11→S10/S12→S11/S3→S12；数值零改动）
Figure_S3E.csv,Figure_S12E.csv,Supplementary,2026-09-05(二次),CDD 适配二次重排：附图按正文首次引用顺序严格升序重编号（S7→S2/S2→S3/S8→S4/S4→S5/S9→S6/S10→S7/S5→S8/S6→S9/S11→S10/S12→S11/S3→S12；数值零改动）
Figure_S3F.csv,Figure_S12F.csv,Supplementary,2026-09-05(二次),CDD 适配二次重排：附图按正文首次引用顺序严格升序重编号（S7→S2/S2→S3/S8→S4/S4→S5/S9→S6/S10→S7/S5→S8/S6→S9/S11→S10/S12→S11/S3→S12；数值零改动）
Figure_S3G.csv,Figure_S12G.csv,Supplementary,2026-09-05(二次),CDD 适配二次重排：附图按正文首次引用顺序严格升序重编号（S7→S2/S2→S3/S8→S4/S4→S5/S9→S6/S10→S7/S5→S8/S6→S9/S11→S10/S12→S11/S3→S12；数值零改动）
Figure_S3H.csv,Figure_S12H.csv,Supplementary,2026-09-05(二次),CDD 适配二次重排：附图按正文首次引用顺序严格升序重编号（S7→S2/S2→S3/S8→S4/S4→S5/S9→S6/S10→S7/S5→S8/S6→S9/S11→S10/S12→S11/S3→S12；数值零改动）
Figure_S4A.csv,Figure_S5A.csv,Supplementary,2026-09-05(二次),CDD 适配二次重排：附图按正文首次引用顺序严格升序重编号（S7→S2/S2→S3/S8→S4/S4→S5/S9→S6/S10→S7/S5→S8/S6→S9/S11→S10/S12→S11/S3→S12；数值零改动）
Figure_S4B.csv,Figure_S5B.csv,Supplementary,2026-09-05(二次),CDD 适配二次重排：附图按正文首次引用顺序严格升序重编号（S7→S2/S2→S3/S8→S4/S4→S5/S9→S6/S10→S7/S5→S8/S6→S9/S11→S10/S12→S11/S3→S12；数值零改动）
Figure_S4C.csv,Figure_S5C.csv,Supplementary,2026-09-05(二次),CDD 适配二次重排：附图按正文首次引用顺序严格升序重编号（S7→S2/S2→S3/S8→S4/S4→S5/S9→S6/S10→S7/S5→S8/S6→S9/S11→S10/S12→S11/S3→S12；数值零改动）
Figure_S4D.csv,Figure_S5D.csv,Supplementary,2026-09-05(二次),CDD 适配二次重排：附图按正文首次引用顺序严格升序重编号（S7→S2/S2→S3/S8→S4/S4→S5/S9→S6/S10→S7/S5→S8/S6→S9/S11→S10/S12→S11/S3→S12；数值零改动）
Figure_S4E.csv,Figure_S5E.csv,Supplementary,2026-09-05(二次),CDD 适配二次重排：附图按正文首次引用顺序严格升序重编号（S7→S2/S2→S3/S8→S4/S4→S5/S9→S6/S10→S7/S5→S8/S6→S9/S11→S10/S12→S11/S3→S12；数值零改动）
Figure_S4F.csv,Figure_S5F.csv,Supplementary,2026-09-05(二次),CDD 适配二次重排：附图按正文首次引用顺序严格升序重编号（S7→S2/S2→S3/S8→S4/S4→S5/S9→S6/S10→S7/S5→S8/S6→S9/S11→S10/S12→S11/S3→S12；数值零改动）
Figure_S4G.csv,Figure_S5G.csv,Supplementary,2026-09-05(二次),CDD 适配二次重排：附图按正文首次引用顺序严格升序重编号（S7→S2/S2→S3/S8→S4/S4→S5/S9→S6/S10→S7/S5→S8/S6→S9/S11→S10/S12→S11/S3→S12；数值零改动）
Figure_S4H.csv,Figure_S5H.csv,Supplementary,2026-09-05(二次),CDD 适配二次重排：附图按正文首次引用顺序严格升序重编号（S7→S2/S2→S3/S8→S4/S4→S5/S9→S6/S10→S7/S5→S8/S6→S9/S11→S10/S12→S11/S3→S12；数值零改动）
Figure_S4I.csv,Figure_S5I.csv,Supplementary,2026-09-05(二次),CDD 适配二次重排：附图按正文首次引用顺序严格升序重编号（S7→S2/S2→S3/S8→S4/S4→S5/S9→S6/S10→S7/S5→S8/S6→S9/S11→S10/S12→S11/S3→S12；数值零改动）
Figure_S5A.csv,Figure_S8A.csv,Supplementary,2026-09-05(二次),CDD 适配二次重排：附图按正文首次引用顺序严格升序重编号（S7→S2/S2→S3/S8→S4/S4→S5/S9→S6/S10→S7/S5→S8/S6→S9/S11→S10/S12→S11/S3→S12；数值零改动）
Figure_S5B.csv,Figure_S8B.csv,Supplementary,2026-09-05(二次),CDD 适配二次重排：附图按正文首次引用顺序严格升序重编号（S7→S2/S2→S3/S8→S4/S4→S5/S9→S6/S10→S7/S5→S8/S6→S9/S11→S10/S12→S11/S3→S12；数值零改动）
Figure_S5C.csv,Figure_S8C.csv,Supplementary,2026-09-05(二次),CDD 适配二次重排：附图按正文首次引用顺序严格升序重编号（S7→S2/S2→S3/S8→S4/S4→S5/S9→S6/S10→S7/S5→S8/S6→S9/S11→S10/S12→S11/S3→S12；数值零改动）
Figure_S5D.csv,Figure_S8D.csv,Supplementary,2026-09-05(二次),CDD 适配二次重排：附图按正文首次引用顺序严格升序重编号（S7→S2/S2→S3/S8→S4/S4→S5/S9→S6/S10→S7/S5→S8/S6→S9/S11→S10/S12→S11/S3→S12；数值零改动）
Figure_S5E.csv,Figure_S8E.csv,Supplementary,2026-09-05(二次),CDD 适配二次重排：附图按正文首次引用顺序严格升序重编号（S7→S2/S2→S3/S8→S4/S4→S5/S9→S6/S10→S7/S5→S8/S6→S9/S11→S10/S12→S11/S3→S12；数值零改动）
Figure_S5F.csv,Figure_S8F.csv,Supplementary,2026-09-05(二次),CDD 适配二次重排：附图按正文首次引用顺序严格升序重编号（S7→S2/S2→S3/S8→S4/S4→S5/S9→S6/S10→S7/S5→S8/S6→S9/S11→S10/S12→S11/S3→S12；数值零改动）
Figure_S6A.csv,Figure_S9A.csv,Supplementary,2026-09-05(二次),CDD 适配二次重排：附图按正文首次引用顺序严格升序重编号（S7→S2/S2→S3/S8→S4/S4→S5/S9→S6/S10→S7/S5→S8/S6→S9/S11→S10/S12→S11/S3→S12；数值零改动）
Figure_S6B.csv,Figure_S9B.csv,Supplementary,2026-09-05(二次),CDD 适配二次重排：附图按正文首次引用顺序严格升序重编号（S7→S2/S2→S3/S8→S4/S4→S5/S9→S6/S10→S7/S5→S8/S6→S9/S11→S10/S12→S11/S3→S12；数值零改动）
Figure_S6C.csv,Figure_S9C.csv,Supplementary,2026-09-05(二次),CDD 适配二次重排：附图按正文首次引用顺序严格升序重编号（S7→S2/S2→S3/S8→S4/S4→S5/S9→S6/S10→S7/S5→S8/S6→S9/S11→S10/S12→S11/S3→S12；数值零改动）
Figure_S6D.csv,Figure_S9D.csv,Supplementary,2026-09-05(二次),CDD 适配二次重排：附图按正文首次引用顺序严格升序重编号（S7→S2/S2→S3/S8→S4/S4→S5/S9→S6/S10→S7/S5→S8/S6→S9/S11→S10/S12→S11/S3→S12；数值零改动）
Figure_S6E.csv,Figure_S9E.csv,Supplementary,2026-09-05(二次),CDD 适配二次重排：附图按正文首次引用顺序严格升序重编号（S7→S2/S2→S3/S8→S4/S4→S5/S9→S6/S10→S7/S5→S8/S6→S9/S11→S10/S12→S11/S3→S12；数值零改动）
Figure_S6F.csv,Figure_S9F.csv,Supplementary,2026-09-05(二次),CDD 适配二次重排：附图按正文首次引用顺序严格升序重编号（S7→S2/S2→S3/S8→S4/S4→S5/S9→S6/S10→S7/S5→S8/S6→S9/S11→S10/S12→S11/S3→S12；数值零改动）
Figure_S6G.csv,Figure_S9G.csv,Supplementary,2026-09-05(二次),CDD 适配二次重排：附图按正文首次引用顺序严格升序重编号（S7→S2/S2→S3/S8→S4/S4→S5/S9→S6/S10→S7/S5→S8/S6→S9/S11→S10/S12→S11/S3→S12；数值零改动）
Figure_S6H.csv,Figure_S9H.csv,Supplementary,2026-09-05(二次),CDD 适配二次重排：附图按正文首次引用顺序严格升序重编号（S7→S2/S2→S3/S8→S4/S4→S5/S9→S6/S10→S7/S5→S8/S6→S9/S11→S10/S12→S11/S3→S12；数值零改动）
Figure_S7A.csv,Figure_S2A.csv,Supplementary,2026-09-05(二次),CDD 适配二次重排：附图按正文首次引用顺序严格升序重编号（S7→S2/S2→S3/S8→S4/S4→S5/S9→S6/S10→S7/S5→S8/S6→S9/S11→S10/S12→S11/S3→S12；数值零改动）
Figure_S7B.csv,Figure_S2B.csv,Supplementary,2026-09-05(二次),CDD 适配二次重排：附图按正文首次引用顺序严格升序重编号（S7→S2/S2→S3/S8→S4/S4→S5/S9→S6/S10→S7/S5→S8/S6→S9/S11→S10/S12→S11/S3→S12；数值零改动）
Figure_S7C.csv,Figure_S2C.csv,Supplementary,2026-09-05(二次),CDD 适配二次重排：附图按正文首次引用顺序严格升序重编号（S7→S2/S2→S3/S8→S4/S4→S5/S9→S6/S10→S7/S5→S8/S6→S9/S11→S10/S12→S11/S3→S12；数值零改动）
Figure_S7D.csv,Figure_S2D.csv,Supplementary,2026-09-05(二次),CDD 适配二次重排：附图按正文首次引用顺序严格升序重编号（S7→S2/S2→S3/S8→S4/S4→S5/S9→S6/S10→S7/S5→S8/S6→S9/S11→S10/S12→S11/S3→S12；数值零改动）
Figure_S7E.csv,Figure_S2E.csv,Supplementary,2026-09-05(二次),CDD 适配二次重排：附图按正文首次引用顺序严格升序重编号（S7→S2/S2→S3/S8→S4/S4→S5/S9→S6/S10→S7/S5→S8/S6→S9/S11→S10/S12→S11/S3→S12；数值零改动）
Figure_S7F.csv,Figure_S2F.csv,Supplementary,2026-09-05(二次),CDD 适配二次重排：附图按正文首次引用顺序严格升序重编号（S7→S2/S2→S3/S8→S4/S4→S5/S9→S6/S10→S7/S5→S8/S6→S9/S11→S10/S12→S11/S3→S12；数值零改动）
Figure_S7G.csv,Figure_S2G.csv,Supplementary,2026-09-05(二次),CDD 适配二次重排：附图按正文首次引用顺序严格升序重编号（S7→S2/S2→S3/S8→S4/S4→S5/S9→S6/S10→S7/S5→S8/S6→S9/S11→S10/S12→S11/S3→S12；数值零改动）
Figure_S8A.csv,Figure_S4A.csv,Supplementary,2026-09-05(二次),CDD 适配二次重排：附图按正文首次引用顺序严格升序重编号（S7→S2/S2→S3/S8→S4/S4→S5/S9→S6/S10→S7/S5→S8/S6→S9/S11→S10/S12→S11/S3→S12；数值零改动）
Figure_S8B.csv,Figure_S4B.csv,Supplementary,2026-09-05(二次),CDD 适配二次重排：附图按正文首次引用顺序严格升序重编号（S7→S2/S2→S3/S8→S4/S4→S5/S9→S6/S10→S7/S5→S8/S6→S9/S11→S10/S12→S11/S3→S12；数值零改动）
Figure_S8C.csv,Figure_S4C.csv,Supplementary,2026-09-05(二次),CDD 适配二次重排：附图按正文首次引用顺序严格升序重编号（S7→S2/S2→S3/S8→S4/S4→S5/S9→S6/S10→S7/S5→S8/S6→S9/S11→S10/S12→S11/S3→S12；数值零改动）
Figure_S8D.csv,Figure_S4D.csv,Supplementary,2026-09-05(二次),CDD 适配二次重排：附图按正文首次引用顺序严格升序重编号（S7→S2/S2→S3/S8→S4/S4→S5/S9→S6/S10→S7/S5→S8/S6→S9/S11→S10/S12→S11/S3→S12；数值零改动）
Figure_S8E.csv,Figure_S4E.csv,Supplementary,2026-09-05(二次),CDD 适配二次重排：附图按正文首次引用顺序严格升序重编号（S7→S2/S2→S3/S8→S4/S4→S5/S9→S6/S10→S7/S5→S8/S6→S9/S11→S10/S12→S11/S3→S12；数值零改动）
Figure_S9A.csv,Figure_S6A.csv,Supplementary,2026-09-05(二次),CDD 适配二次重排：附图按正文首次引用顺序严格升序重编号（S7→S2/S2→S3/S8→S4/S4→S5/S9→S6/S10→S7/S5→S8/S6→S9/S11→S10/S12→S11/S3→S12；数值零改动）
Figure_S9B.csv,Figure_S6B.csv,Supplementary,2026-09-05(二次),CDD 适配二次重排：附图按正文首次引用顺序严格升序重编号（S7→S2/S2→S3/S8→S4/S4→S5/S9→S6/S10→S7/S5→S8/S6→S9/S11→S10/S12→S11/S3→S12；数值零改动）
Figure_S9C.csv,Figure_S6C.csv,Supplementary,2026-09-05(二次),CDD 适配二次重排：附图按正文首次引用顺序严格升序重编号（S7→S2/S2→S3/S8→S4/S4→S5/S9→S6/S10→S7/S5→S8/S6→S9/S11→S10/S12→S11/S3→S12；数值零改动）
Figure_S9D.csv,Figure_S6D.csv,Supplementary,2026-09-05(二次),CDD 适配二次重排：附图按正文首次引用顺序严格升序重编号（S7→S2/S2→S3/S8→S4/S4→S5/S9→S6/S10→S7/S5→S8/S6→S9/S11→S10/S12→S11/S3→S12；数值零改动）
Figure_S9E.csv,Figure_S6E.csv,Supplementary,2026-09-05(二次),CDD 适配二次重排：附图按正文首次引用顺序严格升序重编号（S7→S2/S2→S3/S8→S4/S4→S5/S9→S6/S10→S7/S5→S8/S6→S9/S11→S10/S12→S11/S3→S12；数值零改动）
Figure_S9F.csv,Figure_S6F.csv,Supplementary,2026-09-05(二次),CDD 适配二次重排：附图按正文首次引用顺序严格升序重编号（S7→S2/S2→S3/S8→S4/S4→S5/S9→S6/S10→S7/S5→S8/S6→S9/S11→S10/S12→S11/S3→S12；数值零改动）
Figure_S9G.csv,Figure_S6G.csv,Supplementary,2026-09-05(二次),CDD 适配二次重排：附图按正文首次引用顺序严格升序重编号（S7→S2/S2→S3/S8→S4/S4→S5/S9→S6/S10→S7/S5→S8/S6→S9/S11→S10/S12→S11/S3→S12；数值零改动）
Figure_S9H.csv,Figure_S6H.csv,Supplementary,2026-09-05(二次),CDD 适配二次重排：附图按正文首次引用顺序严格升序重编号（S7→S2/S2→S3/S8→S4/S4→S5/S9→S6/S10→S7/S5→S8/S6→S9/S11→S10/S12→S11/S3→S12；数值零改动）
Figure_S9I.csv,Figure_S6I.csv,Supplementary,2026-09-05(二次),CDD 适配二次重排：附图按正文首次引用顺序严格升序重编号（S7→S2/S2→S3/S8→S4/S4→S5/S9→S6/S10→S7/S5→S8/S6→S9/S11→S10/S12→S11/S3→S12；数值零改动）
