实验,样本,组,基因,臂,Cq均值,内参Cq(Gapdh),内参Cq(Actb),ΔCq
W1,BL-101,Control,IL1B,ex,28.81,22.32,22.13,6.580
W1,BL-102,LPS+DFX,IL1B,ex,26.50,22.45,21.63,4.460
W1,BL-103,LPS,IL1B,ex,25.96,22.39,21.66,3.940
W1,BL-104,DFX,IL1B,ex,29.34,22.88,22.49,6.660
W1,BL-105,Control,IL1B,ex,29.23,22.71,21.62,7.070
W1,BL-106,LPS,IL1B,ex,26.00,22.95,21.88,3.590
W1,BL-107,DFX,IL1B,ex,28.84,22.24,21.42,7.010
W1,BL-108,LPS+DFX,IL1B,ex,26.70,22.24,21.32,4.920
W1,BL-109,LPS,IL1B,ex,25.99,22.53,21.70,3.870
W1,BL-110,Control,IL1B,ex,28.25,21.87,21.48,6.570
W1,BL-111,DFX,IL1B,ex,28.41,22.26,22.13,6.210
W1,BL-112,LPS+DFX,IL1B,ex,26.07,22.06,21.60,4.240
W1,BL-113,Control,IL1B,ex,28.16,22.53,21.88,5.960
W1,BL-114,LPS,IL1B,ex,26.06,22.48,21.23,4.200
W1,BL-115,LPS+DFX,IL1B,ex,26.56,22.38,21.95,4.400
W1,BL-116,DFX,IL1B,ex,28.54,22.56,21.83,6.340
W1,BL-117,LPS+DFX,IL1B,ex,26.91,22.60,21.48,4.870
W1,BL-118,DFX,IL1B,ex,29.33,22.28,21.81,7.280
W1,BL-119,Control,IL1B,ex,28.81,22.69,21.66,6.630
W1,BL-120,LPS,IL1B,ex,25.63,22.68,21.99,3.290
W1,BL-121,LPS+DFX,IL1B,ex,26.87,22.41,21.69,4.820
W1,BL-122,DFX,IL1B,ex,28.44,21.98,21.10,6.900
W1,BL-123,Control,IL1B,ex,29.62,22.54,21.98,7.360
W1,BL-124,LPS,IL1B,ex,26.30,22.32,21.77,4.250
W1,BL-125,DFX,IL1B,ex,29.52,22.82,21.64,7.290
W1,BL-126,LPS,IL1B,ex,25.93,22.50,21.54,3.910
W1,BL-127,LPS+DFX,IL1B,ex,26.91,22.40,21.68,4.870
W1,BL-128,Control,IL1B,ex,28.36,22.07,20.94,6.850
W1,BL-129,DFX,IL1B,ex,27.66,22.32,21.61,5.700
W1,BL-130,LPS,IL1B,ex,25.69,22.53,21.96,3.440
W1,BL-131,LPS+DFX,IL1B,ex,27.23,22.92,22.05,4.750
W1,BL-132,Control,IL1B,ex,28.55,22.31,21.66,6.570
W1,BL-101,Control,NLRP3,ex,27.58,22.40,22.13,5.310
W1,BL-102,LPS+DFX,NLRP3,ex,25.50,22.62,21.63,3.380
W1,BL-103,LPS,NLRP3,ex,25.44,22.39,21.66,3.420
W1,BL-104,DFX,NLRP3,ex,27.80,23.23,22.49,4.940
W1,BL-105,Control,NLRP3,ex,27.47,22.67,21.62,5.320
W1,BL-106,LPS,NLRP3,ex,26.73,23.21,21.88,4.180
W1,BL-107,DFX,NLRP3,ex,27.23,22.48,21.42,5.280
W1,BL-108,LPS+DFX,NLRP3,ex,25.89,22.50,21.32,3.980
W1,BL-109,LPS,NLRP3,ex,25.24,22.74,21.70,3.020
W1,BL-110,Control,NLRP3,ex,26.47,21.91,21.48,4.770
W1,BL-111,DFX,NLRP3,ex,27.42,22.45,22.13,5.130
W1,BL-112,LPS+DFX,NLRP3,ex,24.79,22.25,21.60,2.860
W1,BL-113,Control,NLRP3,ex,27.77,22.57,21.88,5.540
W1,BL-114,LPS,NLRP3,ex,25.64,22.65,21.23,3.700
W1,BL-115,LPS+DFX,NLRP3,ex,25.77,22.82,21.95,3.390
W1,BL-116,DFX,NLRP3,ex,27.29,22.81,21.83,4.970
W1,BL-117,LPS+DFX,NLRP3,ex,25.77,22.72,21.48,3.670
W1,BL-118,DFX,NLRP3,ex,27.52,22.55,21.81,5.340
W1,BL-119,Control,NLRP3,ex,27.83,22.72,21.66,5.640
W1,BL-120,LPS,NLRP3,ex,25.73,22.83,21.99,3.320
W1,BL-121,LPS+DFX,NLRP3,ex,26.14,22.53,21.69,4.030
W1,BL-122,DFX,NLRP3,ex,27.41,22.10,21.10,5.810
W1,BL-123,Control,NLRP3,ex,27.62,22.65,21.98,5.310
W1,BL-124,LPS,NLRP3,ex,24.70,22.33,21.77,2.650
W1,BL-125,DFX,NLRP3,ex,28.16,23.13,21.64,5.780
W1,BL-126,LPS,NLRP3,ex,25.08,22.88,21.54,2.870
W1,BL-127,LPS+DFX,NLRP3,ex,25.83,22.47,21.68,3.760
W1,BL-128,Control,NLRP3,ex,27.24,22.21,20.94,5.660
W1,BL-129,DFX,NLRP3,ex,26.48,22.25,21.61,4.550
W1,BL-130,LPS,NLRP3,ex,25.12,22.51,21.96,2.890
W1,BL-131,LPS+DFX,NLRP3,ex,26.13,23.26,22.05,3.470
W1,BL-132,Control,NLRP3,ex,27.45,22.37,21.66,5.430
W1,BL-101,Control,GSDMD,ex,25.49,22.48,22.13,3.190
W1,BL-102,LPS+DFX,GSDMD,ex,25.08,22.74,21.63,2.900
W1,BL-103,LPS,GSDMD,ex,24.27,22.46,21.66,2.210
W1,BL-104,DFX,GSDMD,ex,26.44,23.20,22.49,3.600
W1,BL-105,Control,GSDMD,ex,26.16,23.06,21.62,3.820
W1,BL-106,LPS,GSDMD,ex,24.70,22.95,21.88,2.290
W1,BL-107,DFX,GSDMD,ex,25.18,22.61,21.42,3.160
W1,BL-108,LPS+DFX,GSDMD,ex,24.62,22.42,21.32,2.750
W1,BL-109,LPS,GSDMD,ex,24.09,22.62,21.70,1.930
W1,BL-110,Control,GSDMD,ex,25.38,21.90,21.48,3.690
W1,BL-111,DFX,GSDMD,ex,25.62,22.60,22.13,3.250
W1,BL-112,LPS+DFX,GSDMD,ex,24.03,22.23,21.60,2.120
W1,BL-113,Control,GSDMD,ex,25.33,22.76,21.88,3.010
W1,BL-114,LPS,GSDMD,ex,24.05,22.77,21.23,2.050
W1,BL-115,LPS+DFX,GSDMD,ex,24.81,22.60,21.95,2.540
W1,BL-116,DFX,GSDMD,ex,26.13,22.69,21.83,3.870
W1,BL-117,LPS+DFX,GSDMD,ex,25.32,22.73,21.48,3.210
W1,BL-118,DFX,GSDMD,ex,25.77,22.69,21.81,3.520
W1,BL-119,Control,GSDMD,ex,25.38,22.82,21.66,3.140
W1,BL-120,LPS,GSDMD,ex,24.40,22.88,21.99,1.970
W1,BL-121,LPS+DFX,GSDMD,ex,24.39,22.57,21.69,2.260
W1,BL-122,DFX,GSDMD,ex,24.80,22.45,21.10,3.030
W1,BL-123,Control,GSDMD,ex,26.01,22.67,21.98,3.680
W1,BL-124,LPS,GSDMD,ex,23.72,22.37,21.77,1.650
W1,BL-125,DFX,GSDMD,ex,26.33,22.90,21.64,4.060
W1,BL-126,LPS,GSDMD,ex,23.91,22.80,21.54,1.740
W1,BL-127,LPS+DFX,GSDMD,ex,24.59,22.56,21.68,2.470
W1,BL-128,Control,GSDMD,ex,25.62,22.27,20.94,4.010
W1,BL-129,DFX,GSDMD,ex,26.29,22.18,21.61,4.400
W1,BL-130,LPS,GSDMD,ex,23.69,22.89,21.96,1.260
W1,BL-131,LPS+DFX,GSDMD,ex,24.55,23.44,22.05,1.800
W1,BL-132,Control,GSDMD,ex,25.51,22.24,21.66,3.560
W1,BL-101,Control,CASP4,ex,26.91,22.77,22.13,4.460
W1,BL-102,LPS+DFX,CASP4,ex,25.52,22.57,21.63,3.420
W1,BL-103,LPS,CASP4,ex,24.35,22.88,21.66,2.080
W1,BL-104,DFX,CASP4,ex,27.07,23.44,22.49,4.110
W1,BL-105,Control,CASP4,ex,26.79,22.97,21.62,4.490
W1,BL-106,LPS,CASP4,ex,25.42,23.26,21.88,2.850
W1,BL-107,DFX,CASP4,ex,25.91,22.50,21.42,3.950
W1,BL-108,LPS+DFX,CASP4,ex,25.27,22.56,21.32,3.330
W1,BL-109,LPS,CASP4,ex,25.49,22.81,21.70,3.240
W1,BL-110,Control,CASP4,ex,26.02,22.12,21.48,4.220
W1,BL-111,DFX,CASP4,ex,26.52,22.61,22.13,4.150
W1,BL-112,LPS+DFX,CASP4,ex,25.49,22.47,21.60,3.450
W1,BL-113,Control,CASP4,ex,26.95,22.76,21.88,4.630
W1,BL-114,LPS,CASP4,ex,25.11,22.55,21.23,3.220
W1,BL-115,LPS+DFX,CASP4,ex,25.70,22.79,21.95,3.330
W1,BL-116,DFX,CASP4,ex,25.94,22.80,21.83,3.630
W1,BL-117,LPS+DFX,CASP4,ex,25.29,22.86,21.48,3.120
W1,BL-118,DFX,CASP4,ex,26.07,22.51,21.81,3.910
W1,BL-119,Control,CASP4,ex,26.52,22.93,21.66,4.220
W1,BL-120,LPS,CASP4,ex,24.92,23.12,21.99,2.370
W1,BL-121,LPS+DFX,CASP4,ex,24.94,22.70,21.69,2.740
W1,BL-122,DFX,CASP4,ex,26.55,22.57,21.10,4.710
W1,BL-123,Control,CASP4,ex,26.91,22.72,21.98,4.560
W1,BL-124,LPS,CASP4,ex,24.80,22.57,21.77,2.630
W1,BL-125,DFX,CASP4,ex,27.59,23.24,21.64,5.150
W1,BL-126,LPS,CASP4,ex,25.20,22.65,21.54,3.110
W1,BL-127,LPS+DFX,CASP4,ex,25.88,22.78,21.68,3.650
W1,BL-128,Control,CASP4,ex,26.00,22.74,20.94,4.160
W1,BL-129,DFX,CASP4,ex,26.38,22.30,21.61,4.430
W1,BL-130,LPS,CASP4,ex,24.66,22.76,21.96,2.300
W1,BL-131,LPS+DFX,CASP4,ex,25.68,23.25,22.05,3.030
W1,BL-132,Control,CASP4,ex,26.31,22.38,21.66,4.290
W1,BL-101,Control,PYCARD,ex,27.05,22.68,22.13,4.640
W1,BL-102,LPS+DFX,PYCARD,ex,26.23,22.66,21.63,4.090
W1,BL-103,LPS,PYCARD,ex,25.47,22.55,21.66,3.360
W1,BL-104,DFX,PYCARD,ex,27.80,23.44,22.49,4.840
W1,BL-105,Control,PYCARD,ex,27.00,23.10,21.62,4.640
W1,BL-106,LPS,PYCARD,ex,26.34,23.25,21.88,3.780
W1,BL-107,DFX,PYCARD,ex,26.66,22.49,21.42,4.710
W1,BL-108,LPS+DFX,PYCARD,ex,25.79,22.76,21.32,3.750
W1,BL-109,LPS,PYCARD,ex,26.34,22.89,21.70,4.040
W1,BL-110,Control,PYCARD,ex,26.75,22.07,21.48,4.980
W1,BL-111,DFX,PYCARD,ex,26.65,22.66,22.13,4.260
W1,BL-112,LPS+DFX,PYCARD,ex,26.01,22.42,21.60,4.000
W1,BL-113,Control,PYCARD,ex,26.85,22.71,21.88,4.550
W1,BL-114,LPS,PYCARD,ex,25.70,22.72,21.23,3.720
W1,BL-115,LPS+DFX,PYCARD,ex,26.27,22.73,21.95,3.930
W1,BL-116,DFX,PYCARD,ex,27.02,23.00,21.83,4.610
W1,BL-117,LPS+DFX,PYCARD,ex,26.43,22.93,21.48,4.230
W1,BL-118,DFX,PYCARD,ex,26.91,22.46,21.81,4.780
W1,BL-119,Control,PYCARD,ex,27.54,22.81,21.66,5.310
W1,BL-120,LPS,PYCARD,ex,25.85,23.04,21.99,3.330
W1,BL-121,LPS+DFX,PYCARD,ex,26.32,22.77,21.69,4.090
W1,BL-122,DFX,PYCARD,ex,26.34,22.44,21.10,4.570
W1,BL-123,Control,PYCARD,ex,27.15,22.73,21.98,4.790
W1,BL-124,LPS,PYCARD,ex,25.59,22.84,21.77,3.290
W1,BL-125,DFX,PYCARD,ex,27.28,23.24,21.64,4.840
W1,BL-126,LPS,PYCARD,ex,25.90,22.68,21.54,3.790
W1,BL-127,LPS+DFX,PYCARD,ex,25.96,22.81,21.68,3.720
W1,BL-128,Control,PYCARD,ex,26.99,22.51,20.94,5.260
W1,BL-129,DFX,PYCARD,ex,26.52,22.67,21.61,4.380
W1,BL-130,LPS,PYCARD,ex,25.93,22.53,21.96,3.680
W1,BL-131,LPS+DFX,PYCARD,ex,26.53,23.28,22.05,3.870
W1,BL-132,Control,PYCARD,ex,26.91,22.40,21.66,4.880
W1,BL-101,Control,CASP1,ex,26.95,22.67,22.13,4.550
W1,BL-102,LPS+DFX,CASP1,ex,25.27,22.76,21.63,3.070
W1,BL-103,LPS,CASP1,ex,25.16,22.50,21.66,3.080
W1,BL-104,DFX,CASP1,ex,26.92,23.50,22.49,3.930
W1,BL-105,Control,CASP1,ex,26.46,22.91,21.62,4.190
W1,BL-106,LPS,CASP1,ex,25.52,23.24,21.88,2.960
W1,BL-107,DFX,CASP1,ex,26.07,22.33,21.42,4.190
W1,BL-108,LPS+DFX,CASP1,ex,25.04,22.57,21.32,3.090
W1,BL-109,LPS,CASP1,ex,24.76,22.73,21.70,2.550
W1,BL-110,Control,CASP1,ex,26.11,22.06,21.48,4.340
W1,BL-111,DFX,CASP1,ex,26.56,22.48,22.13,4.260
W1,BL-112,LPS+DFX,CASP1,ex,24.96,22.17,21.60,3.070
W1,BL-113,Control,CASP1,ex,25.71,22.61,21.88,3.470
W1,BL-114,LPS,CASP1,ex,25.05,22.78,21.23,3.040
W1,BL-115,LPS+DFX,CASP1,ex,25.49,22.65,21.95,3.190
W1,BL-116,DFX,CASP1,ex,26.75,22.52,21.83,4.580
W1,BL-117,LPS+DFX,CASP1,ex,25.98,22.63,21.48,3.930
W1,BL-118,DFX,CASP1,ex,25.67,22.62,21.81,3.460
W1,BL-119,Control,CASP1,ex,25.92,22.82,21.66,3.680
W1,BL-120,LPS,CASP1,ex,24.98,23.02,21.99,2.480
W1,BL-121,LPS+DFX,CASP1,ex,25.55,22.65,21.69,3.380
W1,BL-122,DFX,CASP1,ex,25.90,22.43,21.10,4.130
W1,BL-123,Control,CASP1,ex,26.49,22.78,21.98,4.110
W1,BL-124,LPS,CASP1,ex,24.89,22.50,21.77,2.760
W1,BL-125,DFX,CASP1,ex,26.34,23.31,21.64,3.860
W1,BL-126,LPS,CASP1,ex,24.80,22.82,21.54,2.620
W1,BL-127,LPS+DFX,CASP1,ex,25.84,22.66,21.68,3.670
W1,BL-128,Control,CASP1,ex,26.26,22.44,20.94,4.570
W1,BL-129,DFX,CASP1,ex,25.36,22.41,21.61,3.350
W1,BL-130,LPS,CASP1,ex,25.10,22.66,21.96,2.790
W1,BL-131,LPS+DFX,CASP1,ex,25.78,23.21,22.05,3.150
W1,BL-132,Control,CASP1,ex,26.48,22.38,21.66,4.460
