geneset,n_genes_avail,n_genes_total,coverage,contrast,n_case,n_ctrl,diff,hedges_g,Welch_p,OLS_p_adj,beta_adj,BH_q,panel,gene_set_version,score_version
IIAMD_up,3505,3615.0,0.9695712309820194,ARDS_d0_vs_Control,18,34,-0.8471722655904671,-0.6454947610592286,0.0740471035534954,0.0127808409400838,-0.6252189887708843,0.1234118392558257,GSE32707_ARDSd0_vs_Control,NA,p2panels_v1.0
IIAMD_down,3696,3819.0,0.9677926158680282,ARDS_d0_vs_Control,18,34,-0.2018698433552734,-0.1527636488798387,0.6675678630650215,0.0491545093276703,-0.4221734860708505,0.741742070072246,GSE32707_ARDSd0_vs_Control,NA,p2panels_v1.0
cell_cycle,23,23.0,1.0,ARDS_d0_vs_Control,18,34,-0.8246650022280102,-0.5814779086529546,0.0117357583512531,0.1192187133082132,-0.2468215648533088,0.0419661680619113,GSE32707_ARDSd0_vs_Control,NA,p2panels_v1.0
hypoxia,17,18.0,0.9444444444444444,ARDS_d0_vs_Control,18,34,-1.1799452997641335,-0.8517259022447303,0.0044002464023139,0.0129136764798451,-0.5310622588091232,0.0419661680619113,GSE32707_ARDSd0_vs_Control,NA,p2panels_v1.0
inflammation,20,20.0,1.0,ARDS_d0_vs_Control,18,34,0.8071297222227636,0.6119225800266029,0.0271898843895169,0.8474030831887731,0.0184328762973892,0.0543797687790338,GSE32707_ARDSd0_vs_Control,NA,p2panels_v1.0
interferon,25,25.0,1.0,ARDS_d0_vs_Control,18,34,0.4625310812256996,0.3904561503103743,0.2825919749556931,0.3924213554520366,0.1930660449726753,0.4037028213652758,GSE32707_ARDSd0_vs_Control,NA,p2panels_v1.0
mito_stress_oxphos,19,36.0,0.5277777777777778,ARDS_d0_vs_Control,18,34,-1.0969858193281723,-0.8299833467682195,0.0125898504185733,0.0027877888975267,-0.7262534557852873,0.0419661680619113,GSE32707_ARDSd0_vs_Control,NA,p2panels_v1.0
pyroptosis_necroptosis_ferroptosis,20,21.0,0.9523809523809524,ARDS_d0_vs_Control,18,34,0.320970367354817,0.2548932477887611,0.4465935997213199,0.3770294093807372,-0.1466382135448475,0.5582419996516499,GSE32707_ARDSd0_vs_Control,NA,p2panels_v1.0
technical_mt_ribo,25,38.0,0.6578947368421053,ARDS_d0_vs_Control,18,34,-1.128001391621838,-0.8633630780335493,0.0222510354410504,0.0005872598232844,-0.8531475553143156,0.0543797687790338,GSE32707_ARDSd0_vs_Control,NA,p2panels_v1.0
anchor_mechanism,19,19.0,1.0,ARDS_d0_vs_Control,18,34,0.0861557748914074,0.0647845917945641,0.8478746751646983,0.0587783898118073,-0.3162015768359347,0.8478746751646982,GSE32707_ARDSd0_vs_Control,NA,p2panels_v1.0
IIAMD_up,3614,,0.9997233748271092,SepsisCOVID_vs_Control,82,44,-1.2548685969351203,-1.984743203148517,4.5182004285234904e-24,0.4988926007068334,,,GSE185263_SepsisCOVID_vs_Control,NA,p2panels_v1.0
IIAMD_down,3818,,0.9997381513485204,SepsisCOVID_vs_Control,82,44,-1.0344609936317068,-1.4851049410193902,2.0227397556644838e-16,0.5572570166233832,,,GSE185263_SepsisCOVID_vs_Control,NA,p2panels_v1.0
cell_cycle,23,,1.0,SepsisCOVID_vs_Control,82,44,0.2374196965673378,0.3391063659034524,0.0221047666372337,0.7501130323004692,,,GSE185263_SepsisCOVID_vs_Control,NA,p2panels_v1.0
hypoxia,17,,0.9444444444444444,SepsisCOVID_vs_Control,82,44,0.9386381967741853,1.190755551032346,2.41142857372098e-12,1.1723351597584932e-08,,,GSE185263_SepsisCOVID_vs_Control,NA,p2panels_v1.0
inflammation,20,,1.0,SepsisCOVID_vs_Control,82,44,1.313010148505395,1.8432605354605964,1.9235133305935801e-22,5.83405659995033e-11,,,GSE185263_SepsisCOVID_vs_Control,NA,p2panels_v1.0
interferon,24,,0.96,SepsisCOVID_vs_Control,82,44,0.1438388307324753,0.1522135448597962,0.2938013648566415,0.000876510825031,,,GSE185263_SepsisCOVID_vs_Control,NA,p2panels_v1.0
mito_stress_oxphos,36,,1.0,SepsisCOVID_vs_Control,82,44,-1.6586752740661304,-2.4751182782457173,1.9172478627916474e-31,4.564814767328572e-16,,,GSE185263_SepsisCOVID_vs_Control,NA,p2panels_v1.0
pyroptosis_necroptosis_ferroptosis,21,,1.0,SepsisCOVID_vs_Control,82,44,1.5868623658858014,2.4940420816801896,1.1906227289206804e-27,0.001720056691541,,,GSE185263_SepsisCOVID_vs_Control,NA,p2panels_v1.0
technical_mt_ribo,38,,1.0,SepsisCOVID_vs_Control,82,44,-1.5445908380712607,-2.079063195051273,4.518349869360801e-24,1.0683874189667555e-10,,,GSE185263_SepsisCOVID_vs_Control,NA,p2panels_v1.0
anchor_mechanism,19,,1.0,SepsisCOVID_vs_Control,82,44,0.6977515705486149,0.8426924999987625,7.4121483142614e-06,1.685880353958533e-08,,,GSE185263_SepsisCOVID_vs_Control,NA,p2panels_v1.0
