family,n_ctrl,n_case,MW_p,Cliff_delta,Cliff_lo,Cliff_hi,Hedges_g,g_SE,contrast,dataset
UCS,47,181,5.062172785069191e-10,-0.5890443164452803,-0.7117726578112143,-0.4522099447513812,-0.9952088755613416,0.1702159707995419,SepticShock_vs_Control,GSE66099
EIS,47,181,4.587468027793821e-22,0.9148936170212766,0.8610379687316327,0.9583930880451392,2.2808850696802043,0.1954745764487164,SepticShock_vs_Control,GSE66099
MDI,47,181,1.732667028592515e-22,0.92429763723992,0.8765722346303044,0.9659104267074174,2.1722331427420083,0.1927414269976422,SepticShock_vs_Control,GSE66099
MDI_nomt,47,181,5.98571631025082e-22,0.9123075114611496,0.8601151992476784,0.9590983895615376,2.135264015875153,0.1918333586372645,SepticShock_vs_Control,GSE66099
UCS_comp,47,181,8.15292395379715e-19,-0.8391912542611967,-0.9073880333842718,-0.7575996238391913,-1.814126339978794,0.18444154124,SepticShock_vs_Control,GSE66099
EIS_comp,47,181,2.006383513402499e-22,0.9228870342071236,0.8737392735394381,0.9652168802162924,2.482123177686125,0.2007791847291868,SepticShock_vs_Control,GSE66099
MDI_comp,47,181,1.8195276194443796e-22,0.923827436228988,0.875396732102974,0.9656753262019512,2.394955690693883,0.1984439325813932,SepticShock_vs_Control,GSE66099
MDI_resid,47,181,0.1050858254715772,0.1536381803220877,-0.0074526860232749,0.3243387798283765,0.260771093387244,0.164166329855132,SepticShock_vs_Control,GSE66099
UCS,47,18,7.013286961713249e-06,-0.7257683215130024,-0.8959810874704491,-0.5129432624113478,-1.6723771651012624,0.3136022106891132,Sepsis_vs_Control,GSE66099
EIS,47,18,2.876309741545705e-08,0.8959810874704491,0.7375886524822695,0.9905437352245864,2.351244018912347,0.3454821391966018,Sepsis_vs_Control,GSE66099
MDI,47,18,3.0300254476163843e-09,0.9574468085106383,0.8841607565011821,1.0,3.04969238878122,0.3851952884848535,Sepsis_vs_Control,GSE66099
MDI_nomt,47,18,2.7709349553998636e-09,0.9598108747044918,0.8936170212765957,1.0,2.9426506810497477,0.3787364894743215,Sepsis_vs_Control,GSE66099
UCS_comp,47,18,7.9883754325148e-09,-0.9314420803782506,-0.9929078014184396,-0.8415484633569743,-2.425376184058285,0.3494020089681563,Sepsis_vs_Control,GSE66099
EIS_comp,47,18,4.323302649200645e-09,0.9479905437352246,0.874645390070922,0.9976359338061466,2.628857644738692,0.3605452301225059,Sepsis_vs_Control,GSE66099
MDI_comp,47,18,1.2278573805341435e-09,0.9810874704491724,0.9385342789598108,1.0,2.929696804988517,0.3779631955850347,Sepsis_vs_Control,GSE66099
MDI_resid,47,18,0.6337542086120815,0.0780141843971631,-0.2719267139479905,0.4184397163120567,0.1003881340603712,0.277325932190472,Sepsis_vs_Control,GSE66099
UCS,47,30,8.805282823042299e-06,-0.6042553191489362,-0.8099290780141843,-0.3787234042553191,-1.1361463530967806,0.2509819367131709,SIRS_vs_Control,GSE66099
EIS,47,30,8.373932660228103e-09,0.7829787234042553,0.6042553191489362,0.9304964539007092,1.875982700872482,0.2783210349926791,SIRS_vs_Control,GSE66099
MDI,47,30,3.954135120373874e-09,0.8,0.6113475177304964,0.9432624113475178,2.068605490982937,0.2870478687096846,SIRS_vs_Control,GSE66099
MDI_nomt,47,30,5.415546869747618e-09,0.7929078014184398,0.6084751773049645,0.9361702127659576,1.9502804807875729,0.2816178103659167,SIRS_vs_Control,GSE66099
UCS_comp,47,30,4.544330862773819e-08,-0.7432624113475177,-0.9135106382978724,-0.5333333333333333,-1.7146853550931125,0.2714807274136514,SIRS_vs_Control,GSE66099
EIS_comp,47,30,1.0250601249485351e-09,0.8297872340425532,0.6368439716312057,0.9716312056737588,2.113911450149151,0.2891832508609025,SIRS_vs_Control,GSE66099
MDI_comp,47,30,1.3304502101233816e-09,0.8241134751773049,0.6283687943262412,0.9787234042553192,2.072381273557925,0.2872246645548076,SIRS_vs_Control,GSE66099
MDI_resid,47,30,0.0271575138089039,-0.300709219858156,-0.5461702127659575,-0.0354609929078014,-0.5326812416214188,0.2375972580517253,SIRS_vs_Control,GSE66099
