dataset,cell_type,score,n_case,n_ctrl,diff,p,BH_q,panel,gene_set_version,score_version
GSE145926,DC,up_z,3,3,0.7388193581799614,0.434713779216521,0.5484087200153586,scRNA_donor_level,NA,p2panels_v1.0
GSE145926,DC,dn_z,3,3,0.8808766990588939,0.341641831204392,0.5484087200153586,scRNA_donor_level,NA,p2panels_v1.0
GSE145926,DC,IIAMD_diff,3,3,-0.1420573408789324,0.0416362712202269,0.3734665398524412,scRNA_donor_level,NA,p2panels_v1.0
GSE145926,Mono_c14,up_z,6,3,-0.7940064977534733,0.4439499162029092,0.5484087200153586,scRNA_donor_level,NA,p2panels_v1.0
GSE145926,Mono_c14,dn_z,6,3,-0.5635340120828896,0.5917639326246681,0.6733276697158815,scRNA_donor_level,NA,p2panels_v1.0
GSE145926,Mono_c14,IIAMD_diff,6,3,-0.2304724856705837,0.0754956166133548,0.3734665398524412,scRNA_donor_level,NA,p2panels_v1.0
GSE145926,T_cell,up_z,6,3,1.2200529133965514,0.1386550154694988,0.4031134709635942,scRNA_donor_level,NA,p2panels_v1.0
GSE145926,T_cell,dn_z,6,3,1.3303203549219906,0.0810823971463765,0.3734665398524412,scRNA_donor_level,NA,p2panels_v1.0
GSE145926,T_cell,IIAMD_diff,6,3,-0.1102674415254391,0.3691640705791775,0.5484087200153586,scRNA_donor_level,NA,p2panels_v1.0
GSE158055,B_cell,up_z,19,5,0.2538071726178943,0.4207847569454911,0.5484087200153586,scRNA_donor_level,NA,p2panels_v1.0
GSE158055,B_cell,dn_z,19,5,0.1960633926438089,0.6092012249810357,0.6733276697158815,scRNA_donor_level,NA,p2panels_v1.0
GSE158055,B_cell,IIAMD_diff,19,5,0.0577437799740854,0.9026504295391484,0.9026504295391484,scRNA_donor_level,NA,p2panels_v1.0
GSE158055,Mono_c14,up_z,19,5,-0.4486083784831899,0.0993000408790807,0.3734665398524412,scRNA_donor_level,NA,p2panels_v1.0
GSE158055,Mono_c14,dn_z,19,5,-0.2660666442555209,0.3885170610945567,0.5484087200153586,scRNA_donor_level,NA,p2panels_v1.0
GSE158055,Mono_c14,IIAMD_diff,19,5,-0.1825417342276689,0.4425680238357008,0.5484087200153586,scRNA_donor_level,NA,p2panels_v1.0
GSE158055,NK,up_z,13,5,0.4681537648796669,0.2814798902338428,0.5484087200153586,scRNA_donor_level,NA,p2panels_v1.0
GSE158055,NK,dn_z,13,5,1.365401446942637,0.0111834927654709,0.2348533480748901,scRNA_donor_level,NA,p2panels_v1.0
GSE158055,NK,IIAMD_diff,13,5,-0.8972476820629701,0.106704725672126,0.3734665398524412,scRNA_donor_level,NA,p2panels_v1.0
GSE158055,T_cell,up_z,21,5,0.0759453513839931,0.7808135600617324,0.819854238064819,scRNA_donor_level,NA,p2panels_v1.0
GSE158055,T_cell,dn_z,21,5,0.5226143094302941,0.1535670365575596,0.4031134709635942,scRNA_donor_level,NA,p2panels_v1.0
GSE158055,T_cell,IIAMD_diff,21,5,-0.4466689580463011,0.2302128942841554,0.5371634199963627,scRNA_donor_level,NA,p2panels_v1.0
