subsystem,reaction,disease_median,control_median,delta,p,n_disease,n_control,BH,capacity_saturated,score_version,gene_set_version,score_version
iron_uptake,r1105,0.4446883310367583,0.4438123189159208,0.0008760121208374,0.5888566228235063,291,41,1.0,False,m4gem_v1.1,Mitoxy-80_v1.0,m4gem_v1.1
iron_uptake,FE2t,779.3830179503536,779.8230317371128,-0.4400137867592093,0.3362085626050576,291,41,1.0,False,m4gem_v1.1,Mitoxy-80_v1.0,m4gem_v1.1
iron_uptake,FE2DMT1,779.3830179503395,779.8230317370763,-0.440013786736813,0.330559775013316,291,41,1.0,False,m4gem_v1.1,Mitoxy-80_v1.0,m4gem_v1.1
iron_uptake,FE2tm,776.0464664304008,779.6854863098946,-3.639019879493844,0.2428537478089939,291,41,1.0,False,m4gem_v1.1,Mitoxy-80_v1.0,m4gem_v1.1
iron_storage,r0016,749.9999999999999,749.9999999999999,0.0,0.1365978779796036,291,41,1.0,False,m4gem_v1.1,Mitoxy-80_v1.0,m4gem_v1.1
iron_export,FE3MTP1,1000.0,1000.0,0.0,,291,41,,True,m4gem_v1.1,Mitoxy-80_v1.0,m4gem_v1.1
heme_degradation,HOXG,776.0464664303993,779.6854863098946,-3.639019879495322,0.2449634742108489,291,41,1.0,False,m4gem_v1.1,Mitoxy-80_v1.0,m4gem_v1.1
heme_degradation,HMR_4763,776.0464664303989,779.6854863098927,-3.6390198794937305,0.2393660003008723,291,41,1.0,False,m4gem_v1.1,Mitoxy-80_v1.0,m4gem_v1.1
heme_synthesis,FCLTm,776.0464664304004,779.6854863098923,-3.639019879491912,0.2428537478089939,291,41,1.0,False,m4gem_v1.1,Mitoxy-80_v1.0,m4gem_v1.1
gsh_synthesis,GLUCYS,991.6185714285492,1000.0,-8.381428571450783,0.1144974736924742,291,41,1.0,False,m4gem_v1.1,Mitoxy-80_v1.0,m4gem_v1.1
gsh_synthesis,GTHS,503.4050000000151,509.0407017543908,-5.635701754375702,0.3134570788338617,291,41,1.0,False,m4gem_v1.1,Mitoxy-80_v1.0,m4gem_v1.1
gsh_peroxidase,GTHP,1000.0,1000.0,0.0,,291,41,,True,m4gem_v1.1,Mitoxy-80_v1.0,m4gem_v1.1
gsh_peroxidase,GTHPe,251.7025000000041,254.52035087719517,-2.817850877191006,0.3278518279809514,291,41,1.0,False,m4gem_v1.1,Mitoxy-80_v1.0,m4gem_v1.1
gsh_peroxidase,GTHPm,1000.0,1000.0,0.0,,291,41,,True,m4gem_v1.1,Mitoxy-80_v1.0,m4gem_v1.1
gsh_reductase,GTHO,1000.0,1000.0,0.0,,291,41,,True,m4gem_v1.1,Mitoxy-80_v1.0,m4gem_v1.1
gsh_reductase,GTHOm,1000.0,1000.0,0.0,,291,41,,True,m4gem_v1.1,Mitoxy-80_v1.0,m4gem_v1.1
nadph_ppp,G6PDH2r,1000.0,1000.0,0.0,,291,41,,True,m4gem_v1.1,Mitoxy-80_v1.0,m4gem_v1.1
nadph_ppp,G6PDH2c,1000.0,1000.0,0.0,,291,41,,True,m4gem_v1.1,Mitoxy-80_v1.0,m4gem_v1.1
nadph_ppp,G6PDH2rer,1000.0,1000.0,0.0,,291,41,,True,m4gem_v1.1,Mitoxy-80_v1.0,m4gem_v1.1
nadph_ppp,G6PDA,1000.0,1000.0,0.0,0.6152959496141368,291,41,1.0,False,m4gem_v1.1,Mitoxy-80_v1.0,m4gem_v1.1
ETC_OXPHOS,ATPS4mi,1000.0,1000.0,0.0,,291,41,,True,m4gem_v1.1,Mitoxy-80_v1.0,m4gem_v1.1
ETC_OXPHOS,CYOR_u10mi,833.3333333333333,833.3333333333333,0.0,0.963805760003408,291,41,1.0,False,m4gem_v1.1,Mitoxy-80_v1.0,m4gem_v1.1
ETC_OXPHOS,NADH2_u10mi,1000.0,1000.0,0.0,,291,41,,True,m4gem_v1.1,Mitoxy-80_v1.0,m4gem_v1.1
ETC_OXPHOS,CYOOm3i,416.6666666666666,416.6666666666666,0.0,0.8869513075379758,291,41,1.0,False,m4gem_v1.1,Mitoxy-80_v1.0,m4gem_v1.1
ETC_OXPHOS,CYOOm2i,416.6666666666666,416.6666666666666,0.0,0.6402569937659364,291,41,1.0,False,m4gem_v1.1,Mitoxy-80_v1.0,m4gem_v1.1
glycolysis,GAPD,1000.0,1000.0,0.0,,291,41,,True,m4gem_v1.1,Mitoxy-80_v1.0,m4gem_v1.1
glycolysis,HEX1,1000.0,1000.0,0.0,,291,41,,True,m4gem_v1.1,Mitoxy-80_v1.0,m4gem_v1.1
glycolysis,PGK,1000.0,1000.0,0.0,0.215042763485143,291,41,1.0,False,m4gem_v1.1,Mitoxy-80_v1.0,m4gem_v1.1
glycolysis,LDH_L,1000.0,1000.0,0.0,1.0,291,41,1.0,False,m4gem_v1.1,Mitoxy-80_v1.0,m4gem_v1.1
glycolysis,PFK,1000.0,1000.0,0.0,,291,41,,True,m4gem_v1.1,Mitoxy-80_v1.0,m4gem_v1.1
glycolysis,PYK,1000.0,1000.0,0.0,,291,41,,True,m4gem_v1.1,Mitoxy-80_v1.0,m4gem_v1.1
TCA,ACONTm,1000.0,1000.0,0.0,,291,41,,True,m4gem_v1.1,Mitoxy-80_v1.0,m4gem_v1.1
TCA,AKGDm,1000.0,1000.0,0.0,,291,41,,True,m4gem_v1.1,Mitoxy-80_v1.0,m4gem_v1.1
TCA,CSm,1000.0,1000.0,0.0,,291,41,,True,m4gem_v1.1,Mitoxy-80_v1.0,m4gem_v1.1
TCA,FUMm,1000.0,1000.0,0.0,,291,41,,True,m4gem_v1.1,Mitoxy-80_v1.0,m4gem_v1.1
TCA,ICDHxm,1000.0,1000.0,0.0,,291,41,,True,m4gem_v1.1,Mitoxy-80_v1.0,m4gem_v1.1
TCA,MDHm,1000.0,1000.0,0.0,,291,41,,True,m4gem_v1.1,Mitoxy-80_v1.0,m4gem_v1.1
TCA,SUCOASm,1000.0,1000.0,0.0,0.1251060277005121,291,41,1.0,False,m4gem_v1.1,Mitoxy-80_v1.0,m4gem_v1.1
