gene,n_N,n_C,mean_N,mean_C,C_N_ratio,mmc4_log2FC,mmc4_padj,gene_set_version,score_version
FTH1,19,19,0.9542027307249896,1.3331110938138335,1.3970941927623233,,,Mitoxy-80_v1.0,m4px_v1.0
FTL,19,19,0.8738432646420515,1.114164618982466,1.275016543657696,,,Mitoxy-80_v1.0,m4px_v1.0
GPX4,19,19,0.788616501373031,0.8013869490147042,1.0161934826616474,,,Mitoxy-80_v1.0,m4px_v1.0
SLC40A1,19,19,0.5069368713260148,0.6820363589033719,1.3454068888683168,,,Mitoxy-80_v1.0,m4px_v1.0
ITPR1,19,19,1.3941616143829316,1.313338049179967,0.942027119116504,,,Mitoxy-80_v1.0,m4px_v1.0
HMOX1,19,19,0.930930078706593,1.1200798218226724,1.2031836197396035,,,Mitoxy-80_v1.0,m4px_v1.0
GSR,19,19,0.738890348610333,0.7266698430838205,0.9834610026379472,,,Mitoxy-80_v1.0,m4px_v1.0
GCLM,19,19,1.1670443937171735,1.158211659345902,0.9924315352365144,,,Mitoxy-80_v1.0,m4px_v1.0
NQO1,19,19,2.256933331889755,1.5137463600030416,0.6707093818919168,,,Mitoxy-80_v1.0,m4px_v1.0
SOD2,19,19,0.9277272632263012,0.9268269339638991,0.9990295323872762,1.26143103767753,5.94265290050231e-06,Mitoxy-80_v1.0,m4px_v1.0
TFRC,19,19,1.922975166396407,1.9871683035832872,1.0333821977052238,0.822277922071246,0.0014357258760726,Mitoxy-80_v1.0,m4px_v1.0
TOMM20,19,19,1.1590108570161208,1.2767202177918706,1.1015601882097923,,,Mitoxy-80_v1.0,m4px_v1.0
VDAC1,19,19,0.7579814034627403,0.7325751115286604,0.9664816421379012,0.870000828371601,1.23111748879639e-05,Mitoxy-80_v1.0,m4px_v1.0
HSPA9,19,19,0.7420591842973078,0.7225449231182438,0.9737025542005212,0.915621333076877,1.73599562693149e-06,Mitoxy-80_v1.0,m4px_v1.0
CANX,19,19,1.1533393248252344,1.2495753757541883,1.083441229183386,0.386536873741273,0.0175998197026011,Mitoxy-80_v1.0,m4px_v1.0
GCLC,19,19,0.7741072471654983,0.7530196376654703,0.9727588010870027,-0.767283535079571,0.0089525312648905,Mitoxy-80_v1.0,m4px_v1.0
PRDX3,19,19,0.7912378289982527,0.6860986295503102,0.8671206107763401,1.05511587119965,0.0075159749710107,Mitoxy-80_v1.0,m4px_v1.0
TXN,19,19,1.1705879102710273,1.0534808432450589,0.8999587591854981,,,Mitoxy-80_v1.0,m4px_v1.0
TXNRD2,19,19,0.6968429295910529,0.6244141994309915,0.8960616129052689,0.730333677827883,0.0031915004951393,Mitoxy-80_v1.0,m4px_v1.0
CAT,19,19,0.8542420836363241,0.8566749784475707,1.0028480156361417,-0.759517623281023,0.0155793180096047,Mitoxy-80_v1.0,m4px_v1.0
SLC25A28,19,19,1.4861584754840085,1.810023529181537,1.2179209411648062,,,Mitoxy-80_v1.0,m4px_v1.0
ACO1,19,19,0.2919904498833003,0.3167869719079864,1.0849223734358315,,,Mitoxy-80_v1.0,m4px_v1.0
