子面板,样本,组,数值,指标说明
IL1B_qPCR,BL-201,V2,6.330,IL1B ΔCq（log2 域）
IL1B_qPCR,BL-202,V1,6.100,IL1B ΔCq（log2 域）
IL1B_qPCR,BL-203,V4,3.040,IL1B ΔCq（log2 域）
IL1B_qPCR,BL-204,V3,3.740,IL1B ΔCq（log2 域）
IL1B_qPCR,BL-205,V1,6.590,IL1B ΔCq（log2 域）
IL1B_qPCR,BL-206,V2,6.890,IL1B ΔCq（log2 域）
IL1B_qPCR,BL-207,V3,4.070,IL1B ΔCq（log2 域）
IL1B_qPCR,BL-208,V4,3.040,IL1B ΔCq（log2 域）
IL1B_qPCR,BL-209,V1,6.850,IL1B ΔCq（log2 域）
IL1B_qPCR,BL-210,V3,3.700,IL1B ΔCq（log2 域）
IL1B_qPCR,BL-211,V2,5.970,IL1B ΔCq（log2 域）
IL1B_qPCR,BL-212,V4,3.010,IL1B ΔCq（log2 域）
IL1B_qPCR,BL-213,V3,3.780,IL1B ΔCq（log2 域）
IL1B_qPCR,BL-214,V1,6.920,IL1B ΔCq（log2 域）
IL1B_qPCR,BL-215,V4,2.630,IL1B ΔCq（log2 域）
IL1B_qPCR,BL-216,V2,6.390,IL1B ΔCq（log2 域）
IL1B_qPCR,BL-217,V4,2.400,IL1B ΔCq（log2 域）
IL1B_qPCR,BL-218,V2,6.160,IL1B ΔCq（log2 域）
IL1B_qPCR,BL-219,V1,6.830,IL1B ΔCq（log2 域）
IL1B_qPCR,BL-220,V3,4.200,IL1B ΔCq（log2 域）
IL1B_qPCR,BL-221,V2,6.770,IL1B ΔCq（log2 域）
IL1B_qPCR,BL-222,V4,2.870,IL1B ΔCq（log2 域）
IL1B_qPCR,BL-223,V1,6.720,IL1B ΔCq（log2 域）
IL1B_qPCR,BL-224,V3,3.470,IL1B ΔCq（log2 域）
IL1B_qPCR,BL-225,V3,3.490,IL1B ΔCq（log2 域）
IL1B_qPCR,BL-226,V4,2.390,IL1B ΔCq（log2 域）
IL1B_qPCR,BL-227,V1,7.690,IL1B ΔCq（log2 域）
IL1B_qPCR,BL-228,V2,6.420,IL1B ΔCq（log2 域）
IL1B_qPCR,BL-229,V4,2.050,IL1B ΔCq（log2 域）
IL1B_qPCR,BL-230,V3,3.610,IL1B ΔCq（log2 域）
IL1B_qPCR,BL-231,V2,6.880,IL1B ΔCq（log2 域）
IL1B_qPCR,BL-232,V1,6.620,IL1B ΔCq（log2 域）
BALF_LDH,V2-01,V2,169.4,BALF LDH 浓度/活性 (U/L)
BALF_LDH,V2-02,V1,66.4,BALF LDH 浓度/活性 (U/L)
BALF_LDH,V2-03,V4,592.5,BALF LDH 浓度/活性 (U/L)
BALF_LDH,V2-04,V3,309.3,BALF LDH 浓度/活性 (U/L)
BALF_LDH,V2-05,V1,114.5,BALF LDH 浓度/活性 (U/L)
BALF_LDH,V2-06,V2,120.0,BALF LDH 浓度/活性 (U/L)
BALF_LDH,V2-07,V3,468.5,BALF LDH 浓度/活性 (U/L)
BALF_LDH,V2-08,V4,515.9,BALF LDH 浓度/活性 (U/L)
BALF_LDH,V2-09,V1,88.5,BALF LDH 浓度/活性 (U/L)
BALF_LDH,V2-10,V3,349.8,BALF LDH 浓度/活性 (U/L)
BALF_LDH,V2-11,V2,135.0,BALF LDH 浓度/活性 (U/L)
BALF_LDH,V2-12,V4,578.3,BALF LDH 浓度/活性 (U/L)
BALF_LDH,V2-13,V3,406.6,BALF LDH 浓度/活性 (U/L)
BALF_LDH,V2-14,V1,72.5,BALF LDH 浓度/活性 (U/L)
BALF_LDH,V2-15,V4,794.0,BALF LDH 浓度/活性 (U/L)
BALF_LDH,V2-16,V2,154.1,BALF LDH 浓度/活性 (U/L)
BALF_LDH,V2-18,V2,125.2,BALF LDH 浓度/活性 (U/L)
BALF_LDH,V2-19,V1,86.3,BALF LDH 浓度/活性 (U/L)
BALF_LDH,V2-20,V3,323.6,BALF LDH 浓度/活性 (U/L)
BALF_LDH,V2-21,V2,111.8,BALF LDH 浓度/活性 (U/L)
BALF_LDH,V2-22,V4,701.0,BALF LDH 浓度/活性 (U/L)
BALF_LDH,V2-23,V1,81.2,BALF LDH 浓度/活性 (U/L)
BALF_LDH,V2-24,V3,287.3,BALF LDH 浓度/活性 (U/L)
BALF_LDH,V2-25,V3,360.9,BALF LDH 浓度/活性 (U/L)
BALF_LDH,V2-26,V4,538.7,BALF LDH 浓度/活性 (U/L)
BALF_LDH,V2-27,V1,96.0,BALF LDH 浓度/活性 (U/L)
BALF_LDH,V2-28,V2,151.1,BALF LDH 浓度/活性 (U/L)
BALF_LDH,V2-29,V4,560.2,BALF LDH 浓度/活性 (U/L)
BALF_LDH,V2-30,V3,251.1,BALF LDH 浓度/活性 (U/L)
BALF_LDH,V2-31,V2,126.9,BALF LDH 浓度/活性 (U/L)
BALF_LDH,V2-32,V1,85.2,BALF LDH 浓度/活性 (U/L)
