实验,膜,泳道,组,靶蛋白,靶IntDen,内参IntDen,靶/内参,相对G1倍数,备注
W1,膜3,1,Control,FTH1,27048.551,40990.602,0.659872,1.000000,不设上调硬判据；升高为附加支持（PXD050432实测0.93×）
W1,膜3,1,Control,TOMM20,31324.187,40990.602,0.764180,1.000000,F4判据：四组均值≥0.8×（急性期不降）
W1,膜3,2,LPS,FTH1,31808.359,39679.823,0.801626,1.214820,不设上调硬判据；升高为附加支持（PXD050432实测0.93×）
W1,膜3,2,LPS,TOMM20,33104.187,39679.823,0.834283,1.091736,F4判据：四组均值≥0.8×（急性期不降）
W1,膜3,3,LPS+DFX,FTH1,25919.874,37674.238,0.688000,1.042626,不设上调硬判据；升高为附加支持（PXD050432实测0.93×）
W1,膜3,3,LPS+DFX,TOMM20,23853.945,37674.238,0.633163,0.828553,F4判据：四组均值≥0.8×（急性期不降）
W1,膜3,4,DFX,FTH1,27594.945,36733.631,0.751217,1.138429,不设上调硬判据；升高为附加支持（PXD050432实测0.93×）
W1,膜3,4,DFX,TOMM20,25516.530,36733.631,0.694637,0.908997,F4判据：四组均值≥0.8×（急性期不降）
W1,膜7,1,Control,FTH1,31621.773,36487.723,0.866641,1.000000,不设上调硬判据；升高为附加支持（PXD050432实测0.93×）
W1,膜7,1,Control,TOMM20,30001.631,36487.723,0.822239,1.000000,F4判据：四组均值≥0.8×（急性期不降）
W1,膜7,2,LPS,FTH1,26282.116,33737.016,0.779029,0.898906,不设上调硬判据；升高为附加支持（PXD050432实测0.93×）
W1,膜7,2,LPS,TOMM20,25164.338,33737.016,0.745897,0.907153,F4判据：四组均值≥0.8×（急性期不降）
W1,膜7,3,LPS+DFX,FTH1,29464.187,34867.238,0.845039,0.975074,不设上调硬判据；升高为附加支持（PXD050432实测0.93×）
W1,膜7,3,LPS+DFX,TOMM20,27289.874,34867.238,0.782680,0.951888,F4判据：四组均值≥0.8×（急性期不降）
W1,膜7,4,DFX,FTH1,29806.359,37054.359,0.804395,0.928176,不设上调硬判据；升高为附加支持（PXD050432实测0.93×）
W1,膜7,4,DFX,TOMM20,27751.874,37054.359,0.748950,0.910867,F4判据：四组均值≥0.8×（急性期不降）
W1,膜8,1,Control,FTH1,31442.267,33728.752,0.932210,1.000000,不设上调硬判据；升高为附加支持（PXD050432实测0.93×）
W1,膜8,1,Control,TOMM20,29266.974,33728.752,0.867716,1.000000,F4判据：四组均值≥0.8×（急性期不降）
W1,膜8,2,LPS,FTH1,32306.752,37095.823,0.870900,0.934232,不设上调硬判据；升高为附加支持（PXD050432实测0.93×）
W1,膜8,2,LPS,TOMM20,34147.652,37095.823,0.920526,1.060861,F4判据：四组均值≥0.8×（急性期不降）
W1,膜8,3,LPS+DFX,FTH1,25698.681,32823.581,0.782933,0.839869,不设上调硬判据；升高为附加支持（PXD050432实测0.93×）
W1,膜8,3,LPS+DFX,TOMM20,30986.924,32823.581,0.944045,1.087965,F4判据：四组均值≥0.8×（急性期不降）
W1,膜8,4,DFX,FTH1,25959.459,31732.388,0.818075,0.877565,不设上调硬判据；升高为附加支持（PXD050432实测0.93×）
W1,膜8,4,DFX,TOMM20,26336.803,31732.388,0.829966,0.956495,F4判据：四组均值≥0.8×（急性期不降）
W1,膜1,1,Control,GSDMD-FL,28329.894,36286.288,0.780733,1.000000,丰度参照，预期四组持平（PXD050432实测1.03×）
W1,膜1,1,Control,GSDMD-NT,8612.006,36286.288,0.237335,1.000000,预期近零；按预注册以绝对 NT/内参值报告；2026-10-01重测：靶/内参取重测值，靶IntDen=比值×内参IntDen
W1,膜1,1,Control,HMOX1,31211.070,36286.288,0.860134,1.000000,2026-10-01重测：靶/内参取重测值，靶IntDen=比值×内参IntDen
W1,膜1,2,LPS,GSDMD-FL,31298.894,35811.388,0.873993,1.119452,丰度参照，预期四组持平（PXD050432实测1.03×）
W1,膜1,2,LPS,GSDMD-NT,37014.042,35811.388,1.033583,4.354954,预期明确条带（F2判据：归一化≥3×）；2026-10-01重测：靶/内参取重测值，靶IntDen=比值×内参IntDen
W1,膜1,2,LPS,HMOX1,39065.569,35811.388,1.090870,1.268256,2026-10-01重测：靶/内参取重测值，靶IntDen=比值×内参IntDen
W1,膜1,3,LPS+DFX,GSDMD-FL,32501.894,38202.631,0.850776,1.089715,丰度参照，预期四组持平（PXD050432实测1.03×）
W1,膜1,3,LPS+DFX,GSDMD-NT,29632.902,38202.631,0.775677,3.268279,2026-10-01重测：靶/内参取重测值，靶IntDen=比值×内参IntDen
W1,膜1,3,LPS+DFX,HMOX1,35862.567,38202.631,0.938746,1.091395,F8判据：较G2回落≥30%；2026-10-01重测：靶/内参取重测值，靶IntDen=比值×内参IntDen；重测后 G3 vs G2 回落≈22%（低于 30% 判据）
W1,膜1,4,DFX,GSDMD-FL,27868.823,38189.702,0.729747,0.934695,丰度参照，预期四组持平（PXD050432实测1.03×）
W1,膜1,4,DFX,GSDMD-NT,8149.033,38189.702,0.213383,0.899079,预期近零；按预注册以绝对 NT/内参值报告；2026-10-01重测：靶/内参取重测值，靶IntDen=比值×内参IntDen
W1,膜1,4,DFX,HMOX1,25531.649,38189.702,0.668548,0.777260,2026-10-01重测：靶/内参取重测值，靶IntDen=比值×内参IntDen
W1,膜2,1,Control,GSDMD-FL,38135.066,40601.530,0.939252,1.000000,丰度参照，预期四组持平（PXD050432实测1.03×）
W1,膜2,1,Control,GSDMD-NT,6427.628,40601.530,0.158310,1.000000,预期近零；按预注册以绝对 NT/内参值报告；2026-10-01重测：靶/内参取重测值，靶IntDen=比值×内参IntDen
W1,膜2,1,Control,HMOX1,19581.590,40601.530,0.482287,1.000000,2026-10-01重测：靶/内参取重测值，靶IntDen=比值×内参IntDen
W1,膜2,2,LPS,GSDMD-FL,30033.823,37161.602,0.808195,0.860467,丰度参照，预期四组持平（PXD050432实测1.03×）
W1,膜2,2,LPS,GSDMD-NT,34060.578,37161.602,0.916553,5.789609,预期明确条带（F2判据：归一化≥3×）；2026-10-01重测：靶/内参取重测值，靶IntDen=比值×内参IntDen
W1,膜2,2,LPS,HMOX1,32927.260,37161.602,0.886056,1.837197,2026-10-01重测：靶/内参取重测值，靶IntDen=比值×内参IntDen
W1,膜2,3,LPS+DFX,GSDMD-FL,33084.187,33079.530,1.000141,1.064827,丰度参照，预期四组持平（PXD050432实测1.03×）
W1,膜2,3,LPS+DFX,GSDMD-NT,23013.991,33079.530,0.695717,4.394650,2026-10-01重测：靶/内参取重测值，靶IntDen=比值×内参IntDen
W1,膜2,3,LPS+DFX,HMOX1,24106.277,33079.530,0.728737,1.511003,F8判据：较G2回落≥30%；2026-10-01重测：靶/内参取重测值，靶IntDen=比值×内参IntDen；重测后 G3 vs G2 回落≈22%（低于 30% 判据）
W1,膜2,4,DFX,GSDMD-FL,34182.095,33467.924,1.021339,1.087396,丰度参照，预期四组持平（PXD050432实测1.03×）
W1,膜2,4,DFX,GSDMD-NT,5887.075,33467.924,0.175902,1.111124,预期近零；按预注册以绝对 NT/内参值报告；2026-10-01重测：靶/内参取重测值，靶IntDen=比值×内参IntDen
W1,膜2,4,DFX,HMOX1,16286.429,33467.924,0.486628,1.009001,2026-10-01重测：靶/内参取重测值，靶IntDen=比值×内参IntDen
W1,膜3,1,Control,GSDMD-FL,24937.409,33827.238,0.737199,1.000000,丰度参照，预期四组持平（PXD050432实测1.03×）
W1,膜3,1,Control,GSDMD-NT,9785.307,33827.238,0.289273,1.000000,预期近零；按预注册以绝对 NT/内参值报告；2026-10-01重测：靶/内参取重测值，靶IntDen=比值×内参IntDen
W1,膜3,1,Control,HMOX1,17944.267,33827.238,0.530468,1.000000,2026-10-01重测：靶/内参取重测值，靶IntDen=比值×内参IntDen
W1,膜3,2,LPS,GSDMD-FL,23613.409,35053.187,0.673645,0.913790,丰度参照，预期四组持平（PXD050432实测1.03×）
W1,膜3,2,LPS,GSDMD-NT,32221.941,35053.187,0.919230,3.177725,预期明确条带（F2判据：归一化≥3×）；2026-10-01重测：靶/内参取重测值，靶IntDen=比值×内参IntDen
W1,膜3,2,LPS,HMOX1,38014.866,35053.187,1.084491,2.044404,2026-10-01重测：靶/内参取重测值，靶IntDen=比值×内参IntDen
W1,膜3,3,LPS+DFX,GSDMD-FL,29794.894,41442.158,0.718951,0.975247,丰度参照，预期四组持平（PXD050432实测1.03×）
W1,膜3,3,LPS+DFX,GSDMD-NT,25582.078,41442.158,0.617296,2.133957,2026-10-01重测：靶/内参取重测值，靶IntDen=比值×内参IntDen
W1,膜3,3,LPS+DFX,HMOX1,30625.713,41442.158,0.738999,1.393108,F8判据：较G2回落≥30%；2026-10-01重测：靶/内参取重测值，靶IntDen=比值×内参IntDen；重测后 G3 vs G2 回落≈22%（低于 30% 判据）
W1,膜3,4,DFX,GSDMD-FL,23010.581,36003.530,0.639120,0.866957,丰度参照，预期四组持平（PXD050432实测1.03×）
W1,膜3,4,DFX,GSDMD-NT,10829.862,36003.530,0.300800,1.039848,预期近零；按预注册以绝对 NT/内参值报告；2026-10-01重测：靶/内参取重测值，靶IntDen=比值×内参IntDen
W1,膜3,4,DFX,HMOX1,16091.994,36003.530,0.446956,0.842569,2026-10-01重测：靶/内参取重测值，靶IntDen=比值×内参IntDen
