class,comparison,severe_median,mild_median,delta,p,MODERATE_median,BH,gene_set_version,score_version
Ceramides,SEVERE_vs_MILD,0.001461950258777,0.0013590347375625,0.0001029155212145,0.9878422663352728,,0.9878422663352728,Mitoxy-80_v1.0,m4lipid_v1.0
Cholesteryl esters,SEVERE_vs_MILD,0.2607209105752819,0.3082085992800115,-0.0474876887047296,0.0426971406881934,,0.4696685475701277,Mitoxy-80_v1.0,m4lipid_v1.0
Diglycerides,SEVERE_vs_MILD,0.0064771238343324,0.006542203584774,-6.50797504416021e-05,0.35261914771518,,0.969702656216745,Mitoxy-80_v1.0,m4lipid_v1.0
Dihexosylceramides,SEVERE_vs_MILD,0.0004727089076213,0.0004625347571003,1.0174150521013623e-05,0.636655916867849,,1.0,Mitoxy-80_v1.0,m4lipid_v1.0
Dihydroceramides,SEVERE_vs_MILD,0.0005662012375456,0.0005454989136846,2.070232386091697e-05,0.8668833840953848,,1.0,Mitoxy-80_v1.0,m4lipid_v1.0
Hexosylceramides,SEVERE_vs_MILD,0.0013727130665368,0.0015270751665724,-0.0001543621000355,0.131409506554621,,0.481834857366944,Mitoxy-80_v1.0,m4lipid_v1.0
Lysophosphatidylcholines,SEVERE_vs_MILD,0.0255913657813362,0.0245833300324038,0.0010080357489324,0.9150536836962232,,1.0,Mitoxy-80_v1.0,m4lipid_v1.0
Phosphatidylcholines,SEVERE_vs_MILD,0.1567218765650449,0.1485320907401904,0.0081897858248545,0.6807592190924584,,1.0,Mitoxy-80_v1.0,m4lipid_v1.0
Sphingomyelins,SEVERE_vs_MILD,0.0250790334775543,0.0222741770442491,0.0028048564333051,0.8909182051212683,,1.0,Mitoxy-80_v1.0,m4lipid_v1.0
Triglycerides,SEVERE_vs_MILD,0.536193629449037,0.4944201715687354,0.0417734578803015,0.1165270408613777,,0.6408987247375774,Mitoxy-80_v1.0,m4lipid_v1.0
Trihexosylceramides,SEVERE_vs_MILD,0.0003114085250469,0.0002530350839698,5.837344107702838e-05,0.5728849298022256,,1.0,Mitoxy-80_v1.0,m4lipid_v1.0
