cohort,quadrant,proportion,igp,igp_perm_p,n,outcome_rate,RR_vs_Q1,gene_set_version,score_version
GSE185263,Q1_execution_dominant,0.30357142857142855,0.9173469387755102,0.001996007984031936,,,,Mitoxy-80_v1.0,mdi_v1.0
GSE185263,Q2_dual_high,0.19642857142857142,0.9173469387755102,0.001996007984031936,,,,Mitoxy-80_v1.0,mdi_v1.0
GSE185263,Q3_dual_low,0.19642857142857142,0.9173469387755102,0.001996007984031936,,,,Mitoxy-80_v1.0,mdi_v1.0
GSE185263,Q4_collapse_dominant,0.30357142857142855,0.9173469387755102,0.001996007984031936,,,,Mitoxy-80_v1.0,mdi_v1.0
GSE32707,Q1_execution_dominant,0.19444444444444445,0.8145833333333334,0.001996007984031936,,,,Mitoxy-80_v1.0,mdi_v1.0
GSE32707,Q2_dual_high,0.3055555555555556,0.8145833333333334,0.001996007984031936,,,,Mitoxy-80_v1.0,mdi_v1.0
GSE32707,Q3_dual_low,0.3055555555555556,0.8145833333333334,0.001996007984031936,,,,Mitoxy-80_v1.0,mdi_v1.0
GSE32707,Q4_collapse_dominant,0.19444444444444445,0.8145833333333334,0.001996007984031936,,,,Mitoxy-80_v1.0,mdi_v1.0
GSE212865,Q1_execution_dominant,0.19708029197080293,0.8072992700729926,0.001996007984031936,,,,Mitoxy-80_v1.0,mdi_v1.0
GSE212865,Q2_dual_high,0.30656934306569344,0.8072992700729926,0.001996007984031936,,,,Mitoxy-80_v1.0,mdi_v1.0
GSE212865,Q3_dual_low,0.29927007299270075,0.8072992700729926,0.001996007984031936,,,,Mitoxy-80_v1.0,mdi_v1.0
GSE212865,Q4_collapse_dominant,0.19708029197080293,0.8072992700729926,0.001996007984031936,,,,Mitoxy-80_v1.0,mdi_v1.0
GSE310929,Q1_execution_dominant,0.2326959332076488,0.9635335308375977,0.001996007984031936,612.0,0.2173202614379085,1.0,Mitoxy-80_v1.0,mdi_v1.0
GSE310929,Q2_dual_high,0.26743872879073527,0.9635335308375977,0.001996007984031936,662.0,0.2205438066465256,1.014833155396043,Mitoxy-80_v1.0,mdi_v1.0
GSE310929,Q3_dual_low,0.26716940479396717,0.9635335308375977,0.001996007984031936,536.0,0.1921641791044776,0.8842441925709796,Mitoxy-80_v1.0,mdi_v1.0
GSE310929,Q4_collapse_dominant,0.2326959332076488,0.9635335308375977,0.001996007984031936,626.0,0.242811501597444,1.1172980374258328,Mitoxy-80_v1.0,mdi_v1.0
GSE188309,Q1_execution_dominant,0.2676767676767677,0.8676767676767676,0.001996007984031936,53.0,0.0566037735849056,,Mitoxy-80_v1.0,mdi_v1.0
GSE188309,Q2_dual_high,0.23232323232323232,0.8676767676767676,0.001996007984031936,46.0,0.0869565217391304,,Mitoxy-80_v1.0,mdi_v1.0
GSE188309,Q3_dual_low,0.23232323232323232,0.8676767676767676,0.001996007984031936,46.0,0.0652173913043478,,Mitoxy-80_v1.0,mdi_v1.0
GSE188309,Q4_collapse_dominant,0.2676767676767677,0.8676767676767676,0.001996007984031936,53.0,0.0566037735849056,,Mitoxy-80_v1.0,mdi_v1.0
GSE148871,Q1_execution_dominant,0.28289473684210525,0.8694078947368421,0.001996007984031936,,,,Mitoxy-80_v1.0,mdi_v1.0
GSE148871,Q2_dual_high,0.21710526315789475,0.8694078947368421,0.001996007984031936,,,,Mitoxy-80_v1.0,mdi_v1.0
GSE148871,Q3_dual_low,0.21710526315789475,0.8694078947368421,0.001996007984031936,,,,Mitoxy-80_v1.0,mdi_v1.0
GSE148871,Q4_collapse_dominant,0.28289473684210525,0.8694078947368421,0.001996007984031936,,,,Mitoxy-80_v1.0,mdi_v1.0
