TF,Is_Mitoxyperilysis_TF,N_Direct_Targets,N_Direct_Mitoxy_Targets,N_All_Affected_Genes_KO,N_Mitoxy_Affected_KO,KO_Impact_Score,OE_Impact_Score,Combined_Impact_Score,KO_Net_Effect,OE_Net_Effect,KO_Avg_Magnitude,OE_Avg_Magnitude,Effect_Direction,Direct_Mitoxy_Targets,Top_Affected_Mitoxy_Genes_KO,Top_Affected_Mitoxy_Genes_OE,gene_set_version,score_version
MYC,False,465,6,7720,15,3.8744959999999997,3.8744959999999997,7.748991999999999,-3.8744959999999997,3.8744959999999997,0.25829973333333334,0.25829973333333334,Activator,"PRDX3,SLC25A28,SOD2,TFRC,TOMM20,TXN","PRDX3,SLC25A28,TFRC,TOMM20,TXN","PRDX3,SLC25A28,TFRC,TOMM20,TXN",Mitoxy-80_v1.0,NA
E2F4,False,757,4,7832,15,3.179168,3.179168,6.358336,-3.179168,3.179168,0.21194453333333335,0.21194453333333335,Activator,"CALR,CANX,SOD2,TFRC","CALR,TFRC,SOD2,APAF1,CAT","CALR,TFRC,SOD2,APAF1,CAT",Mitoxy-80_v1.0,NA
SP1,False,394,2,8650,17,3.1107360000000006,3.1107360000000006,6.221472000000001,-3.1107360000000006,3.1107360000000006,0.18298447058823528,0.18298447058823528,Activator,"CAT,SOD2","CAT,SOD2,APAF1,PRDX3,SLC25A28","CAT,SOD2,APAF1,PRDX3,SLC25A28",Mitoxy-80_v1.0,NA
ETS1,False,979,6,8576,17,2.841696,2.841696,5.683392,-1.6416960000000003,1.6416960000000003,0.16715858823529411,0.16715858823529411,Activator,"CANX,SLC25A37,TFRC,TOMM20,TOMM40,TXNRD2","TFRC,SLC25A37,TXNRD2,APAF1,CAT","TFRC,SLC25A37,TXNRD2,APAF1,CAT",Mitoxy-80_v1.0,NA
TFAP2A,False,128,1,7927,17,2.5753920000000003,2.5753920000000003,5.150784000000001,-2.5753920000000003,2.5753920000000003,0.1514936470588235,0.1514936470588235,Activator,GPX4,"GPX4,CAT,PRDX3,SLC25A28,SOD2","GPX4,CAT,PRDX3,SLC25A28,SOD2",Mitoxy-80_v1.0,NA
E2F1,False,706,3,7892,16,2.5439040000000004,2.5439040000000004,5.087808000000001,-2.5439040000000004,2.5439040000000004,0.158994,0.158994,Activator,"APAF1,CANX,SOD2","APAF1,CANX,SOD2,PRDX3,SLC25A28","APAF1,CANX,SOD2,PRDX3,SLC25A28",Mitoxy-80_v1.0,NA
TP53,True,597,1,8406,17,2.3227680000000004,2.3227680000000004,4.645536000000001,-2.3227680000000004,2.3227680000000004,0.1366334117647059,0.1366334117647059,Activator,APAF1,"APAF1,CAT,PRDX3,SLC25A28,TOMM20","APAF1,CAT,PRDX3,SLC25A28,TOMM20",Mitoxy-80_v1.0,NA
JUN,False,195,1,7881,16,2.264352,2.264352,4.528704,-2.264352,2.264352,0.14152199999999998,0.14152199999999998,Activator,TXN,"TXN,APAF1,PRDX3,SLC25A28,TFRC","TXN,APAF1,PRDX3,SLC25A28,TFRC",Mitoxy-80_v1.0,NA
CEBPA,True,1001,2,7880,17,2.24648,2.24648,4.49296,-2.24648,2.24648,0.13214588235294117,0.13214588235294117,Activator,"GPX4,TFRC","GPX4,CAT,PRDX3,SLC25A28,TOMM20","GPX4,CAT,PRDX3,SLC25A28,TOMM20",Mitoxy-80_v1.0,NA
EGR1,False,1001,2,8508,17,2.217984,2.217984,4.435968,-2.217984,2.217984,0.13046964705882352,0.13046964705882352,Activator,"CAT,GPX4","CAT,GPX4,APAF1,PRDX3,SLC25A28","CAT,GPX4,APAF1,PRDX3,SLC25A28",Mitoxy-80_v1.0,NA
RELA,True,243,1,8248,16,2.2103520000000003,2.2103520000000003,4.420704000000001,-2.2103520000000003,2.2103520000000003,0.13814700000000002,0.13814700000000002,Activator,SOD2,"SOD2,APAF1,CAT,PRDX3,SLC25A28","SOD2,APAF1,CAT,PRDX3,SLC25A28",Mitoxy-80_v1.0,NA
FOXO3,True,40,3,4831,14,2.173248,2.173248,4.346496,-2.173248,2.173248,0.155232,0.155232,Activator,"CAT,PRDX3,SOD2","CAT,PRDX3,SOD2,APAF1,CALR","CAT,PRDX3,SOD2,APAF1,CALR",Mitoxy-80_v1.0,NA
NFKB1,True,250,1,8157,16,2.171904,2.171904,4.343808,-2.171904,2.171904,0.135744,0.135744,Activator,SOD2,"SOD2,APAF1,PRDX3,SLC25A28,TFRC","SOD2,APAF1,PRDX3,SLC25A28,TFRC",Mitoxy-80_v1.0,NA
STAT1,True,1129,2,8518,17,2.11872,2.11872,4.23744,-2.11872,2.11872,0.1246305882352941,0.1246305882352941,Activator,"SLC25A37,SOD2","SLC25A37,SOD2,APAF1,PRDX3,SLC25A28","SLC25A37,SOD2,APAF1,PRDX3,SLC25A28",Mitoxy-80_v1.0,NA
GATA2,False,690,2,7197,16,1.8939279999999998,1.8939279999999998,3.7878559999999997,-1.8939279999999998,1.8939279999999998,0.11837049999999999,0.11837049999999999,Activator,"GSR,SLC40A1","CAT,PRDX3,SLC25A28,TFRC,TOMM20","CAT,PRDX3,SLC25A28,TFRC,TOMM20",Mitoxy-80_v1.0,NA
HNF4A,False,934,2,6593,15,1.867344,1.867344,3.734688,-1.867344,1.867344,0.12448959999999999,0.12448959999999999,Activator,"SLC40A1,SOD2","SLC40A1,SOD2,GPX4,PRDX3,SLC25A28","SLC40A1,SOD2,GPX4,PRDX3,SLC25A28",Mitoxy-80_v1.0,NA
FOS,False,877,1,8252,16,1.839024,1.839024,3.678048,-1.839024,1.839024,0.11493900000000001,0.11493900000000001,Activator,SLC25A37,"SLC25A37,APAF1,PRDX3,SLC25A28,TOMM20","SLC25A37,APAF1,PRDX3,SLC25A28,TOMM20",Mitoxy-80_v1.0,NA
TFAP2C,False,915,2,7448,17,1.824512,1.824512,3.649024,-1.824512,1.824512,0.10732423529411764,0.10732423529411764,Activator,"PACS2,TOMM40","PACS2,PRDX3,SLC25A28,TFRC,TOMM20","PACS2,PRDX3,SLC25A28,TFRC,TOMM20",Mitoxy-80_v1.0,NA
STAT3,True,175,1,7937,16,1.5937759999999999,1.5937759999999999,3.1875519999999997,-1.5937759999999999,1.5937759999999999,0.099611,0.099611,Activator,SOD2,"APAF1,PRDX3,SLC25A28,TOMM20,TXN","APAF1,PRDX3,SLC25A28,TOMM20,TXN",Mitoxy-80_v1.0,NA
E2F5,False,13,1,3240,10,1.46864,1.46864,2.93728,-1.46864,1.46864,0.146864,0.146864,Activator,SLC25A37,"PRDX3,SLC25A28,TFRC,TOMM20,TXN","PRDX3,SLC25A28,TFRC,TOMM20,TXN",Mitoxy-80_v1.0,NA
SMAD3,True,95,1,5649,14,1.4651839999999998,1.4651839999999998,2.9303679999999996,-1.4651839999999998,1.4651839999999998,0.10465599999999999,0.10465599999999999,Activator,SLC25A37,"PRDX3,SLC25A28,TFRC,TOMM20,TXN","PRDX3,SLC25A28,TFRC,TOMM20,TXN",Mitoxy-80_v1.0,NA
HIF1A,True,262,1,7651,16,1.4352960000000001,1.4352960000000001,2.8705920000000003,-1.4352960000000001,1.4352960000000001,0.08970600000000001,0.08970600000000001,Activator,TFRC,"TFRC,APAF1,SLC25A37,TXNRD2,CANX","TFRC,APAF1,SLC25A37,TXNRD2,CANX",Mitoxy-80_v1.0,NA
MITF,False,667,2,6627,15,1.389296,1.389296,2.778592,-1.389296,1.389296,0.09261973333333334,0.09261973333333334,Activator,"CALR,SOD2","SOD2,TFRC,CALR,CAT,PRDX3","SOD2,TFRC,CALR,CAT,PRDX3",Mitoxy-80_v1.0,NA
LEF1,False,56,1,5413,15,1.3648159999999998,1.3648159999999998,2.7296319999999996,-1.3648159999999998,1.3648159999999998,0.09098773333333332,0.09098773333333332,Activator,SLC25A28,"PRDX3,TFRC,TOMM20,TXN,SLC25A28","PRDX3,TFRC,TOMM20,TXN,SLC25A28",Mitoxy-80_v1.0,NA
FOXL2,False,22,1,4241,13,1.01256,1.01256,2.02512,-1.01256,1.01256,0.07788923076923077,0.07788923076923077,Activator,SOD2,"SOD2,SLC25A37,APAF1,PRDX3,SLC25A28","SOD2,SLC25A37,APAF1,PRDX3,SLC25A28",Mitoxy-80_v1.0,NA
E2F6,False,69,1,4242,13,0.9880319999999998,0.9880319999999998,1.9760639999999996,0.21196799999999993,-0.21196799999999993,0.07600246153846152,0.07600246153846152,Repressor,APAF1,"APAF1,CANX,SOD2,TXN,SLC25A37","APAF1,CANX,SOD2,TXN,SLC25A37",Mitoxy-80_v1.0,NA
CEBPD,False,71,2,5083,11,0.7398399999999998,0.7398399999999998,1.4796799999999997,-0.7398399999999998,0.7398399999999998,0.0672581818181818,0.0672581818181818,Activator,"SOD2,TFRC","SOD2,TFRC,PRDX3,SLC25A28,TOMM20","SOD2,TFRC,PRDX3,SLC25A28,TOMM20",Mitoxy-80_v1.0,NA
ATF1,False,93,2,5340,12,0.726944,0.726944,1.453888,-0.726944,0.726944,0.06057866666666666,0.06057866666666666,Activator,"SLC25A37,TFRC","TFRC,SLC25A37,CAT,GPX4,SOD2","TFRC,SLC25A37,CAT,GPX4,SOD2",Mitoxy-80_v1.0,NA
NFE2L2,True,72,1,3027,12,0.725088,0.725088,1.450176,-0.725088,0.725088,0.060424,0.060424,Activator,TXN,"TXN,SLC40A1,PRDX3,SLC25A28,TFRC","TXN,SLC40A1,PRDX3,SLC25A28,TFRC",Mitoxy-80_v1.0,NA
ATF6,False,10,1,2109,4,0.693312,0.693312,1.386624,-0.693312,0.693312,0.173328,0.173328,Activator,CALR,"CALR,CAT,GPX4,SLC25A37","CALR,CAT,GPX4,SLC25A37",Mitoxy-80_v1.0,NA
VDR,False,251,1,4379,12,0.6490880000000001,0.6490880000000001,1.2981760000000002,-0.6490880000000001,0.6490880000000001,0.05409066666666667,0.05409066666666667,Activator,CALR,"CALR,CAT,PRDX3,SOD2,SLC25A28","CALR,CAT,PRDX3,SOD2,SLC25A28",Mitoxy-80_v1.0,NA
FOXO4,False,15,1,305,3,0.646656,0.646656,1.293312,-0.646656,0.646656,0.215552,0.215552,Activator,SOD2,"SOD2,CAT,PRDX3","SOD2,CAT,PRDX3",Mitoxy-80_v1.0,NA
TAL1,False,423,1,6961,16,0.60968,0.60968,1.21936,-0.60968,0.60968,0.038105,0.038105,Activator,SLC40A1,"SLC40A1,TXNRD2,GPX4,CANX,SLC25A28","SLC40A1,TXNRD2,GPX4,CANX,SLC25A28",Mitoxy-80_v1.0,NA
ZNF263,False,443,1,6082,17,0.540864,0.540864,1.081728,-0.540864,0.540864,0.03181552941176471,0.03181552941176471,Activator,TXNRD2,"TXNRD2,GPX4,SLC25A37,SLC25A28,TXN","TXNRD2,GPX4,SLC25A37,SLC25A28,TXN",Mitoxy-80_v1.0,NA
PRDM14,False,316,1,6252,17,0.524576,0.524576,1.049152,-0.524576,0.524576,0.03085741176470588,0.03085741176470588,Activator,SLC40A1,"SLC40A1,GPX4,GSR,APAF1,CAT","SLC40A1,GPX4,GSR,APAF1,CAT",Mitoxy-80_v1.0,NA
ZBTB33,False,90,1,3985,12,0.4088640000000001,0.4088640000000001,0.8177280000000002,-0.4088640000000001,0.4088640000000001,0.034072,0.034072,Activator,IREB2,"IREB2,APAF1,PRDX3,SLC25A28,TOMM20","IREB2,APAF1,PRDX3,SLC25A28,TOMM20",Mitoxy-80_v1.0,NA
ARNT,True,63,1,4663,12,0.391184,0.391184,0.782368,-0.391184,0.391184,0.032598666666666665,0.032598666666666665,Activator,TFRC,"TFRC,SLC25A28,APAF1,CAT,PRDX3","TFRC,SLC25A28,APAF1,CAT,PRDX3",Mitoxy-80_v1.0,NA
GATA1,False,66,1,5071,15,0.350624,0.350624,0.701248,-0.350624,0.350624,0.023374933333333334,0.023374933333333334,Activator,SLC40A1,"SLC40A1,SLC25A37,CALR,GPX4,CAT","SLC40A1,SLC25A37,CALR,GPX4,CAT",Mitoxy-80_v1.0,NA
SP2,False,22,1,547,6,0.31664000000000003,0.31664000000000003,0.6332800000000001,-0.31664000000000003,0.31664000000000003,0.05277333333333334,0.05277333333333334,Activator,SOD2,"SOD2,PRDX3,SLC25A28,TFRC,TOMM20","SOD2,PRDX3,SLC25A28,TFRC,TOMM20",Mitoxy-80_v1.0,NA
MAFG,False,37,1,1550,8,0.315392,0.315392,0.630784,-0.315392,0.315392,0.039423999999999994,0.039423999999999994,Activator,SLC40A1,"SLC40A1,SLC25A28,SLC25A37,PRDX3,TFRC","SLC40A1,SLC25A28,SLC25A37,PRDX3,TFRC",Mitoxy-80_v1.0,NA
EPAS1,True,81,1,3070,10,0.29528,0.29528,0.59056,-0.29528,0.29528,0.029528,0.029528,Activator,TFRC,"TFRC,SOD2,APAF1,TXNRD2,CANX","TFRC,SOD2,APAF1,TXNRD2,CANX",Mitoxy-80_v1.0,NA
KLF5,False,82,1,1598,4,0.275456,0.275456,0.550912,-0.275456,0.275456,0.068864,0.068864,Activator,GPX4,"GPX4,TXN,SLC25A37,SLC40A1","GPX4,TXN,SLC25A37,SLC40A1",Mitoxy-80_v1.0,NA
NR2C2,False,88,1,344,3,0.27372799999999997,0.27372799999999997,0.5474559999999999,-0.27372799999999997,0.27372799999999997,0.09124266666666665,0.09124266666666665,Activator,TOMM40,"TOMM40,TXN,SLC40A1","TOMM40,TXN,SLC40A1",Mitoxy-80_v1.0,NA
BACH1,False,86,1,2397,11,0.272288,0.272288,0.544576,-0.26191999999999993,0.26191999999999993,0.024753454545454544,0.024753454545454544,Activator,SOD2,"SOD2,SLC40A1,CAT,PRDX3,SLC25A37","SOD2,SLC40A1,CAT,PRDX3,SLC25A37",Mitoxy-80_v1.0,NA
NRF1,True,78,1,1758,6,0.26950399999999997,0.26950399999999997,0.5390079999999999,-0.26950399999999997,0.26950399999999997,0.04491733333333333,0.04491733333333333,Activator,PACS2,"PACS2,TXNRD2,SLC40A1,GPX4,SLC25A37","PACS2,TXNRD2,SLC40A1,GPX4,SLC25A37",Mitoxy-80_v1.0,NA
IRF3,False,74,1,1273,6,0.26739199999999996,0.26739199999999996,0.5347839999999999,-0.26739199999999996,0.26739199999999996,0.044565333333333325,0.044565333333333325,Activator,SLC25A28,"SLC25A28,PRDX3,TFRC,TOMM20,TXN","SLC25A28,PRDX3,TFRC,TOMM20,TXN",Mitoxy-80_v1.0,NA
TCF4,False,62,1,3556,11,0.254432,0.254432,0.508864,-0.254432,0.254432,0.023130181818181814,0.023130181818181814,Activator,SLC25A28,"SLC25A28,APAF1,TXN,PRDX3,TOMM20","SLC25A28,APAF1,TXN,PRDX3,TOMM20",Mitoxy-80_v1.0,NA
ZNF274,False,18,1,1543,4,0.242912,0.242912,0.485824,-0.242912,0.242912,0.060728,0.060728,Activator,SLC25A37,"SLC25A37,TXNRD2,GPX4,SLC25A28","SLC25A37,TXNRD2,GPX4,SLC25A28",Mitoxy-80_v1.0,NA
IRF9,False,50,1,3488,11,0.23974399999999998,0.23974399999999998,0.47948799999999997,-0.23974399999999998,0.23974399999999998,0.02179490909090909,0.02179490909090909,Activator,TFRC,"TFRC,CAT,PRDX3,SLC25A28,TOMM20","TFRC,CAT,PRDX3,SLC25A28,TOMM20",Mitoxy-80_v1.0,NA
HSF1,False,88,1,408,2,0.201728,0.201728,0.403456,-0.201728,0.201728,0.100864,0.100864,Activator,PACS2,"PACS2,SLC25A28","PACS2,SLC25A28",Mitoxy-80_v1.0,NA
NFYB,False,76,1,76,1,0.19999999999999998,0.19999999999999998,0.39999999999999997,-0.19999999999999998,0.19999999999999998,0.19999999999999998,0.19999999999999998,Activator,SOD2,SOD2,SOD2,Mitoxy-80_v1.0,NA
NFE2,False,48,1,142,1,0.19999999999999998,0.19999999999999998,0.39999999999999997,-0.19999999999999998,0.19999999999999998,0.19999999999999998,0.19999999999999998,Activator,SLC25A37,SLC25A37,SLC25A37,Mitoxy-80_v1.0,NA
