score,mean_Control,mean_MV,mean_LPS,mean_MVLPS,panel_block,beta3_interaction,se,welch_t,df_satterthwaite,welch_p_two,welch_p_one,perm_p_two,perm_p_directional,welch_p_one_bh,contrast,hedges_g,gse,gene_set_version,score_version
mech,0.1131042367811892,0.2522345714459293,-0.0604208392539208,-0.3049179689731877,group_means_z,,,,,,,,,,,,GSE2411,Mitoxy-80_v1.0,mdi_v1.0+mech_v1.0
MDI,-0.2659532139429871,-0.3507487452214874,0.2411546545935962,0.3755473045708744,group_means_z,,,,,,,,,,,,GSE2411,Mitoxy-80_v1.0,mdi_v1.0+mech_v1.0
EIS,-0.4136659898094837,-0.2546822102132834,0.195701388729394,0.4726468112933721,group_means_z,,,,,,,,,,,,GSE2411,Mitoxy-80_v1.0,mdi_v1.0+mech_v1.0
UCS,-0.1477127758664966,0.0960665350082038,-0.0454532658642022,0.0970995067224976,group_means_z,,,,,,,,,,,,GSE2411,Mitoxy-80_v1.0,mdi_v1.0+mech_v1.0
mech,,,,,interaction_beta3,-0.383627464384007,0.1611628751909609,-2.3803711861646124,14.453222767603576,0.0315505632035076,0.0315505632035076,0.0925907409259074,0.0925907409259074,0.1262022528140307,,,GSE2411,Mitoxy-80_v1.0,mdi_v1.0+mech_v1.0
MDI,,,,,interaction_beta3,0.2191881812557785,0.1576292293321635,1.3905300570485888,19.08859902867428,0.1803686913281653,0.0901843456640826,0.4593540645935406,0.2291770822917708,0.1803686913281653,,,GSE2411,Mitoxy-80_v1.0,mdi_v1.0+mech_v1.0
EIS,,,,,interaction_beta3,0.1179616429677778,0.1519337853006256,0.7764016590146267,13.462305566107108,0.4509381546545849,0.2254690773272924,0.7252274772522748,0.3687631236876312,0.3006254364363899,,,GSE2411,Mitoxy-80_v1.0,mdi_v1.0+mech_v1.0
UCS,,,,,interaction_beta3,-0.1012265382880006,0.1962355672846888,-0.5158419530601511,14.57184859042381,0.6137024993844492,0.3068512496922246,0.6192380761923808,0.3087691230876912,0.3068512496922246,,,GSE2411,Mitoxy-80_v1.0,mdi_v1.0+mech_v1.0
UCS,,,,,pairwise_contrasts,,,,,0.1290018873211341,,,,,MV_vs_Control,0.929647763733442,GSE2411,Mitoxy-80_v1.0,mdi_v1.0+mech_v1.0
EIS,,,,,pairwise_contrasts,,,,,0.2499607417236125,,,,,MV_vs_Control,0.662755635767345,GSE2411,Mitoxy-80_v1.0,mdi_v1.0+mech_v1.0
MDI,,,,,pairwise_contrasts,,,,,0.4102338174793048,,,,,MV_vs_Control,-0.4580748815540469,GSE2411,Mitoxy-80_v1.0,mdi_v1.0+mech_v1.0
mech,,,,,pairwise_contrasts,,,,,0.0951740187087397,,,,,MV_vs_Control,0.9906265472402468,GSE2411,Mitoxy-80_v1.0,mdi_v1.0+mech_v1.0
UCS,,,,,pairwise_contrasts,,,,,0.5708840519987087,,,,,LPS_vs_Control,0.3124607411435797,GSE2411,Mitoxy-80_v1.0,mdi_v1.0+mech_v1.0
EIS,,,,,pairwise_contrasts,,,,,0.0015283129516746,,,,,LPS_vs_Control,2.4810500907889623,GSE2411,Mitoxy-80_v1.0,mdi_v1.0+mech_v1.0
MDI,,,,,pairwise_contrasts,,,,,0.0011273943990566,,,,,LPS_vs_Control,2.453395707132547,GSE2411,Mitoxy-80_v1.0,mdi_v1.0+mech_v1.0
mech,,,,,pairwise_contrasts,,,,,0.1254877430316714,,,,,LPS_vs_Control,-0.9215820701506215,GSE2411,Mitoxy-80_v1.0,mdi_v1.0+mech_v1.0
UCS,,,,,pairwise_contrasts,,,,,0.1444000059354189,,,,,MV+LPS_vs_Control,0.8620754953660242,GSE2411,Mitoxy-80_v1.0,mdi_v1.0+mech_v1.0
EIS,,,,,pairwise_contrasts,,,,,0.0002038871285997,,,,,MV+LPS_vs_Control,3.887623048419371,GSE2411,Mitoxy-80_v1.0,mdi_v1.0+mech_v1.0
MDI,,,,,pairwise_contrasts,,,,,0.0002148570921523,,,,,MV+LPS_vs_Control,3.093697547176072,GSE2411,Mitoxy-80_v1.0,mdi_v1.0+mech_v1.0
mech,,,,,pairwise_contrasts,,,,,0.0110811954152182,,,,,MV+LPS_vs_Control,-1.863893593190143,GSE2411,Mitoxy-80_v1.0,mdi_v1.0+mech_v1.0
UCS,,,,,pairwise_contrasts,,,,,0.3288483673780429,,,,,MV+LPS_vs_LPS,0.551477572076742,GSE2411,Mitoxy-80_v1.0,mdi_v1.0+mech_v1.0
EIS,,,,,pairwise_contrasts,,,,,0.0083466145812125,,,,,MV+LPS_vs_LPS,1.7977918873694114,GSE2411,Mitoxy-80_v1.0,mdi_v1.0+mech_v1.0
MDI,,,,,pairwise_contrasts,,,,,0.2999619562568397,,,,,MV+LPS_vs_LPS,0.5825822687487652,GSE2411,Mitoxy-80_v1.0,mdi_v1.0+mech_v1.0
mech,,,,,pairwise_contrasts,,,,,0.1187840007958013,,,,,MV+LPS_vs_LPS,-0.9129450900153444,GSE2411,Mitoxy-80_v1.0,mdi_v1.0+mech_v1.0
