gene,module,scRNA_d,scRNA_p,GSE185263_log2FC,GSE185263_p,GSE212865_log2FC,GSE212865_p,n_platforms,fisher_p,fisher_bh,dir,consensus,gene_set_version,score_version
CALR,mitoxy_MAM_integrity,-0.0199855371385244,0.0411098934726908,-0.1144196884484824,2.682649265022782e-10,,,2,2.892795189473942e-10,3.349552324654038e-10,Down,True,Mitoxy-80_v1.0,NA
CANX,mitoxy_MAM_integrity,-0.0039691818285391,0.0001349660450168,-0.1521155971479277,2.9419819341578203e-16,-0.012,0.8051490256841638,3,3.3677783951109633e-17,4.1938372467419546e-17,Down,True,Mitoxy-80_v1.0,NA
HSPA9,mitoxy_MAM_integrity,0.009138139470803,2.4178685015478e-05,,,,,1,,,na,False,Mitoxy-80_v1.0,NA
IP3R1,mitoxy_MAM_integrity,-0.0038578861538713,5.962600654780623e-13,,,0.4476,5.739536381607589e-05,2,1.331724733942529e-15,1.5980696807310347e-15,mixed,False,Mitoxy-80_v1.0,NA
PACS2,mitoxy_MAM_integrity,-0.0085972262494652,1.4902365499738857e-19,-0.2139061079945396,2.4155470534323213e-09,-0.0382,0.422055588415078,3,3.215606242264591e-25,4.161372784107118e-25,Down,True,Mitoxy-80_v1.0,NA
SIGMAR1,mitoxy_MAM_integrity,-0.0238753988562743,7.666471346747419e-50,-0.307262873666432,4.689174041184063e-16,0.1777,0.0099081067370004,3,4.2240464812455553e-63,6.799684579566016e-63,mixed,False,Mitoxy-80_v1.0,NA
VDAC1,mitoxy_MAM_integrity,0.0704530532075567,9.447696016818224e-31,-0.2610233637603789,8.018578574680659e-25,0.0758,0.6185806220680926,3,3.7258923258222683e-51,5.46464207787266e-51,mixed,False,Mitoxy-80_v1.0,NA
VDAC2,mitoxy_MAM_integrity,-0.0260187661726013,3.1713032875057845e-20,-0.1516510044069492,6.099216416762303e-15,0.0106,0.8894163168387477,3,5.3346625553428595e-31,7.335161013596432e-31,mixed,False,Mitoxy-80_v1.0,NA
VDAC3,mitoxy_MAM_integrity,-0.0591772541667248,5.980661996981904e-112,-0.1012214716788708,6.097508537403437e-10,-0.0936,0.0720841809881358,3,1.0374610318119415e-117,2.074922063623883e-117,Down,True,Mitoxy-80_v1.0,NA
ATG5,mitoxy_autophagy,0.0120881975058926,0.0539662999029513,,,0.0145,0.8120995428798489,2,0.1808930668611896,0.1808930668611896,Up,False,Mitoxy-80_v1.0,NA
ATG7,mitoxy_autophagy,-0.0454942634351454,9.011230997146361e-110,,,-0.0498,0.3348809083796484,2,7.640181614390433e-108,1.400699962638246e-107,Down,True,Mitoxy-80_v1.0,NA
BECN1,mitoxy_autophagy,0.0014944816829292,4.697995396242678e-10,,,,,1,,,na,False,Mitoxy-80_v1.0,NA
MAP1LC3A,mitoxy_autophagy,0.0371525594865752,1.546206269110903e-28,,,-0.0368,0.1980011217372171,2,2.040679139668116e-27,2.7486698615937892e-27,mixed,False,Mitoxy-80_v1.0,NA
MAP1LC3B,mitoxy_autophagy,0.2549505932343231,0.0,,,,,1,,,na,False,Mitoxy-80_v1.0,NA
SQSTM1,mitoxy_autophagy,0.4018113164116755,0.0,,,0.1075,0.2837311514333954,2,0.0,0.0,Up,True,Mitoxy-80_v1.0,NA
APAF1,mitoxy_cell_death,0.0018764255196102,0.0001108663322597,0.0496014855075208,0.0071858136675004,0.0918,0.1857857125341935,3,2.0777409505252253e-05,2.2480475858141782e-05,Up,True,Mitoxy-80_v1.0,NA
CASP1,mitoxy_cell_death,0.15164284090556,4.46149165993152e-133,,,-0.0277,0.784391744870491,2,1.0708336488287872e-130,2.4370696835413778e-130,mixed,False,Mitoxy-80_v1.0,NA
CASP4,mitoxy_cell_death,0.1864498084302455,9.975773040861984e-223,,,-0.0814,0.3625556293501604,2,1.856094800179146e-220,4.711625261993218e-220,mixed,False,Mitoxy-80_v1.0,NA
CASP5,mitoxy_cell_death,0.0157552174297605,0.0760217089175834,,,-0.4393,0.0252118758959564,2,0.013909466479054947,0.014344137306525414,mixed,False,Mitoxy-80_v1.0,NA
GSDMA,mitoxy_cell_death,-0.0017727837517839,0.0099481555577208,,,,,1,,,na,False,Mitoxy-80_v1.0,NA
GSDMB,mitoxy_cell_death,0.0105328019944685,2.2580839106478456e-15,,,0.3199,0.0013002447611591,2,1.2146329756870752e-16,1.4845514147286473e-16,Up,True,Mitoxy-80_v1.0,NA
GSDMC,mitoxy_cell_death,0.0059285056713936,1.5797619459199448e-46,,,,,1,,,na,False,Mitoxy-80_v1.0,NA
GSDMD,mitoxy_cell_death,0.0848184086843588,4.05774816849031e-51,,,,,1,,,na,False,Mitoxy-80_v1.0,NA
GSDME,mitoxy_cell_death,0.0246655917633305,7.97251830752438e-80,,,,,1,,,na,False,Mitoxy-80_v1.0,NA
IL18,mitoxy_cell_death,-0.107503245947625,0.0,,,0.175,0.245365356493976,2,0.0,0.0,mixed,False,Mitoxy-80_v1.0,NA
IL1B,mitoxy_cell_death,0.0925244556055849,1.0568949847410797e-44,,,,,1,,,na,False,Mitoxy-80_v1.0,NA
NLRP3,mitoxy_cell_death,0.0891674209122701,8.115719916692021e-208,,,-0.2077,0.0577934170784505,2,2.254627640788079e-206,5.511312010815304e-206,mixed,False,Mitoxy-80_v1.0,NA
PYCARD,mitoxy_cell_death,-0.2122225686216241,0.0,,,-0.0615,0.2877798016690129,2,0.0,0.0,Down,True,Mitoxy-80_v1.0,NA
DLAT,mitoxy_ferroptosis_cuproptosis,-0.0073541470669395,1.0666996135884128e-14,,,,,1,,,na,False,Mitoxy-80_v1.0,NA
DLD,mitoxy_ferroptosis_cuproptosis,-0.0866746819579734,3.9815330122069356e-243,,,-0.1366,0.0908482569555104,2,2.0311946457937463e-241,5.828645505321185e-241,Down,True,Mitoxy-80_v1.0,NA
FDX1,mitoxy_ferroptosis_cuproptosis,-0.0190685668294733,1.6700639484897086e-17,,,,,1,,,na,False,Mitoxy-80_v1.0,NA
LIAS,mitoxy_ferroptosis_cuproptosis,-0.040412761608955,1.6925699530759222e-120,,,-0.0237,0.4869211556914526,2,2.2870408290497534e-118,4.717021709915117e-118,Down,True,Mitoxy-80_v1.0,NA
LIPT1,mitoxy_ferroptosis_cuproptosis,-0.0174099701735832,4.296416887489864e-63,,,0.0101,1.0,2,6.21283705431424e-61,9.535982455459067e-61,mixed,False,Mitoxy-80_v1.0,NA
MTF1,mitoxy_ferroptosis_cuproptosis,0.0834673438425347,6.083818487183017e-132,,,,,1,,,na,False,Mitoxy-80_v1.0,NA
NADK,mitoxy_ferroptosis_cuproptosis,0.2804594833604966,0.0,,,0.0727,0.1376449292935516,2,0.0,0.0,Up,True,Mitoxy-80_v1.0,NA
NCOA4,mitoxy_ferroptosis_cuproptosis,-0.0952281416287331,5.334550019822939e-158,,,-0.0482,0.8965092174045068,2,1.7372022640458316e-155,4.094833908108032e-155,Down,True,Mitoxy-80_v1.0,NA
PDHA1,mitoxy_ferroptosis_cuproptosis,-0.0404535070930963,1.1701412649393597e-78,,,0.0801,0.1474112059855291,2,3.1455464035000073e-77,5.190151565775012e-77,mixed,False,Mitoxy-80_v1.0,NA
PDHB,mitoxy_ferroptosis_cuproptosis,-0.0521115031964768,5.540240387494777e-115,,,-0.0783,0.1657643430900317,2,2.4417959820434924e-113,4.739956906319721e-113,Down,True,Mitoxy-80_v1.0,NA
SLC7A11,mitoxy_ferroptosis_cuproptosis,0.0617146330208204,0.0,,,,,1,,,na,False,Mitoxy-80_v1.0,NA
ACO1,mitoxy_iron_metabolism,-0.1992049702768643,0.0,-0.5371523390919315,5.394943978728038e-33,0.2466,0.0076139766432986,3,0.0,0.0,mixed,False,Mitoxy-80_v1.0,NA
FTH1,mitoxy_iron_metabolism,0.0018139139693174,0.0222372619261309,0.0705966021652884,1.1389669490915228e-07,,,2,5.266591522850567e-08,5.793250675135624e-08,Up,True,Mitoxy-80_v1.0,NA
FTL,mitoxy_iron_metabolism,-0.0092585822795503,0.0001849285119618,0.0816398646656413,3.531766119232513e-08,,,2,1.747396313167759e-10,2.0594313690905732e-10,mixed,False,Mitoxy-80_v1.0,NA
IREB2,mitoxy_iron_metabolism,-0.0459925163947771,1.7041390695839596e-100,-0.1026355718259641,6.202209507698571e-07,,,2,2.58970675410055e-104,4.6194769127199e-104,Down,True,Mitoxy-80_v1.0,NA
SLC11A2,mitoxy_iron_metabolism,0.0460600400002311,5.849172722396748e-37,,,-0.0219,0.556822281138682,2,2.768891140054807e-35,3.8882301115663243e-35,mixed,False,Mitoxy-80_v1.0,NA
SLC25A28,mitoxy_iron_metabolism,0.1031754376257063,8.312337465694393e-275,0.0280745885109765,0.2660584127782129,,,2,1.400844772807516e-272,4.402655000252193e-272,Up,True,Mitoxy-80_v1.0,NA
SLC25A37,mitoxy_iron_metabolism,0.418781775485636,0.0,0.1085724770593818,2.2068070320213646e-13,,,2,0.0,0.0,Up,True,Mitoxy-80_v1.0,NA
SLC40A1,mitoxy_iron_metabolism,-0.0010460568126903,1.8303044942735568e-06,0.15865802772776,1.1116735333557608e-15,,,2,9.897587250402048e-20,1.2562322279356446e-19,mixed,False,Mitoxy-80_v1.0,NA
TFRC,mitoxy_iron_metabolism,-0.4676823835188894,0.0,0.0065089827423432,0.8706622687433466,-0.2685,0.0430887506952394,3,0.0,0.0,mixed,False,Mitoxy-80_v1.0,NA
CYCS,mitoxy_mitochondrial_function,-0.0540336507239195,1.5012814497734505e-42,,,,,1,,,na,False,Mitoxy-80_v1.0,NA
HSP60,mitoxy_mitochondrial_function,0.1180908392876999,1.83333835024402e-64,,,0.1351,0.3001586513073897,2,8.197306506797653e-63,1.2881481653539168e-62,Up,True,Mitoxy-80_v1.0,NA
MT-ATP6,mitoxy_mitochondrial_function,-0.1534002108187087,1.202749547660526e-90,-0.2561299039000748,1.4854989568202662e-25,,,2,4.738586233822205e-113,8.935619755207587e-113,Down,True,Mitoxy-80_v1.0,NA
MT-ATP8,mitoxy_mitochondrial_function,0.6435405732824975,0.0,-0.6361678935199073,2.9420563437497096e-16,,,2,0.0,0.0,mixed,False,Mitoxy-80_v1.0,NA
MT-CO1,mitoxy_mitochondrial_function,-0.2256245774244192,0.0,-0.1293825968240116,6.110824532751364e-19,,,2,0.0,0.0,Down,True,Mitoxy-80_v1.0,NA
MT-CYB,mitoxy_mitochondrial_function,-0.2665944936013638,0.0,-0.2334023418336777,1.141711222042868e-26,,,2,0.0,0.0,Down,True,Mitoxy-80_v1.0,NA
MT-ND1,mitoxy_mitochondrial_function,-0.0917220619482486,1.8957657197154403e-36,-0.1720063608162627,2.464616656191122e-18,,,2,5.784255240881411e-52,8.676382861322118e-52,Down,True,Mitoxy-80_v1.0,NA
MT-ND2,mitoxy_mitochondrial_function,-0.0989491811516063,2.362813657871325e-63,-0.2146665791626421,2.897920467400467e-23,,,2,1.3495817321044452e-83,2.283907546638292e-83,Down,True,Mitoxy-80_v1.0,NA
TOMM20,mitoxy_mitochondrial_function,-0.1811899939300773,0.0,-0.2503817139219655,1.580987017689035e-21,,,2,0.0,0.0,Down,True,Mitoxy-80_v1.0,NA
TOMM40,mitoxy_mitochondrial_function,-0.048033690480735,7.387208985783517e-117,-0.2181405843500095,2.518295919627527e-06,0.0734,0.084199627808779,3,6.30671527386643e-119,1.342720026048982e-118,mixed,False,Mitoxy-80_v1.0,NA
CAT,mitoxy_oxidative_stress,-0.3244346344861674,0.0,0.0138608933314996,0.4767013181382595,,,2,0.0,0.0,mixed,False,Mitoxy-80_v1.0,NA
GCLC,mitoxy_oxidative_stress,0.0235494570013224,1.9826689774411053e-09,,,-0.2419,0.0421719640408112,2,2.0238388307844942e-09,2.302989014340976e-09,mixed,False,Mitoxy-80_v1.0,NA
GCLM,mitoxy_oxidative_stress,0.0984815721678787,4.6769144155492957e-225,,,-0.1702,0.1980011217372171,2,4.807585690929893e-223,1.2692026224054918e-222,mixed,False,Mitoxy-80_v1.0,NA
GPX4,mitoxy_oxidative_stress,0.0083753989151098,8.818783775100206e-09,-0.0366310818204218,0.1791447171260325,0.2337,0.0194487364747741,3,9.776020529184792e-09,1.0935887371630446e-08,mixed,False,Mitoxy-80_v1.0,NA
GSR,mitoxy_oxidative_stress,0.0730825643368805,7.3415295100044435e-93,0.0608622966346508,1.839615195235117e-05,-0.2285,0.0042752362085348,3,1.5206762992418366e-95,2.641174624998979e-95,mixed,False,Mitoxy-80_v1.0,NA
HMOX1,mitoxy_oxidative_stress,0.3706351505431263,0.0,,,,,1,,,na,False,Mitoxy-80_v1.0,NA
NQO1,mitoxy_oxidative_stress,0.0201529720591877,3.789436269444716e-27,,,0.0055,0.989264183836877,2,2.318543137386473e-25,3.0604769413501442e-25,Up,True,Mitoxy-80_v1.0,NA
PRDX3,mitoxy_oxidative_stress,0.0085467182506672,0.1180106735202919,0.0380263776407079,0.0139418189327036,-0.2761,0.0008605639142966,3,0.00014889038567827704,0.00015598040404390929,mixed,False,Mitoxy-80_v1.0,NA
SOD2,mitoxy_oxidative_stress,0.8436357407199843,0.0,,,-0.1094,0.3259667499602661,2,0.0,0.0,mixed,False,Mitoxy-80_v1.0,NA
TXN,mitoxy_oxidative_stress,0.4480383004937385,0.0,0.4687761825901053,2.2484715095836667e-26,-0.6522,1.243624935333705e-06,3,0.0,0.0,mixed,False,Mitoxy-80_v1.0,NA
TXNRD2,mitoxy_oxidative_stress,-0.0615322113657456,6.854720063536704e-232,-0.0990252133585098,0.0032344270894937,0.0443,0.8330379952989982,3,2.6847835895497684e-229,7.383154871261864e-229,mixed,False,Mitoxy-80_v1.0,NA
ATF4,mitoxy_transcription_factors,0.0256809744726261,0.7657665538478776,,,0.1145,0.0094052616578351,2,0.04273348008801361,0.04339091824321382,Up,True,Mitoxy-80_v1.0,NA
CEBPB,mitoxy_transcription_factors,0.2263446830266653,4.6977358534800275e-260,,,-0.1643,0.0566200954730532,2,1.598567894856372e-258,4.795703684569116e-258,mixed,False,Mitoxy-80_v1.0,NA
DDIT3,mitoxy_transcription_factors,0.1902171767244507,5.307272562457972e-279,,,0.0946,0.2837311514333954,2,9.68272096900829e-277,3.1952979197727357e-276,Up,True,Mitoxy-80_v1.0,NA
FOXO3,mitoxy_transcription_factors,-0.0170905047412079,6.185126856770806e-40,,,-0.0313,0.8965092174045068,2,5.067624623502629e-38,7.270939677199424e-38,Down,True,Mitoxy-80_v1.0,NA
HIF1A,mitoxy_transcription_factors,0.5403519439486066,0.0,,,0.0689,0.3817784412349154,2,0.0,0.0,Up,True,Mitoxy-80_v1.0,NA
NFE2L2,mitoxy_transcription_factors,0.2469058669406139,0.0,,,-0.0437,0.7982138723423173,2,0.0,0.0,mixed,False,Mitoxy-80_v1.0,NA
NFKB1,mitoxy_transcription_factors,0.2001358844311846,0.0,,,-0.1003,0.1550770874905618,2,0.0,0.0,mixed,False,Mitoxy-80_v1.0,NA
NFKB2,mitoxy_transcription_factors,0.1584842587597845,0.0,,,-0.0513,0.4484464332270729,2,0.0,0.0,mixed,False,Mitoxy-80_v1.0,NA
NRF1,mitoxy_transcription_factors,-0.0017279620082617,1.1553015281133712e-05,,,-0.0124,0.7569546037675563,2,0.00011059952288577182,0.00011773497597517644,Down,True,Mitoxy-80_v1.0,NA
PPARG,mitoxy_transcription_factors,-0.2518855282266052,0.0,,,-0.2391,0.1550770874905618,2,0.0,0.0,Down,True,Mitoxy-80_v1.0,NA
RELA,mitoxy_transcription_factors,0.1095788438201453,1.103758100158905e-114,,,0.4813,9.100244454137955e-11,2,2.8779020957065774e-122,6.331384610554471e-122,Up,True,Mitoxy-80_v1.0,NA
