pathway,gene,n_mapped_snps,top_snp_pval,bonferroni_pval,simes_pval,neg_log10_top_p,evidence_level,primary_cell_type,gene_set_version,score_version
Iron Metabolism,SLC40A1,640,0.00835103,1.0,0.9097078857142856,2.078,Weak,Macrophage,Mitoxy-80_v1.0,NA
Iron Metabolism,FTL,17,0.0265699,0.4516883,0.26164275,1.576,Minimal,Macrophage,Mitoxy-80_v1.0,NA
Iron Metabolism,FTH1,643,0.000660085,0.424434655,0.424434655,3.18,Suggestive,Macrophage,Mitoxy-80_v1.0,NA
Iron Metabolism,TFRC,1537,5.56622e-05,0.0855528013999999,0.0346683158333333,4.254,Suggestive,Macrophage,Mitoxy-80_v1.0,NA
Iron Metabolism,SLC11A2,405,0.00668606,1.0,0.245772,2.175,Weak,Macrophage,Mitoxy-80_v1.0,NA
Iron Metabolism,SLC25A37,1303,0.0013096,1.0,0.16599405625,2.883,Weak,Macrophage,Mitoxy-80_v1.0,NA
Iron Metabolism,SLC25A28,516,0.00854417,1.0,0.9515462950819672,2.068,Weak,Macrophage,Mitoxy-80_v1.0,NA
Iron Metabolism,IREB2,715,0.00604116,1.0,0.2495942854166666,2.219,Weak,Macrophage,Mitoxy-80_v1.0,NA
Iron Metabolism,ACO1,17342,0.000151866,1.0,0.4540004221212121,3.819,Suggestive,Macrophage,Mitoxy-80_v1.0,NA
Oxidative Damage,GPX4,79,0.0268522,1.0,0.7888509090909092,1.571,Minimal,Macrophage,Mitoxy-80_v1.0,NA
Oxidative Damage,SOD2,2280,0.00119746,1.0,0.6801138666666667,2.922,Weak,Macrophage,Mitoxy-80_v1.0,NA
Oxidative Damage,CAT,695,0.00333703,1.0,0.9657740441176472,2.477,Weak,Macrophage,Mitoxy-80_v1.0,NA
Oxidative Damage,PRDX3,213,1.75073e-05,0.0037290549,0.0012430183,4.757,Strong,Macrophage,Mitoxy-80_v1.0,NA
Oxidative Damage,TXN,417,0.00133931,0.55849227,0.3800451125,2.873,Weak,Macrophage,Mitoxy-80_v1.0,NA
Oxidative Damage,TXNRD2,730,0.00174417,1.0,0.4396352,2.758,Weak,Macrophage,Mitoxy-80_v1.0,NA
Oxidative Damage,GSR,506,0.000377016,0.190770096,0.190770096,3.424,Suggestive,Macrophage,Mitoxy-80_v1.0,NA
MAM Integrity,CALR,45,0.0106635,0.4798575,0.4798575,1.972,Minimal,Macrophage,Mitoxy-80_v1.0,NA
MAM Integrity,CANX,360,0.00862621,1.0,0.9433176923076924,2.064,Weak,Macrophage,Mitoxy-80_v1.0,NA
MAM Integrity,VDAC1,661,0.00549313,1.0,0.8865284785714286,2.26,Weak,Macrophage,Mitoxy-80_v1.0,NA
MAM Integrity,VDAC2,236,0.0217325,1.0,0.9375856116504856,1.663,Minimal,Macrophage,Mitoxy-80_v1.0,NA
MAM Integrity,VDAC3,156,0.0119371,1.0,0.2126288666666666,1.923,Minimal,Macrophage,Mitoxy-80_v1.0,NA
MAM Integrity,HSPA9,287,0.00309578,0.8884888599999999,0.4270690454545454,2.509,Weak,Macrophage,Mitoxy-80_v1.0,NA
MAM Integrity,ITPR1,3550,0.000137566,0.4883592999999999,0.4883592999999999,3.861,Suggestive,Macrophage,Mitoxy-80_v1.0,NA
MAM Integrity,SIGMAR1,34,0.0234525,0.797385,0.7299403333333334,1.63,Minimal,Macrophage,Mitoxy-80_v1.0,NA
MAM Integrity,PACS2,580,0.00177035,1.0,0.6499505217391305,2.752,Weak,Macrophage,Mitoxy-80_v1.0,NA
Respiratory Chain,MT-CO1,0,,,,0.0,Not mapped,,Mitoxy-80_v1.0,NA
Respiratory Chain,MT-CYB,0,,,,0.0,Not mapped,,Mitoxy-80_v1.0,NA
Respiratory Chain,MT-ND1,0,,,,0.0,Not mapped,,Mitoxy-80_v1.0,NA
Respiratory Chain,MT-ND2,0,,,,0.0,Not mapped,,Mitoxy-80_v1.0,NA
Respiratory Chain,MT-ATP6,0,,,,0.0,Not mapped,,Mitoxy-80_v1.0,NA
Respiratory Chain,MT-ATP8,0,,,,0.0,Not mapped,,Mitoxy-80_v1.0,NA
Respiratory Chain,TOMM20,1532,0.00118337,1.0,0.7860426846153847,2.927,Weak,Macrophage,Mitoxy-80_v1.0,NA
Respiratory Chain,TOMM40,132,0.0167036,1.0,0.7959562641509434,1.777,Minimal,Macrophage,Mitoxy-80_v1.0,NA
Respiratory Chain,TOMM70A,0,,,,0.0,Not mapped,,Mitoxy-80_v1.0,NA
Cell Death Markers,HSPD1,178,0.0104054,1.0,0.9219924596273292,1.983,Minimal,Macrophage,Mitoxy-80_v1.0,NA
Cell Death Markers,CYCS,601,0.00955388,1.0,0.7875415327868852,2.02,Weak,Macrophage,Mitoxy-80_v1.0,NA
Cell Death Markers,APAF1,522,0.00747859,1.0,0.8877854769230769,2.126,Weak,Macrophage,Mitoxy-80_v1.0,NA
