gene,arm,blood_tx_log2FC,blood_tx_padj,balf_d,balf_padj,px_log2FC,px_padj,px_src,dir_blood,dir_balf,dir_protein,gene_set_version,score_version
CALR,upstream_collapse,-0.623746,7.10876e-10,0.0632777575285076,6.8155706549061435e-43,0.927890543030878,0.0148656011698656,mmc4,-1.0,1.0,1.0,Mitoxy-80_v1.0,m4px_v1.0
CANX,upstream_collapse,-0.852254,1.35095e-15,0.1271855327739509,4.889798289649908e-74,0.386536873741273,0.0175998197026011,mmc4,-1.0,1.0,1.0,Mitoxy-80_v1.0,m4px_v1.0
HSPA9,upstream_collapse,-1.28177,5.7932699999999995e-25,0.0256188132388946,2.8361201056855663e-16,0.915621333076877,1.73599562693149e-06,mmc4,-1.0,1.0,1.0,Mitoxy-80_v1.0,m4px_v1.0
IP3R1,upstream_collapse,-1.08249,1.05322e-16,-0.0183497097476428,2.966350120020262e-72,,,mmc3_ratio,-1.0,-1.0,,Mitoxy-80_v1.0,m4px_v1.0
PACS2,upstream_collapse,-0.682511,5.9065e-09,0.0114796129270767,0.0159274622315576,,,mmc3_ratio,-1.0,1.0,,Mitoxy-80_v1.0,m4px_v1.0
SIGMAR1,upstream_collapse,-0.83672,2.12179e-15,-0.034365573150217,1.0137409748752812e-144,,,mmc3_ratio,-1.0,-1.0,,Mitoxy-80_v1.0,m4px_v1.0
VDAC1,upstream_collapse,-0.99472,1.1198800000000001e-23,0.2240590294323429,0.0,0.870000828371601,1.23111748879639e-05,mmc4,-1.0,1.0,1.0,Mitoxy-80_v1.0,m4px_v1.0
VDAC2,upstream_collapse,-0.512447,2.42808e-14,0.0002484245834649,6.70819896093109e-18,0.646599017516143,0.0001307137154391,mmc4,-1.0,1.0,1.0,Mitoxy-80_v1.0,m4px_v1.0
VDAC3,upstream_collapse,-0.411864,1.55642e-09,-0.0709847275448805,1.651722448174829e-239,0.620411547281263,0.0001015746865244,mmc4,-1.0,-1.0,1.0,Mitoxy-80_v1.0,m4px_v1.0
ATG5,not_in_dissociation_arms,-0.165973,0.0806904,0.0205847185961721,1.3171254889083364e-09,,,mmc3_ratio,-1.0,1.0,,Mitoxy-80_v1.0,m4px_v1.0
ATG7,not_in_dissociation_arms,0.218886,1.16442e-05,-0.0214839003640817,1.8232363630268424e-94,,,mmc3_ratio,1.0,-1.0,,Mitoxy-80_v1.0,m4px_v1.0
BECN1,not_in_dissociation_arms,-0.22506,2.46708e-13,0.0372761644303221,0.0003121208320882,,,mmc3_ratio,-1.0,1.0,,Mitoxy-80_v1.0,m4px_v1.0
MAP1LC3A,not_in_dissociation_arms,0.282277,0.0767812,0.0638139316974388,1.3109075855758878e-74,,,mmc3_ratio,1.0,1.0,,Mitoxy-80_v1.0,m4px_v1.0
MAP1LC3B,not_in_dissociation_arms,0.434027,1.72268e-13,0.3552198231169734,0.0,0.621827229207004,0.0307745774157261,mmc4,1.0,1.0,1.0,Mitoxy-80_v1.0,m4px_v1.0
SQSTM1,not_in_dissociation_arms,-0.0135851,0.887787,0.6561852457990828,0.0,0.811153604055625,0.0026823263662029,mmc4,-1.0,1.0,1.0,Mitoxy-80_v1.0,m4px_v1.0
APAF1,execution_induction,0.257743,0.00991456,-0.0200582064345219,5.4263818957910605e-123,,,mmc3_ratio,1.0,-1.0,,Mitoxy-80_v1.0,m4px_v1.0
CASP1,execution_induction,0.4714,2.73719e-07,0.2697328958605519,0.0,,,mmc3_ratio,1.0,1.0,,Mitoxy-80_v1.0,m4px_v1.0
CASP4,execution_induction,0.53149,4.43232e-10,0.2958293361880963,0.0,,,mmc3_ratio,1.0,1.0,,Mitoxy-80_v1.0,m4px_v1.0
CASP5,execution_induction,1.62385,1.31401e-18,0.0480678811497214,1.981985211285925e-50,,,mmc3_ratio,1.0,1.0,,Mitoxy-80_v1.0,m4px_v1.0
GSDMA,execution_induction,-0.40033,0.00231437,-0.0062119160243636,4.856064389369619e-51,,,mmc3_ratio,-1.0,-1.0,,Mitoxy-80_v1.0,m4px_v1.0
GSDMB,execution_induction,-1.44247,5.54345e-21,-0.002770210465498,1.2522082925268221e-18,,,mmc3_ratio,-1.0,-1.0,,Mitoxy-80_v1.0,m4px_v1.0
GSDMC,execution_induction,0.191876,0.00422948,0.0071512424044909,5.1656911101952885e-54,,,mmc3_ratio,1.0,1.0,,Mitoxy-80_v1.0,m4px_v1.0
GSDMD,execution_induction,0.690033,6.09585e-05,0.1568637776514163,1.2133838643570838e-126,,,mmc3_ratio,1.0,1.0,,Mitoxy-80_v1.0,m4px_v1.0
GSDME,execution_induction,-0.324871,0.000340091,0.0481005291707738,1.6251624802056688e-280,0.396015551681645,0.0426533499206677,mmc4,-1.0,1.0,1.0,Mitoxy-80_v1.0,m4px_v1.0
IL18,execution_induction,0.415571,4.93468e-06,-0.0247878186557731,3.200341644627945e-57,,,mmc3_ratio,1.0,-1.0,,Mitoxy-80_v1.0,m4px_v1.0
IL1B,execution_induction,0.540318,4.3453e-05,0.052923576078484,5.039269578526973e-08,,,mmc3_ratio,1.0,1.0,,Mitoxy-80_v1.0,m4px_v1.0
NLRP3,execution_induction,0.427609,1.31975e-05,0.0643912974253589,3.441333265901199e-30,,,mmc3_ratio,1.0,1.0,,Mitoxy-80_v1.0,m4px_v1.0
PYCARD,execution_induction,0.857564,3.65791e-08,-0.142197614456588,7.579962747494934e-167,,,mmc3_ratio,1.0,-1.0,,Mitoxy-80_v1.0,m4px_v1.0
DLAT,upstream_collapse,-1.18324,2.8707e-19,0.0085437065040048,0.3531398628020336,,,mmc3_ratio,-1.0,1.0,,Mitoxy-80_v1.0,m4px_v1.0
DLD,upstream_collapse,-0.038372,0.639916,-0.0586371770978172,1.5461217387111587e-191,0.401161092257385,0.0003638563633053,mmc4,-1.0,-1.0,1.0,Mitoxy-80_v1.0,m4px_v1.0
FDX1,upstream_collapse,-0.917323,3.3029e-16,0.0981217867608159,1.0045763669138963e-38,1.02832074915297,0.0136632228894193,mmc4,-1.0,1.0,1.0,Mitoxy-80_v1.0,m4px_v1.0
LIAS,upstream_collapse,-1.15024,1.62565e-32,-0.077412408369307,0.0,,,mmc3_ratio,-1.0,-1.0,,Mitoxy-80_v1.0,m4px_v1.0
LIPT1,upstream_collapse,-1.10867,7.354170000000001e-18,-0.0206394355805354,6.989106393126717e-111,,,mmc3_ratio,-1.0,-1.0,,Mitoxy-80_v1.0,m4px_v1.0
MTF1,upstream_collapse,1.01725,4.38907e-25,0.1151410392433221,1.1393395215078165e-155,,,mmc3_ratio,1.0,1.0,,Mitoxy-80_v1.0,m4px_v1.0
NADK,upstream_collapse,0.663308,3.00992e-10,0.4114788453819831,0.0,,,mmc3_ratio,1.0,1.0,,Mitoxy-80_v1.0,m4px_v1.0
NCOA4,upstream_collapse,-0.523195,5.21739e-05,-0.0842842991283081,9.44270760500054e-187,,,mmc3_ratio,-1.0,-1.0,,Mitoxy-80_v1.0,m4px_v1.0
PDHA1,upstream_collapse,-0.77704,6.3800399999999995e-21,-0.0204024679715241,1.4875684640535982e-68,0.357418836366434,0.0113450838479774,mmc4,-1.0,-1.0,1.0,Mitoxy-80_v1.0,m4px_v1.0
PDHB,upstream_collapse,-0.792943,3.34698e-19,-0.0710883512620718,0.0,0.332463863695215,0.0259946859183503,mmc4,-1.0,-1.0,1.0,Mitoxy-80_v1.0,m4px_v1.0
SLC7A11,upstream_collapse,0.639925,1.27667e-06,0.0824467923127788,0.0,,,mmc3_ratio,1.0,1.0,,Mitoxy-80_v1.0,m4px_v1.0
ACO1,execution_induction,-1.24601,7.109179999999999e-31,-0.1462913578520026,0.0,0.1175918210424873,,mmc3_ratio,-1.0,-1.0,1.0,Mitoxy-80_v1.0,m4px_v1.0
FTH1,execution_induction,0.562606,2.46052e-07,-0.0414750851887517,0.0034362431533553,0.4824292912198568,,mmc3_ratio,1.0,-1.0,1.0,Mitoxy-80_v1.0,m4px_v1.0
FTL,execution_induction,0.638493,8.01198e-08,-0.1545938758036671,1.0313429702451571e-62,0.3505159665336017,,mmc3_ratio,1.0,-1.0,1.0,Mitoxy-80_v1.0,m4px_v1.0
IREB2,execution_induction,-0.450333,1.21549e-06,-0.0536032731120554,8.192506341195288e-208,,,mmc3_ratio,-1.0,-1.0,,Mitoxy-80_v1.0,m4px_v1.0
SLC11A2,execution_induction,-0.776479,5.99341e-12,0.0905567527542893,1.7045043535222463e-117,,,mmc3_ratio,-1.0,1.0,,Mitoxy-80_v1.0,m4px_v1.0
SLC25A28,execution_induction,0.0982366,0.301167,0.1615824389256203,0.0,0.2844204866996592,,mmc3_ratio,1.0,1.0,1.0,Mitoxy-80_v1.0,m4px_v1.0
SLC25A37,execution_induction,0.845241,7.88747e-13,0.5013187775418674,0.0,,,mmc3_ratio,1.0,1.0,,Mitoxy-80_v1.0,m4px_v1.0
SLC40A1,execution_induction,0.826439,4.92792e-15,-0.0283918895523984,9.705868221346345e-172,0.4280425503123153,,mmc3_ratio,1.0,-1.0,1.0,Mitoxy-80_v1.0,m4px_v1.0
TFRC,execution_induction,0.0232701,0.886192,-0.3226587558357562,0.0,0.822277922071246,0.0014357258760726,mmc4,1.0,-1.0,1.0,Mitoxy-80_v1.0,m4px_v1.0
CYCS,upstream_collapse,-0.733398,5.86477e-09,-0.0385159150653263,4.880285113240111e-42,0.91775010535792,4.31117526717544e-06,mmc4,-1.0,-1.0,1.0,Mitoxy-80_v1.0,m4px_v1.0
HSP60,upstream_collapse,-0.89319,3.70562e-13,0.2426318401598999,8.505621940512186e-268,,,mmc3_ratio,-1.0,1.0,,Mitoxy-80_v1.0,m4px_v1.0
MT-ATP6,upstream_collapse,-1.8811,2.40368e-24,-0.4789503887238107,0.0,0.634501895522331,0.0170154703532263,mmc4,-1.0,-1.0,1.0,Mitoxy-80_v1.0,m4px_v1.0
MT-ATP8,upstream_collapse,-2.73893,1.3649e-15,0.6387871379890766,0.0,0.87343516128161,0.0155559877832486,mmc4,-1.0,1.0,1.0,Mitoxy-80_v1.0,m4px_v1.0
MT-CO1,upstream_collapse,-1.10487,3.75607e-18,-0.7900108446666607,0.0,,,mmc3_ratio,-1.0,-1.0,,Mitoxy-80_v1.0,m4px_v1.0
MT-CYB,upstream_collapse,-1.73942,2.30818e-25,-0.6955874807199063,0.0,,,mmc3_ratio,-1.0,-1.0,,Mitoxy-80_v1.0,m4px_v1.0
MT-ND1,upstream_collapse,-1.33391,1.41802e-17,-0.2706972860482906,0.0,,,mmc3_ratio,-1.0,-1.0,,Mitoxy-80_v1.0,m4px_v1.0
MT-ND2,upstream_collapse,-1.57827,3.12642e-22,-0.1489133045189157,8.939204200395053e-89,,,mmc3_ratio,-1.0,-1.0,,Mitoxy-80_v1.0,m4px_v1.0
TOMM20,upstream_collapse,-0.993076,1.3227399999999995e-20,-0.2497660275101194,0.0,0.1395483246888198,,mmc3_ratio,-1.0,-1.0,1.0,Mitoxy-80_v1.0,m4px_v1.0
TOMM40,upstream_collapse,-0.569208,4.69499e-06,-0.0367201821163576,6.494707011484618e-130,0.710870616820688,9.09690880165738e-06,mmc4,-1.0,-1.0,1.0,Mitoxy-80_v1.0,m4px_v1.0
CAT,execution_induction,0.0768995,0.51397,-0.301571492383799,0.0,-0.759517623281023,0.0155793180096047,mmc4,1.0,-1.0,-1.0,Mitoxy-80_v1.0,m4px_v1.0
GCLC,execution_induction,-0.709671,9.82012e-07,0.0436844158226423,6.790745866508937e-28,-0.767283535079571,0.0089525312648905,mmc4,-1.0,1.0,-1.0,Mitoxy-80_v1.0,m4px_v1.0
GCLM,execution_induction,0.441485,7.22256e-05,0.1439931889098438,0.0,-0.0109605162405585,,mmc3_ratio,1.0,1.0,-1.0,Mitoxy-80_v1.0,m4px_v1.0
GPX4,execution_induction,-0.156419,0.205938,0.3907033825564596,0.0,0.0231751165796229,,mmc3_ratio,-1.0,1.0,1.0,Mitoxy-80_v1.0,m4px_v1.0
GSR,execution_induction,0.278161,3.27754e-05,0.0836870412003389,3.7392603781685587e-54,-0.0240602487041429,,mmc3_ratio,1.0,1.0,-1.0,Mitoxy-80_v1.0,m4px_v1.0
HMOX1,execution_induction,0.523468,7.11545e-05,0.6823566953290072,0.0,0.2668568312693914,,mmc3_ratio,1.0,1.0,1.0,Mitoxy-80_v1.0,m4px_v1.0
NQO1,execution_induction,-0.554369,1.61279e-09,0.0450589415084536,3.317217802980578e-117,-0.576240312255771,,mmc3_ratio,-1.0,1.0,-1.0,Mitoxy-80_v1.0,m4px_v1.0
PRDX3,execution_induction,0.159562,0.018725,0.1243924700694077,2.301538718958304e-78,1.05511587119965,0.0075159749710107,mmc4,1.0,1.0,1.0,Mitoxy-80_v1.0,m4px_v1.0
SOD2,execution_induction,0.0802526,0.488787,1.0854498535335102,0.0,1.26143103767753,5.94265290050231e-06,mmc4,1.0,1.0,1.0,Mitoxy-80_v1.0,m4px_v1.0
TXN,execution_induction,1.78187,4.33303e-25,0.9788952973577816,0.0,-0.1520692037581568,,mmc3_ratio,1.0,1.0,-1.0,Mitoxy-80_v1.0,m4px_v1.0
TXNRD2,execution_induction,-0.279653,0.00452746,-0.0633030990524513,0.0,0.730333677827883,0.0031915004951393,mmc4,-1.0,-1.0,1.0,Mitoxy-80_v1.0,m4px_v1.0
ATF4,not_in_dissociation_arms,0.250632,0.00132194,0.0509463095301663,0.0194489880826748,,,mmc3_ratio,1.0,1.0,,Mitoxy-80_v1.0,m4px_v1.0
CEBPB,not_in_dissociation_arms,1.48096,2.02475e-29,0.663852284013074,0.0,1.1107292061698,1.69924595974616e-05,mmc4,1.0,1.0,1.0,Mitoxy-80_v1.0,m4px_v1.0
DDIT3,not_in_dissociation_arms,0.677284,5.22193e-10,0.2843139618295212,0.0,,,mmc3_ratio,1.0,1.0,,Mitoxy-80_v1.0,m4px_v1.0
FOXO3,not_in_dissociation_arms,0.365893,0.000657561,-0.0354727751841212,1.3887489479683212e-166,,,mmc3_ratio,1.0,-1.0,,Mitoxy-80_v1.0,m4px_v1.0
HIF1A,not_in_dissociation_arms,0.264334,0.022232,0.6214926332619181,0.0,,,mmc3_ratio,1.0,1.0,,Mitoxy-80_v1.0,m4px_v1.0
NFE2L2,not_in_dissociation_arms,0.192783,0.00051154,0.4662326377864166,0.0,,,mmc3_ratio,1.0,1.0,,Mitoxy-80_v1.0,m4px_v1.0
NFKB1,not_in_dissociation_arms,-0.0140257,0.792881,0.2362681424136312,0.0,,,mmc3_ratio,-1.0,1.0,,Mitoxy-80_v1.0,m4px_v1.0
NFKB2,not_in_dissociation_arms,0.214627,0.0361306,0.1347698480101457,3.2235119828494983e-84,0.333380716905663,0.0275947038440066,mmc4,1.0,1.0,1.0,Mitoxy-80_v1.0,m4px_v1.0
NRF1,not_in_dissociation_arms,-0.493749,7.417659999999999e-20,-0.0104207651335727,8.546994477651208e-50,,,mmc3_ratio,-1.0,-1.0,,Mitoxy-80_v1.0,m4px_v1.0
PPARG,not_in_dissociation_arms,1.68037,1.12034e-25,-0.099092658219534,5.582285467962251e-147,,,mmc3_ratio,1.0,-1.0,,Mitoxy-80_v1.0,m4px_v1.0
RELA,not_in_dissociation_arms,-0.152426,0.0329362,0.1390401524612977,1.047226321753513e-93,,,mmc3_ratio,-1.0,1.0,,Mitoxy-80_v1.0,m4px_v1.0
